ano,cod_inep,geometry,ideb,nome_abrev,nome_escola,lon,lat,pessimo_pra_bom_bin,ruim_pra_bom_bin,melhora_com_final_bom_bin,inicial_baixo_bin,inicial_baixissimo_bin,nivel_atencao,NOME_ESCOLA,INSE_VALOR_ABSOLUTO,INSE_CLASSIFICACAO,tipo_escola,tipo_especifico
2017-01-01 12:00:00,33140111,POINT (-43.63601828509798 -22.98632664816865),5.4,EM EMMA D'AVILA DE CAMILLIS,1026018 ESCOLA MUNICIPAL EMMA DAVILA DE CAMILLIS,-43.63601828509798,-22.98632664816865,0,0,0,0,1,4.0,1026018 ESCOLA MUNICIPAL EMMA DAVILA DE CAMILLIS,49.27,Grupo 3,Escola de risco,escola_risco
2017-01-01 12:00:00,33146110,POINT (-43.67086681968652 -22.91489876623434),5.3,EM ÁLVARO VALLE,1019064 ESCOLA MUNICIPAL ALVARO VALLE,-43.67086681968653,-22.91489876623434,0,0,0,0,1,4.0,1019064 ESCOLA MUNICIPAL ALVARO VALLE,53.0,Grupo 4,Escola de risco,escola_risco
2017-01-01 12:00:00,33087202,POINT (-43.3801289358558 -22.84028898959641),4.7,EM MAURICE MAETERLINCK,0622020 ESCOLA MUNICIPAL MAURICE MAETERLINCK,-43.3801289358558,-22.84028898959641,0,0,0,0,1,4.0,0622020 ESCOLA MUNICIPAL MAURICE MAETERLINCK,51.34,Grupo 3,Escola de risco,escola_risco
2017-01-01 12:00:00,33086508,POINT (-43.36555808754417 -22.8450287793341),5.4,CIEP JOÃO DO RIO,0622204 CIEP JOAO DO RIO,-43.36555808754417,-22.8450287793341,0,0,0,1,0,4.0,0622204 CIEP JOAO DO RIO,46.46,Grupo 3,Escola de risco,escola_risco
2017-01-01 12:00:00,33139792,POINT (-43.36467656250531 -22.81569467324756),5.1,EM PREF. MARCOS TAMOYO,0625035 ESCOLA MUNICIPAL PREFEITO MARCOS TAMOYO,-43.36467656250531,-22.81569467324757,0,0,0,0,1,4.0,0625035 ESCOLA MUNICIPAL PREFEITO MARCOS TAMOYO,51.19,Grupo 3,Escola de risco,escola_risco
2017-01-01 12:00:00,33069450,POINT (-43.23878363951405 -22.87621867484632),5.2,EM TEOTONIO VILELA,0430002 ESCOLA MUNICIPAL TEOTONIO VILELA,-43.23878363951405,-22.87621867484632,0,0,0,0,1,4.0,0430002 ESCOLA MUNICIPAL TEOTONIO VILELA,47.15,Grupo 3,Escola de risco,escola_risco
2017-01-01 12:00:00,33068801,POINT (-43.24122781235947 -22.85778734782804),4.3,CIEP PRES. SAMORA MACHEL,0430501 CIEP PRESIDENTE SAMORA MACHEL,-43.24122781235947,-22.85778734782804,0,0,0,0,1,4.0,,,,Escola de risco,escola_risco
2017-01-01 12:00:00,33068739,POINT (-43.24045191492876 -22.85782912007003),5.1,CIEP ELIS REGINA,0430502 CIEP ELIS REGINA,-43.24045191492876,-22.857829120070022,0,0,0,0,1,4.0,0430502 CIEP ELIS REGINA,47.32,Grupo 3,Escola de risco,escola_risco
2017-01-01 12:00:00,33068747,POINT (-43.24075348400836 -22.85297940545044),4.8,CIEP HÉLIO SMIDT,0430206 CIEP HELIO SMIDT,-43.24075348400836,-22.852979405450444,0,0,0,0,1,4.0,0430206 CIEP HELIO SMIDT,46.46,Grupo 3,Escola de risco,escola_risco
2017-01-01 12:00:00,33069808,POINT (-43.27952081084341 -22.84221291494466),5.4,CIEP GREGÓRIO BEZERRA,0411202 CIEP GREGORIO BEZERRA,-43.27952081084341,-22.842212914944664,0,0,0,0,1,4.0,0411202 CIEP GREGORIO BEZERRA,49.62,Grupo 3,Escola de risco,escola_risco
2017-01-01 12:00:00,33068771,POINT (-43.23791491306791 -22.86913547126718),5.1,CIEP MIN. GUSTAVO CAPANEMA,0430201 CIEP MINISTRO GUSTAVO CAPANEMA,-43.237914913067904,-22.86913547126718,0,0,0,0,1,4.0,0430201 CIEP MINISTRO GUSTAVO CAPANEMA,46.24,Grupo 3,Escola de risco,escola_risco
2017-01-01 12:00:00,33069301,POINT (-43.273619419855 -22.84853065915232),5.3,EM LUIZ CESAR SAYÃO GARCEZ,0410023 ESCOLA MUNICIPAL LUIZ CESAR SAYAO GARCEZ,-43.273619419855,-22.84853065915232,0,0,0,0,1,4.0,0410023 ESCOLA MUNICIPAL LUIZ CESAR SAYAO GARCEZ,52.72,Grupo 4,Escola de risco,escola_risco
2017-01-01 12:00:00,33083169,POINT (-43.59777989186821 -22.94430712601714),5.3,EM PE. JOSÉ MAURÍCIO,1026009 ESCOLA MUNICIPAL PADRE JOSE MAURICIO,-43.59777989186821,-22.944307126017147,0,0,0,0,1,4.0,1026009 ESCOLA MUNICIPAL PADRE JOSE MAURICIO,50.67,Grupo 3,Escola de risco,escola_risco
2017-01-01 12:00:00,33086087,POINT (-43.18241574932337 -22.79111894405988),5.3,EM JORN. ORLANDO DANTAS,1120004 ESCOLA MUNICIPAL JORNALISTA ORLANDO DANTAS,-43.18241574932337,-22.79111894405988,0,0,0,0,0,4.0,,,,Escola de risco,escola_risco
2017-01-01 12:00:00,33086176,POINT (-43.17316941246396 -22.79440113019427),5.4,EM ROTARY,1120007 ESCOLA MUNICIPAL ROTARY,-43.17316941246396,-22.794401130194267,0,0,0,0,1,4.0,1120007 ESCOLA MUNICIPAL ROTARY,51.0,Grupo 3,Escola de risco,escola_risco
2017-01-01 12:00:00,33086060,POINT (-43.20715520511497 -22.79935218581481),4.7,EM GURGEL DO AMARAL,1120021 ESCOLA MUNICIPAL GURGEL DO AMARAL,-43.207155205114965,-22.79935218581481,0,0,0,0,1,4.0,1120021 ESCOLA MUNICIPAL GURGEL DO AMARAL,50.11,Grupo 3,Escola de risco,escola_risco
2017-01-01 12:00:00,33085420,POINT (-43.18421209069387 -22.78810480568186),4.9,CIEP JOÃO MANGABEIRA,1120502 CIEP JOAO MANGABEIRA,-43.184212090693855,-22.788104805681854,0,0,0,0,1,4.0,1120502 CIEP JOAO MANGABEIRA,48.42,Grupo 3,Escola de risco,escola_risco
2017-01-01 12:00:00,33085412,POINT (-43.20345206587646 -22.79612198575969),4.9,CIEP DR. JOÃO RAMOS DE SOUZA,1120503 CIEP DOUTOR JOAO RAMOS DE SOUZA,-43.20345206587646,-22.796121985759694,0,0,0,1,0,4.0,,,,Escola de risco,escola_risco
2017-01-01 12:00:00,33068372,POINT (-43.2520839707194 -22.92113274719246),4.2,EM PRES. JOÃO GOULART,0209021 ESCOLA MUNICIPAL PRESIDENTE JOAO GOULART,-43.252083970719404,-22.921132747192456,0,0,0,0,1,4.0,0209021 ESCOLA MUNICIPAL PRESIDENTE JOAO GOULART,47.96,Grupo 3,Escola de risco,escola_risco
2017-01-01 12:00:00,33088489,POINT (-43.27655023789541 -22.87235278260981),5.3,CIEP CORONEL SARMENTO,0312503 CIEP CORONEL SARMENTO,-43.2765502378954,-22.87235278260981,0,0,0,0,1,4.0,0312503 CIEP CORONEL SARMENTO,48.84,Grupo 3,Escola de risco,escola_risco
2017-01-01 12:00:00,33072850,POINT (-43.30803142136056 -22.88414039055845),5.3,EM JOÃO KOPKE,0313044 ESCOLA MUNICIPAL JOAO KOPKE,-43.30803142136056,-22.884140390558446,0,0,0,0,1,4.0,0313044 ESCOLA MUNICIPAL JOAO KOPKE,53.24,Grupo 4,Escola de risco,escola_risco
2017-01-01 12:00:00,33071357,POINT (-43.25410439147279 -22.88531776875816),4.8,CIEP VINICIUS DE MORAES,0328501 CIEP VINICIUS DE MORAES,-43.2541043914728,-22.885317768758163,0,0,0,0,1,4.0,0328501 CIEP VINICIUS DE MORAES,47.14,Grupo 3,Escola de risco,escola_risco
2017-01-01 12:00:00,33068763,POINT (-43.27771021624915 -22.85302386340042),5.3,CIEP MAESTRO FRANCISCO MIGNONE,0410502 CIEP MAESTRO FRANCISCO MIGNONE,-43.277710216249154,-22.853023863400416,0,0,0,0,1,4.0,0410502 CIEP MAESTRO FRANCISCO MIGNONE,46.62,Grupo 3,Escola de risco,escola_risco
2017-01-01 12:00:00,33070490,POINT (-43.30356634722926 -22.81527004446517),4.8,EM CARD. CÂMARA,0431017 ESCOLA MUNICIPAL CARDEAL CAMARA,-43.303566347229264,-22.81527004446517,0,0,0,1,0,4.0,0431017 ESCOLA MUNICIPAL CARDEAL CAMARA,51.59,Grupo 4,Escola de risco,escola_risco
2017-01-01 12:00:00,33074356,POINT (-43.31623313735627 -22.85683843865086),5.0,EM BOLÍVIA,0514005 ESCOLA MUNICIPAL BOLIVIA,-43.31623313735627,-22.856838438650858,0,0,0,0,0,4.0,,,,Escola de risco,escola_risco
2017-01-01 12:00:00,33087288,POINT (-43.40288287233117 -22.82636319632219),5.1,EM PARAÍBA,0622004 ESCOLA MUNICIPAL PARAIBA,-43.40288287233117,-22.826363196322195,0,0,0,0,1,4.0,0622004 ESCOLA MUNICIPAL PARAIBA,53.37,Grupo 4,Escola de risco,escola_risco
2017-01-01 12:00:00,33088250,POINT (-43.3518386538744 -22.82503518622007),4.8,EM ERICO VERÍSSIMO,0625006 ESCOLA MUNICIPAL ERICO VERISSIMO,-43.351838653874395,-22.82503518622007,0,0,0,0,1,4.0,0625006 ESCOLA MUNICIPAL ERICO VERISSIMO,50.08,Grupo 3,Escola de risco,escola_risco
2017-01-01 12:00:00,33088080,POINT (-43.3685710741367 -22.82616366130733),4.5,CIEP RUBENS GOMES,0625204 CIEP RUBENS GOMES,-43.3685710741367,-22.82616366130733,0,0,0,0,1,4.0,0625204 CIEP RUBENS GOMES,46.87,Grupo 3,Escola de risco,escola_risco
2017-01-01 12:00:00,33069824,POINT (-43.30104605951922 -22.80855340116024),5.2,CIEP MESTRE CARTOLA (AGENOR DE OLIVEIRA),0431501 CIEP MESTRE CARTOLA AGENOR DE OLIVEIRA,-43.301046059519216,-22.80855340116024,0,0,0,0,1,4.0,0431501 CIEP MESTRE CARTOLA AGENOR DE OLIVEIRA,49.35,Grupo 3,Escola de risco,escola_risco
2017-01-01 12:00:00,33069816,POINT (-43.28359788271156 -22.85124250572656),3.9,CIEP DEP. JOSÉ CARLOS BRANDÃO MONTEIRO,0411502 CIEP DEPUTADO CARLOS BRANDAO MONTEIRO,-43.28359788271156,-22.85124250572657,0,0,0,0,1,4.0,0411502 CIEP DEPUTADO CARLOS BRANDAO MONTEIRO,50.98,Grupo 3,Escola de risco,escola_risco
2017-01-01 12:00:00,33088071,POINT (-43.34430739329235 -22.82892187710724),4.5,CIEP ANTONIO CANDEIA FILHO,0625205 CIEP ANTONIO CANDEIA FILHO,-43.344307393292354,-22.828921877107238,0,0,0,0,1,4.0,0625205 CIEP ANTONIO CANDEIA FILHO,44.7,Grupo 3,Escola de risco,escola_risco
2017-01-01 12:00:00,33073090,POINT (-43.2507537003622 -22.90170925900073),5.3,EM PARETO,0313003 ESCOLA MUNICIPAL PARETO,-43.2507537003622,-22.901709259000725,0,0,0,0,0,4.0,0313003 ESCOLA MUNICIPAL PARETO,50.28,Grupo 3,Escola de risco,escola_risco
2017-01-01 12:00:00,33071330,POINT (-43.27488862683049 -22.87835530898477),5.1,CIEP PATRICE LUMUMBA,0312501 CIEP PATRICE LUMUMBA,-43.27488862683049,-22.87835530898477,0,0,0,0,0,4.0,0312501 CIEP PATRICE LUMUMBA,47.32,Grupo 3,Escola de risco,escola_risco
2017-01-01 12:00:00,33084076,POINT (-43.69306254191942 -22.97517053649718),5.3,CIEP DEP. ULYSSES GUIMARÃES,1019207 CIEP DEPUTADO ULYSSES GUIMARAES,-43.693062541919424,-22.975170536497178,0,0,0,0,1,4.0,1019207 CIEP DEPUTADO ULYSSES GUIMARAES,49.44,Grupo 3,Escola de risco,escola_risco
2017-01-01 12:00:00,33084106,POINT (-43.65325290007601 -22.92157096933173),5.2,CIEP MAESTRO HEITOR VILLA LOBOS,1019502 CIEP MAESTRO HEITOR VILLA LOBOS,-43.653252900076005,-22.921570969331732,0,0,0,0,1,4.0,1019502 CIEP MAESTRO HEITOR VILLA LOBOS,47.01,Grupo 3,Escola de risco,escola_risco
2017-01-01 12:00:00,33084068,POINT (-43.69406146878421 -22.92728780846273),5.1,CIEP BARÃO DE ITARARÉ,1019206 CIEP BARAO DE ITARARE,-43.694061468784206,-22.92728780846273,0,0,0,0,1,4.0,1019206 CIEP BARAO DE ITARARE,48.11,Grupo 3,Escola de risco,escola_risco
2017-01-01 12:00:00,33084084,POINT (-43.62558552788801 -22.92207995602947),4.9,CIEP DR. NELSON HUNGRIA,1019503 CIEP DOUTOR NELSON HUNGRIA,-43.62558552788801,-22.922079956029467,0,0,0,0,1,4.0,1019503 CIEP DOUTOR NELSON HUNGRIA,50.06,Grupo 3,Escola de risco,escola_risco
2017-01-01 12:00:00,33084041,POINT (-43.65646040060896 -22.91318861086409),5.4,CIEP ALBERTO PASQUALINE,1019210 CIEP ALBERTO PASQUALINI,-43.65646040060896,-22.91318861086409,0,0,0,0,1,4.0,1019210 CIEP ALBERTO PASQUALINI,49.26,Grupo 3,Escola de risco,escola_risco
2017-01-01 12:00:00,33100365,POINT (-43.35611077412424 -22.82662056433404),5.3,CIEP ZUMBI DOS PALMARES,0625502 CIEP ZUMBI DOS PALMARES,-43.35611077412424,-22.82662056433404,0,0,0,0,1,4.0,0625502 CIEP ZUMBI DOS PALMARES,48.69,Grupo 3,Escola de risco,escola_risco
2017-01-01 12:00:00,33063273,POINT (-43.1766853862574 -22.92278529117429),5.2,CIEP PRES. TANCREDO NEVES,0204501 CIEP PRESIDENTE TANCREDO NEVES,-43.17668538625741,-22.92278529117429,0,0,0,1,0,4.0,0204501 CIEP PRESIDENTE TANCREDO NEVES,50.78,Grupo 3,Escola de risco,escola_risco
2017-01-01 12:00:00,33067686,POINT (-43.25918061485786 -22.91408701075892),4.9,CIEP PRES. SALVADOR ALLENDE,0209501 CIEP PRESIDENTE SALVADOR ALLENDE,-43.259180614857854,-22.914087010758923,0,0,0,0,0,4.0,0209501 CIEP PRESIDENTE SALVADOR ALLENDE,46.08,Grupo 3,Escola de risco,escola_risco
2017-01-01 12:00:00,33068399,POINT (-43.23864353436878 -22.91460285070162),4.8,EM REPÚP. ARGENTINA,0209009 ESCOLA MUNICIPAL REPUBLICA ARGENTINA,-43.238643534368784,-22.914602850701623,0,0,0,0,1,4.0,0209009 ESCOLA MUNICIPAL REPUBLICA ARGENTINA,49.91,Grupo 3,Escola de risco,escola_risco
2017-01-01 12:00:00,33076910,POINT (-43.35973913805912 -22.94710575085278),5.4,CIEP JOÃO BATISTA DOS SANTOS,0734502 CIEP JOAO BATISTA DOS SANTOS,-43.35973913805912,-22.94710575085277,0,0,0,0,0,4.0,0734502 CIEP JOAO BATISTA DOS SANTOS,49.24,Grupo 3,Escola de risco,escola_risco
2017-01-01 12:00:00,33062420,POINT (-43.20547903150959 -22.89997040652924),5.1,EM BENJAMIM CONSTANT,0101004 ESCOLA MUNICIPAL BENJAMIN CONSTANT,-43.20547903150959,-22.899970406529242,0,0,0,0,1,4.0,0101004 ESCOLA MUNICIPAL BENJAMIN CONSTANT,48.91,Grupo 3,Escola de risco,escola_risco
2017-01-01 12:00:00,33069352,POINT (-43.25630395677018 -22.87768238693114),5.3,EM OSWALDO CRUZ,0312001 ESCOLA MUNICIPAL OSWALDO CRUZ,-43.256303956770175,-22.87768238693114,0,0,0,0,1,4.0,0312001 ESCOLA MUNICIPAL OSWALDO CRUZ,49.28,Grupo 3,Escola de risco,escola_risco
2017-01-01 12:00:00,33073112,POINT (-43.26262231011126 -22.88417920058272),4.9,EM PERNAMBUCO,0312011 ESCOLA MUNICIPAL PERNAMBUCO,-43.26262231011125,-22.884179200582718,0,0,0,0,1,4.0,0312011 ESCOLA MUNICIPAL PERNAMBUCO,51.48,Grupo 4,Escola de risco,escola_risco
2017-01-01 12:00:00,33072868,POINT (-43.28562765400675 -22.87757007103691),5.1,EM JOAQUIM RIBEIRO,0312023 ESCOLA MUNICIPAL JOAQUIM RIBEIRO,-43.28562765400674,-22.87757007103692,0,0,0,0,1,4.0,0312023 ESCOLA MUNICIPAL JOAQUIM RIBEIRO,51.68,Grupo 4,Escola de risco,escola_risco
2017-01-01 12:00:00,33072876,POINT (-43.28446728589378 -22.90954744693751),4.8,EM JOSÉ EDUARDO DE MACEDO SOARES,0313011 ESCOLA MUNICIPAL JOSE EDUARDO DE MACEDO SOARES,-43.28446728589378,-22.909547446937513,0,0,0,0,1,4.0,0313011 ESCOLA MUNICIPAL JOSE EDUARDO DE MACEDO SOARES,50.64,Grupo 3,Escola de risco,escola_risco
2017-01-01 12:00:00,33073031,POINT (-43.28555344674229 -22.91604843234619),4.5,EM MINISTRO GAMA FILHO,0313013 ESCOLA MUNICIPAL MINISTRO GAMA FILHO,-43.285553446742284,-22.91604843234619,0,0,0,0,1,4.0,0313013 ESCOLA MUNICIPAL MINISTRO GAMA FILHO,49.07,Grupo 3,Escola de risco,escola_risco
2017-01-01 12:00:00,33073325,POINT (-43.31169923563327 -22.90141949442568),5.0,EM VIRGÍLIO DE MELO FRANCO,0313049 ESCOLA MUNICIPAL VIRGILIO DE MELO FRANCO,-43.31169923563328,-22.901419494425678,0,0,0,0,1,4.0,0313049 ESCOLA MUNICIPAL VIRGILIO DE MELO FRANCO,50.3,Grupo 3,Escola de risco,escola_risco
2017-01-01 12:00:00,33070660,POINT (-43.28320310162109 -22.84599114990459),5.4,EM LEONOR COELHO PEREIRA,0411004 ESCOLA MUNICIPAL LEONOR COELHO PEREIRA,-43.28320310162109,-22.845991149904588,0,0,0,1,0,4.0,0411004 ESCOLA MUNICIPAL LEONOR COELHO PEREIRA,50.84,Grupo 3,Escola de risco,escola_risco
2017-01-01 12:00:00,33070512,POINT (-43.27975258618847 -22.83765695364077),5.1,EM CONDE DE AGROLONGO,0411006 ESCOLA MUNICIPAL CONDE DE AGROLONGO,-43.27975258618847,-22.83765695364077,0,0,0,0,1,4.0,0411006 ESCOLA MUNICIPAL CONDE DE AGROLONGO,50.46,Grupo 3,Escola de risco,escola_risco
2017-01-01 12:00:00,33070792,POINT (-43.28837897708191 -22.83552421131747),5.2,EM PROF° AUGUSTO MOTTA,0411011 ESCOLA MUNICIPAL PROFESSOR AUGUSTO MOTTA,-43.28837897708191,-22.835524211317463,0,0,0,1,0,4.0,0411011 ESCOLA MUNICIPAL PROFESSOR AUGUSTO MOTTA,50.83,Grupo 3,Escola de risco,escola_risco
2017-01-01 12:00:00,33070636,POINT (-43.29993224614653 -22.83799787656982),5.3,EM JOÃO MARQUES DOS REIS,0411012 ESCOLA MUNICIPAL JOAO MARQUES DOS REIS,-43.29993224614653,-22.837997876569816,0,0,0,0,1,4.0,0411012 ESCOLA MUNICIPAL JOAO MARQUES DOS REIS,51.29,Grupo 3,Escola de risco,escola_risco
2017-01-01 12:00:00,33070709,POINT (-43.27869547225382 -22.82523993199144),5.3,EM MINISTRO AFRÂNIO COSTA,0411017 ESCOLA MUNICIPAL MINISTRO AFRANIO COSTA,-43.27869547225381,-22.825239931991444,0,0,0,0,0,4.0,,,,Escola de risco,escola_risco
2017-01-01 12:00:00,33070857,POINT (-43.30687884038237 -22.82637943590356),5.4,EM SÃO JOÃO BATISTA,0431006 ESCOLA MUNICIPAL SAO JOAO BATISTA,-43.30687884038237,-22.82637943590357,0,0,0,0,1,4.0,0431006 ESCOLA MUNICIPAL SAO JOAO BATISTA,51.59,Grupo 4,Escola de risco,escola_risco
2017-01-01 12:00:00,33070822,POINT (-43.29333633042931 -22.81920015019476),5.2,EM RAUL PEDERNEIRAS,0431011 ESCOLA MUNICIPAL RAUL PEDERNEIRAS,-43.29333633042931,-22.81920015019476,0,0,0,1,0,4.0,0431011 ESCOLA MUNICIPAL RAUL PEDERNEIRAS,51.19,Grupo 3,Escola de risco,escola_risco
2017-01-01 12:00:00,33070644,POINT (-43.30645197099007 -22.8053110030702),4.5,EM JORGE DE GOUVEIA,0431019 ESCOLA MUNICIPAL JORGE DE GOUVEA,-43.30645197099007,-22.805311003070198,0,0,0,0,1,4.0,0431019 ESCOLA MUNICIPAL JORGE DE GOUVEA,49.36,Grupo 3,Escola de risco,escola_risco
2017-01-01 12:00:00,33074720,POINT (-43.33079394020845 -22.85145792743327),5.0,EM ROSA BETTIATO ZÁTTERA,0514019 ESCOLA MUNICIPAL ROSA BETTIATO ZATTERA,-43.33079394020845,-22.85145792743327,0,0,0,1,0,4.0,0514019 ESCOLA MUNICIPAL ROSA BETTIATO ZATTERA,50.5,Grupo 3,Escola de risco,escola_risco
2017-01-01 12:00:00,33085137,POINT (-43.64012264630891 -22.92116383096032),5.3,EM VIVALDO RAMOS DE VASCONCELOS,1019006 ESCOLA MUNICIPAL VIVALDO RAMOS DE VASCONCELOS,-43.64012264630891,-22.92116383096032,0,0,0,1,0,4.0,1019006 ESCOLA MUNICIPAL VIVALDO RAMOS DE VASCONCELOS,51.24,Grupo 3,Escola de risco,escola_risco
2017-01-01 12:00:00,33083215,POINT (-43.59368312329342 -22.99412432416818),5.3,EM PROF° CASTILHO,1026003 ESCOLA MUNICIPAL PROFESSOR CASTILHO,-43.59368312329342,-22.994124324168183,0,0,0,1,0,4.0,1026003 ESCOLA MUNICIPAL PROFESSOR CASTILHO,48.08,Grupo 3,Escola de risco,escola_risco
2017-01-01 12:00:00,33084947,POINT (-43.68086591179115 -22.92213062511453),4.8,EM PROF° COQUEIRO,1019001 ESCOLA MUNICIPAL PROFESSOR COQUEIRO,-43.68086591179115,-22.92213062511453,0,0,0,0,1,4.0,1019001 ESCOLA MUNICIPAL PROFESSOR COQUEIRO,50.14,Grupo 3,Escola de risco,escola_risco
2017-01-01 12:00:00,33083991,POINT (-43.67199511357737 -22.90456303692986),5.1,EM Mª DE JESUS OLIVEIRA,1019072 ESCOLA MUNICIPAL MARIA DE JESUS OLIVEIRA,-43.671995113577374,-22.904563036929865,0,0,0,0,0,4.0,,,,Escola de risco,escola_risco
2017-01-01 12:00:00,33065756,POINT (-43.19693943282882 -22.98381297562368),4.7,EM MARÍLIA DE DIRCEU,0206003 ESCOLA MUNICIPAL MARILIA DE DIRCEU,-43.19693943282882,-22.983812975623678,0,0,0,0,1,4.0,0206003 ESCOLA MUNICIPAL MARILIA DE DIRCEU,50.16,Grupo 3,Escola de risco,escola_risco
2017-01-01 12:00:00,33069395,POINT (-43.24912951584601 -22.88285870637201),4.6,EM PROFª  Mª DE CERQUEIRA E SILVA,0410026 ESCOLA MUNICIPAL PROFESSORA MARIA DE CERQUEIRA E SILVA,-43.249129515846015,-22.882858706372012,0,0,0,0,1,4.0,0410026 ESCOLA MUNICIPAL PROFESSORA MARIA DE CERQUEIRA E SILVA,47.11,Grupo 3,Escola de risco,escola_risco
2017-01-01 12:00:00,33063109,POINT (-43.20431482875352 -22.9154782952495),5.2,EM CANADÁ,0103502 ESCOLA MUNICIPAL CANADA,-43.20431482875353,-22.915478295249503,0,0,0,0,1,4.0,0103502 ESCOLA MUNICIPAL CANADA,50.16,Grupo 3,Escola de risco,escola_risco
2017-01-01 12:00:00,33063176,POINT (-43.20437781487121 -22.92410193388796),4.6,EM MEM DE SÁ,0103003 ESCOLA MUNICIPAL MEM DE SA,-43.20437781487121,-22.924101933887965,0,0,0,0,1,4.0,0103003 ESCOLA MUNICIPAL MEM DE SA,51.13,Grupo 3,Escola de risco,escola_risco
2017-01-01 12:00:00,33070725,POINT (-43.28303468185315 -22.84639571733333),5.2,EM MONSENHOR ROCHA,0411001 ESCOLA MUNICIPAL MONSENHOR ROCHA,-43.28303468185315,-22.846395717333326,0,0,0,0,1,4.0,0411001 ESCOLA MUNICIPAL MONSENHOR ROCHA,49.62,Grupo 3,Escola de risco,escola_risco
2017-01-01 12:00:00,33087903,POINT (-43.52133532729751 -23.02658537954586),5.4,EM PROF° JURANDIR PAES LEME,0724023 ESCOLA MUNICIPAL PROFESSOR JURANDIR PAES LEME,-43.521335327297535,-23.026585379545857,0,0,0,1,0,4.0,0724023 ESCOLA MUNICIPAL PROFESSOR JURANDIR PAES LEME,51.11,Grupo 3,Escola de risco,escola_risco
2017-01-01 12:00:00,33074747,POINT (-43.31356025006103 -22.85636380076226),5.3,EM SERGIPE,0514004 ESCOLA MUNICIPAL SERGIPE,-43.31356025006104,-22.85636380076225,0,0,0,1,0,4.0,0514004 ESCOLA MUNICIPAL SERGIPE,50.21,Grupo 3,Escola de risco,escola_risco
2017-01-01 12:00:00,33085110,POINT (-43.69357880567944 -22.91835967113415),5.3,EM SÓCRATES GALVÊAS,1019044 ESCOLA MUNICIPAL SOCRATES GALVEAS,-43.69357880567944,-22.918359671134148,0,0,0,1,0,4.0,1019044 ESCOLA MUNICIPAL SOCRATES GALVEAS,50.92,Grupo 3,Escola de risco,escola_risco
2017-01-01 12:00:00,33069093,POINT (-43.25324630506572 -22.88098596979878),4.4,EM ALBINO SOUZA CRUZ,0410002 ESCOLA MUNICIPAL ALBINO SOUZA CRUZ,-43.253246305065716,-22.880985969798783,0,0,0,0,1,4.0,0410002 ESCOLA MUNICIPAL ALBINO SOUZA CRUZ,52.08,Grupo 4,Escola de risco,escola_risco
2017-01-01 12:00:00,33069280,POINT (-43.28057220158335 -22.84832073176068),4.9,EM JORACY CAMARGO,0410020 ESCOLA MUNICIPAL JORACY CAMARGO,-43.28057220158335,-22.84832073176068,0,0,0,1,0,4.0,0410020 ESCOLA MUNICIPAL JORACY CAMARGO,50.76,Grupo 3,Escola de risco,escola_risco
2017-01-01 12:00:00,33072671,POINT (-43.27771209789896 -22.87389190649302),4.7,CLAS. EM COOP. DOMINGOS BEBIANO,0312024 ESCOLA MUNICIPAL DOMINGOS BEBIANO,-43.27771209789896,-22.87389190649301,0,0,0,0,0,4.0,0312024 ESCOLA MUNICIPAL DOMINGOS BEBIANO,50.99,Grupo 3,Escola de risco,escola_risco
2017-01-01 12:00:00,33073228,POINT (-43.27556284407885 -22.86890396901443),4.9,EM RUBENS BERARDO,0312022 ESCOLA MUNICIPAL RUBENS BERARDO,-43.275562844078856,-22.868903969014426,0,0,0,1,0,4.0,0312022 ESCOLA MUNICIPAL RUBENS BERARDO,49.12,Grupo 3,Escola de risco,escola_risco
2017-01-01 12:00:00,33072892,POINT (-43.29507359513579 -22.87044179130721),5.3,EM JOSÉ MARTI,0312029 ESCOLA MUNICIPAL JOSE MARTI,-43.2950735951358,-22.87044179130721,0,0,0,1,0,4.0,0312029 ESCOLA MUNICIPAL JOSE MARTI,49.79,Grupo 3,Escola de risco,escola_risco
2017-01-01 12:00:00,33076006,POINT (-43.33477458541522 -22.86634066387536),5.1,EM ASTOLFO REZENDE,0515058 ESCOLA MUNICIPAL ASTOLFO REZENDE,-43.33477458541522,-22.86634066387536,0,0,0,0,1,4.0,0515058 ESCOLA MUNICIPAL ASTOLFO REZENDE,48.58,Grupo 3,Escola de risco,escola_risco
2017-01-01 12:00:00,33076383,POINT (-43.3302010771235 -22.86496664429642),5.1,EM REPÚB. DOMINICANA,0515059 ESCOLA MUNICIPAL REPUBLICA DOMINICANA,-43.3302010771235,-22.864966644296427,0,0,0,1,0,4.0,0515059 ESCOLA MUNICIPAL REPUBLICA DOMINICANA,48.59,Grupo 3,Escola de risco,escola_risco
2017-01-01 12:00:00,33076189,POINT (-43.32960190851236 -22.85820619653746),5.4,EM IRMÃ ZÉLIA,0515060 ESCOLA MUNICIPAL IRMA ZELIA,-43.329601908512366,-22.85820619653745,0,0,0,0,1,4.0,0515060 ESCOLA MUNICIPAL IRMA ZELIA,51.84,Grupo 4,Escola de risco,escola_risco
2017-01-01 12:00:00,33067201,POINT (-43.24311821436075 -22.93252923464695),4.8,EM SOARES PEREIRA,0208010 ESCOLA MUNICIPAL SOARES PEREIRA,-43.24311821436075,-22.932529234646953,0,0,0,0,1,4.0,0208010 ESCOLA MUNICIPAL SOARES PEREIRA,49.6,Grupo 3,Escola de risco,escola_risco
2017-01-01 12:00:00,33068305,POINT (-43.23939307604974 -22.90982256586347),4.8,EM GAL. HUMBERTO DE SOUZA MELLO,0209014 ESCOLA MUNICIPAL GENERAL DO EXERCITO HUMBERTO DE SOUZA MELLO,-43.23939307604974,-22.90982256586347,0,0,0,1,0,4.0,0209014 ESCOLA MUNICIPAL GENERAL DO EXERCITO HUMBERTO DE SOUZA MELLO,50.59,Grupo 3,Escola de risco,escola_risco
2017-01-01 12:00:00,33068267,POINT (-43.24704813199664 -22.91615159675738),5.0,EM EQUADOR,0209010 ESCOLA MUNICIPAL EQUADOR,-43.24704813199664,-22.91615159675737,0,0,0,0,1,4.0,0209010 ESCOLA MUNICIPAL EQUADOR,50.61,Grupo 3,Escola de risco,escola_risco
2017-01-01 12:00:00,33072680,POINT (-43.26328544381337 -22.91212746447236),5.2,EM DR. MÁRIO AUGUSTO TEIXEIRA DE FREITAS,0313008 ESCOLA MUNICIPAL DOUTOR MARIO AUGUSTO TEIXEIRA DE FREITAS,-43.26328544381337,-22.91212746447236,0,0,0,1,0,4.0,0313008 ESCOLA MUNICIPAL DOUTOR MARIO AUGUSTO TEIXEIRA DE FREITAS,48.73,Grupo 3,Escola de risco,escola_risco
2017-01-01 12:00:00,33088284,POINT (-43.37746460522002 -22.82006595686992),4.6,EM MOTORISTA PASCHOAL ANDRÉ,0625034 ESCOLA MUNICIPAL MOTORISTA PASCHOAL ANDRE,-43.37746460522002,-22.82006595686992,0,0,0,1,0,4.0,0625034 ESCOLA MUNICIPAL MOTORISTA PASCHOAL ANDRE,51.92,Grupo 4,Escola de risco,escola_risco
2017-01-01 12:00:00,33078092,POINT (-43.42179798960299 -22.91464990455398),5.4,EM LUIZ CAMILLO,0716002 ESCOLA MUNICIPAL LUIZ CAMILLO,-43.42179798960299,-22.914649904553986,0,0,0,1,0,4.0,0716002 ESCOLA MUNICIPAL LUIZ CAMILLO,50.99,Grupo 3,Escola de risco,escola_risco
2017-01-01 12:00:00,33078041,POINT (-43.39450028743403 -22.93325336141231),4.9,CLAS. EM COOP. JULIANO MOREIRA,0716004 ESCOLA MUNICIPAL JULIANO MOREIRA,-43.394500287434035,-22.933253361412305,0,0,0,0,0,4.0,0716004 ESCOLA MUNICIPAL JULIANO MOREIRA,51.79,Grupo 4,Escola de risco,escola_risco
2017-01-01 12:00:00,33084718,POINT (-43.66504237806167 -22.93471725877847),5.3,EM GAL. GOMES CARNEIRO,1019002 ESCOLA MUNICIPAL GENERAL GOMES CARNEIRO,-43.66504237806168,-22.934717258778466,0,0,0,1,0,4.0,1019002 ESCOLA MUNICIPAL GENERAL GOMES CARNEIRO,51.36,Grupo 3,Escola de risco,escola_risco
2017-01-01 12:00:00,33084793,POINT (-43.68327702469654 -22.9542481038231),4.8,EM JÚLIO CESÁRIO DE MELO,1019024 ESCOLA MUNICIPAL JULIO CESARIO DE MELO,-43.68327702469655,-22.95424810382309,0,0,0,0,1,4.0,1019024 ESCOLA MUNICIPAL JULIO CESARIO DE MELO,50.15,Grupo 3,Escola de risco,escola_risco
2017-01-01 12:00:00,33084610,POINT (-43.70472495054478 -22.92423252147358),5.4,EM CEL. BERTHIER,1019014 ESCOLA MUNICIPAL CORONEL BERTHIER,-43.70472495054478,-22.924232521473584,0,0,0,1,0,4.0,1019014 ESCOLA MUNICIPAL CORONEL BERTHIER,52.38,Grupo 4,Escola de risco,escola_risco
2017-01-01 12:00:00,33070482,POINT (-43.27226488050214 -22.81889356363454),5.4,EM CANTOR E COMPOSITOR GONZAGUINHA,0411049 ESCOLA MUNICIPAL CANTOR COMPOSITOR GONZAGUINHA,-43.27226488050213,-22.81889356363454,0,0,0,0,1,4.0,,,,Escola de risco,escola_risco
2017-01-01 12:00:00,33085030,POINT (-43.63509822704666 -22.92806675426466),5.1,EM PROFª SONIA MOTA MOLISANI,1019056 ESCOLA MUNICIPAL PROFESSORA SONIA MOTA MOLISANI,-43.635098227046655,-22.928066754264666,0,0,0,0,1,4.0,1019056 ESCOLA MUNICIPAL PROFESSORA SONIA MOTA MOLISANI,51.24,Grupo 3,Escola de risco,escola_risco
2017-01-01 12:00:00,33070849,POINT (-43.29546075209056 -22.82332832125195),5.2,EM RORAIMA,0431009 ESCOLA MUNICIPAL RORAIMA,-43.29546075209056,-22.823328321251946,0,0,0,0,1,4.0,0431009 ESCOLA MUNICIPAL RORAIMA,50.97,Grupo 3,Escola de risco,escola_risco
2017-01-01 12:00:00,33085099,POINT (-43.70020956508638 -22.93655939164687),5.3,EM RONALD DE CARVALHO,1019011 ESCOLA MUNICIPAL RONALD DE CARVALHO,-43.70020956508638,-22.93655939164687,0,0,0,1,0,4.0,1019011 ESCOLA MUNICIPAL RONALD DE CARVALHO,50.83,Grupo 3,Escola de risco,escola_risco
2017-01-01 12:00:00,33084890,POINT (-43.66159543562821 -22.92161364939222),4.8,EM OTELO DE SOUZA REIS,1019017 ESCOLA MUNICIPAL OTELO DE SOUZA REIS,-43.66159543562822,-22.92161364939221,0,0,0,0,1,4.0,1019017 ESCOLA MUNICIPAL OTELO DE SOUZA REIS,48.36,Grupo 3,Escola de risco,escola_risco
2017-01-01 12:00:00,33065675,POINT (-43.1978104973623 -22.97621380858489),5.3,EM EDNA PONCIONI FERREIRA,0206007 ESCOLA MUNICIPAL EDNA PONCIONI FERREIRA,-43.1978104973623,-22.97621380858489,0,0,0,0,0,4.0,0206007 ESCOLA MUNICIPAL EDNA PONCIONI FERREIRA,49.41,Grupo 3,Escola de risco,escola_risco
2017-01-01 12:00:00,33064210,POINT (-43.17606461820854 -22.92560629412942),5.4,EM VITAL BRASIL,0204008 ESCOLA MUNICIPAL VITAL BRASIL,-43.17606461820854,-22.925606294129423,0,0,0,1,0,4.0,0204008 ESCOLA MUNICIPAL VITAL BRASIL,50.19,Grupo 3,Escola de risco,escola_risco
2017-01-01 12:00:00,33068348,POINT (-43.25912815419416 -22.91581652048137),4.9,EM MÁRIO DE ANDRADE,0209012 ESCOLA MUNICIPAL MARIO DE ANDRADE,-43.259128154194144,-22.91581652048137,0,0,0,0,0,4.0,0209012 ESCOLA MUNICIPAL MARIO DE ANDRADE,47.42,Grupo 3,Escola de risco,escola_risco
2017-01-01 12:00:00,33066205,POINT (-43.23620172144074 -22.88957421269819),5.3,EM ALICE DO AMARAL PEIXOTO,0107013 ESCOLA MUNICIPAL ALICE DO AMARAL PEIXOTO,-43.23620172144074,-22.889574212698182,0,0,0,0,0,4.0,,,,Escola de risco,escola_risco
2017-01-01 12:00:00,33065608,POINT (-43.23557873467825 -22.99369744701764),4.6,EM ALMTE. TAMANDARÉ,0206021 ESCOLA MUNICIPAL ALMIRANTE TAMANDARE,-43.23557873467825,-22.99369744701764,0,0,0,0,1,4.0,0206021 ESCOLA MUNICIPAL ALMIRANTE TAMANDARE,47.38,Grupo 3,Escola de risco,escola_risco
2017-01-01 12:00:00,33085005,POINT (-43.72263252665435 -22.89954378648649),5.3,EM PROFª A Mª HELENA ALVES PORTILHO,1019030 ESCOLA MUNICIPAL PROFESSORA MARIA HELENA ALVES PORTILHO,-43.72263252665435,-22.899543786486486,0,0,0,1,0,4.0,1019030 ESCOLA MUNICIPAL PROFESSORA MARIA HELENA ALVES PORTILHO,52.13,Grupo 4,Escola de risco,escola_risco
2017-01-01 12:00:00,33074682,POINT (-43.34445994170368 -22.84316302057239),5.1,EM PROF° ALFREDO RUSSELL,0515010 ESCOLA MUNICIPAL PROFESSOR ALFREDO RUSSELL,-43.34445994170368,-22.843163020572394,0,0,0,0,1,4.0,0515010 ESCOLA MUNICIPAL PROFESSOR ALFREDO RUSSELL,51.37,Grupo 3,Escola de risco,escola_risco
2017-01-01 12:00:00,33076243,POINT (-43.35891559431472 -22.84981247933024),4.9,EM MÁRIO PENNA DA ROCHA,0515012 ESCOLA MUNICIPAL MARIO PENNA DA ROCHA,-43.358915594314716,-22.84981247933024,0,0,0,0,1,4.0,0515012 ESCOLA MUNICIPAL MARIO PENNA DA ROCHA,50.69,Grupo 3,Escola de risco,escola_risco
2017-01-01 12:00:00,33076260,POINT (-43.35033435264343 -22.87221147594975),5.2,EM MOZART LAGO,0515021 ESCOLA MUNICIPAL MOZART LAGO,-43.35033435264343,-22.87221147594975,0,0,0,0,0,4.0,0515021 ESCOLA MUNICIPAL MOZART LAGO,51.91,Grupo 4,Escola de risco,escola_risco
2017-01-01 12:00:00,33076200,POINT (-43.35241427916271 -22.87901576580546),5.4,EM JOSÉ EMYGDIO DE OLIVEIRA,0515022 ESCOLA MUNICIPAL JOSE EMYGDIO DE OLIVEIRA,-43.35241427916272,-22.87901576580546,0,0,0,0,1,4.0,0515022 ESCOLA MUNICIPAL JOSE EMYGDIO DE OLIVEIRA,54.62,Grupo 4,Escola de risco,escola_risco
2017-01-01 12:00:00,33076359,POINT (-43.31524912012273 -22.88064201306227),5.1,EM PROF° SOUZA DA SILVEIRA,0515040 ESCOLA MUNICIPAL PROFESSOR SOUZA DA SILVEIRA,-43.31524912012273,-22.880642013062268,0,0,0,0,1,4.0,0515040 ESCOLA MUNICIPAL PROFESSOR SOUZA DA SILVEIRA,53.44,Grupo 4,Escola de risco,escola_risco
2017-01-01 12:00:00,33076251,POINT (-43.33811047762143 -22.8752768728144),4.8,EM MINISTRO EDGARD ROMERO,0515055 ESCOLA MUNICIPAL MINISTRO EDGARD ROMERO,-43.33811047762144,-22.875276872814396,0,0,0,0,1,4.0,0515055 ESCOLA MUNICIPAL MINISTRO EDGARD ROMERO,51.0,Grupo 3,Escola de risco,escola_risco
2017-01-01 12:00:00,33087156,POINT (-43.37636999518889 -22.84661424122048),5.3,EM LIA BRAGA DE FARIA,0622017 ESCOLA MUNICIPAL LIA BRAGA DE FARIA,-43.376369995188895,-22.84661424122048,0,0,0,1,0,4.0,0622017 ESCOLA MUNICIPAL LIA BRAGA DE FARIA,50.06,Grupo 3,Escola de risco,escola_risco
2017-01-01 12:00:00,33087199,POINT (-43.39207619842873 -22.8255813816442),4.8,EM MARIO PIRAGIBE,0622024 ESCOLA MUNICIPAL MARIO PIRAGIBE,-43.392076198428725,-22.825581381644195,0,0,0,0,1,4.0,0622024 ESCOLA MUNICIPAL MARIO PIRAGIBE,49.88,Grupo 3,Escola de risco,escola_risco
2017-01-01 12:00:00,33087075,POINT (-43.34660265596076 -22.8290251919818),5.3,EM GAL. OSÓRIO,0625004 ESCOLA MUNICIPAL GENERAL OSORIO,-43.34660265596076,-22.829025191981806,0,0,0,1,0,4.0,0625004 ESCOLA MUNICIPAL GENERAL OSORIO,49.25,Grupo 3,Escola de risco,escola_risco
2017-01-01 12:00:00,33086869,POINT (-43.37891382511332 -22.81734392130879),5.3,EM ALZIRO ZARUR,0625032 ESCOLA MUNICIPAL ALZIRO ZARUR,-43.378913825113315,-22.817343921308797,0,0,0,1,0,4.0,0625032 ESCOLA MUNICIPAL ALZIRO ZARUR,50.66,Grupo 3,Escola de risco,escola_risco
2017-01-01 12:00:00,33087369,POINT (-43.37276361662653 -22.81774269599146),4.3,EM ZILDA NUNES DA COSTA,0625033 ESCOLA MUNICIPAL ZILDA NUNES DA COSTA,-43.37276361662653,-22.817742695991456,0,0,0,1,0,4.0,0625033 ESCOLA MUNICIPAL ZILDA NUNES DA COSTA,51.71,Grupo 4,Escola de risco,escola_risco
2017-01-01 12:00:00,33087130,POINT (-43.36074200491434 -22.81878033267379),4.3,EM JOSÉ PEDRO VARELA,0625029 ESCOLA MUNICIPAL JOSE PEDRO VARELA,-43.36074200491434,-22.818780332673803,0,0,0,0,1,4.0,0625029 ESCOLA MUNICIPAL JOSE PEDRO VARELA,48.75,Grupo 3,Escola de risco,escola_risco
2017-01-01 12:00:00,33088225,POINT (-43.34014895036735 -22.81630985638232),5.2,EM ANDREA FONTES PEIXOTO,0625027 ESCOLA MUNICIPAL ANDREA FONTES PEIXOTO,-43.34014895036736,-22.816309856382322,0,0,0,1,0,4.0,0625027 ESCOLA MUNICIPAL ANDREA FONTES PEIXOTO,50.59,Grupo 3,Escola de risco,escola_risco
2017-01-01 12:00:00,33083029,POINT (-43.57740861332591 -22.95316290405518),5.0,EM JONATAS SERRANO,1026001 ESCOLA MUNICIPAL JONATAS SERRANO,-43.57740861332591,-22.95316290405518,0,0,0,1,0,4.0,1026001 ESCOLA MUNICIPAL JONATAS SERRANO,51.83,Grupo 4,Escola de risco,escola_risco
2017-01-01 12:00:00,33083142,POINT (-43.5375824077866 -23.00908395435429),5.4,EM NARCISA AMÁLIA,1026005 ESCOLA MUNICIPAL NARCISA AMALIA,-43.5375824077866,-23.009083954354292,0,0,0,0,1,4.0,1026005 ESCOLA MUNICIPAL NARCISA AMALIA,51.35,Grupo 3,Escola de risco,escola_risco
2017-01-01 12:00:00,33082863,POINT (-43.60253488840967 -22.94870587732248),4.5,EM EUCLIDES DA CUNHA,1026006 ESCOLA MUNICIPAL EUCLIDES DA CUNHA,-43.60253488840967,-22.948705877322478,0,0,0,0,0,4.0,1026006 ESCOLA MUNICIPAL EUCLIDES DA CUNHA,50.72,Grupo 3,Escola de risco,escola_risco
2017-01-01 12:00:00,33066272,POINT (-43.23774044303325 -22.89767824508984),4.8,EM GONZAGA DA GAMA FILHO,0107012 ESCOLA MUNICIPAL GONZAGA DA GAMA FILHO,-43.237740443033246,-22.89767824508985,0,0,0,1,0,4.0,0107012 ESCOLA MUNICIPAL GONZAGA DA GAMA FILHO,47.95,Grupo 3,Escola de risco,escola_risco
2017-01-01 12:00:00,33073309,POINT (-43.27254105549452 -22.89393397062421),5.3,EM THOMAS MANN,0313029 ESCOLA MUNICIPAL THOMAS MANN,-43.27254105549453,-22.893933970624214,0,0,0,0,0,4.0,0313029 ESCOLA MUNICIPAL THOMAS MANN,50.88,Grupo 3,Escola de risco,escola_risco
2017-01-01 12:00:00,33080097,POINT (-43.48783362568119 -22.88480642202011),5.4,EM ANTÔNIO BANDEIRA,0817029 ESCOLA MUNICIPAL ANTONIO BANDEIRA,-43.48783362568119,-22.884806422020112,0,0,0,0,1,4.0,0817029 ESCOLA MUNICIPAL ANTONIO BANDEIRA,46.82,Grupo 3,Escola de risco,escola_risco
2017-01-01 12:00:00,33080658,POINT (-43.46685581845072 -22.85043811152848),5.2,EM JOSÉ MAURO DE VASCONCELOS,0817082 ESCOLA MUNICIPAL JOSE MAURO DE VASCONCELOS,-43.46685581845072,-22.850438111528483,0,0,0,0,1,4.0,0817082 ESCOLA MUNICIPAL JOSE MAURO DE VASCONCELOS,52.75,Grupo 4,Escola de risco,escola_risco
2017-01-01 12:00:00,33146098,POINT (-43.48152409692351 -22.86907053112736),5.1,EM AUSTREGÉSILO DE ATAYDE,0817128 ESCOLA MUNICIPAL AUSTREGESILO DE ATAYDE,-43.4815240969235,-22.869070531127363,0,0,0,1,0,4.0,0817128 ESCOLA MUNICIPAL AUSTREGESILO DE ATAYDE,49.1,Grupo 3,Escola de risco,escola_risco
2017-01-01 12:00:00,33080577,POINT (-43.48810573546156 -22.85691098965633),5.2,EM JOANA ANGÉLICA,0817059 ESCOLA MUNICIPAL JOANA ANGELICA,-43.48810573546156,-22.856910989656328,0,0,0,0,1,4.0,0817059 ESCOLA MUNICIPAL JOANA ANGELICA,49.86,Grupo 3,Escola de risco,escola_risco
2017-01-01 12:00:00,33080585,POINT (-43.49502199525057 -22.85578198863755),5.4,EM JOÃO DAUDT DE OLIVEIRA,0817060 ESCOLA MUNICIPAL JOAO DAUDT DE OLIVEIRA,-43.49502199525057,-22.855781988637556,0,0,0,0,1,4.0,0817060 ESCOLA MUNICIPAL JOAO DAUDT DE OLIVEIRA,49.65,Grupo 3,Escola de risco,escola_risco
2017-01-01 12:00:00,33080607,POINT (-43.49325224328422 -22.86088496822808),5.4,EM JOAQUIM EDSON DE CAMARGO,0817061 ESCOLA MUNICIPAL JOAQUIM EDSON DE CAMARGO,-43.493252243284225,-22.860884968228078,0,0,0,1,0,4.0,0817061 ESCOLA MUNICIPAL JOAQUIM EDSON DE CAMARGO,52.57,Grupo 4,Escola de risco,escola_risco
2017-01-01 12:00:00,33081140,POINT (-43.4870467016256 -22.8742910589879),5.1,EM SAMPAIO CORRÊA,0817039 ESCOLA MUNICIPAL SAMPAIO CORREA,-43.4870467016256,-22.874291058987907,0,0,0,1,0,4.0,0817039 ESCOLA MUNICIPAL SAMPAIO CORREA,52.33,Grupo 4,Escola de risco,escola_risco
2017-01-01 12:00:00,33080445,POINT (-43.50440861437244 -22.87817759546622),4.9,EM FERNANDO MAXIMILIANO,0817044 ESCOLA MUNICIPAL FERNANDO MAXIMILIANO,-43.50440861437245,-22.878177595466212,0,0,0,1,0,4.0,0817044 ESCOLA MUNICIPAL FERNANDO MAXIMILIANO,49.45,Grupo 3,Escola de risco,escola_risco
2017-01-01 12:00:00,33080356,POINT (-43.48346377336927 -22.86839467390462),5.4,EM EDSON CARNEIRO,0817078 ESCOLA MUNICIPAL EDISON CARNEIRO,-43.48346377336927,-22.86839467390461,0,0,0,1,0,4.0,0817078 ESCOLA MUNICIPAL EDISON CARNEIRO,52.0,Grupo 4,Escola de risco,escola_risco
2017-01-01 12:00:00,33132984,POINT (-43.43336850820024 -22.98980721799872),5.4,EM EMBAIX. ZAPPA,0724026 ESCOLA MUNICIPAL EMBAIXADOR ITALO ZAPPA,-43.43336850820025,-22.98980721799872,0,0,0,0,0,4.0,0724026 ESCOLA MUNICIPAL EMBAIXADOR ITALO ZAPPA,49.21,Grupo 3,Escola de risco,escola_risco
2017-01-01 12:00:00,33077789,POINT (-43.3496332318755 -22.94961548269029),5.3,EM COMPOS. LUIZ GONZAGA,0716032 ESCOLA MUNICIPAL COMPOSITOR LUIZ GONZAGA,-43.349633231875494,-22.94961548269029,0,0,0,1,0,4.0,0716032 ESCOLA MUNICIPAL COMPOSITOR LUIZ GONZAGA,50.73,Grupo 3,Escola de risco,escola_risco
2017-01-01 12:00:00,33077720,POINT (-43.36220330670213 -22.95094642049338),5.3,EM AUGUSTO MAGNE,0734001 ESCOLA MUNICIPAL AUGUSTO MAGNE,-43.362203306702135,-22.95094642049337,0,0,0,1,0,4.0,0734001 ESCOLA MUNICIPAL AUGUSTO MAGNE,52.28,Grupo 4,Escola de risco,escola_risco
2017-01-01 12:00:00,33078025,POINT (-43.35500423354323 -22.89046721508889),5.0,EM JOSÉ JOAQUIM DE QUEIROZ JUNIOR,0716062 ESCOLA MUNICIPAL JOSE JOAQUIM DE QUEIROZ JUNIOR,-43.35500423354323,-22.890467215088893,0,0,0,1,0,4.0,0716062 ESCOLA MUNICIPAL JOSE JOAQUIM DE QUEIROZ JUNIOR,51.94,Grupo 4,Escola de risco,escola_risco
2017-01-01 12:00:00,33084734,POINT (-43.65077901778736 -22.93002639152246),4.8,EM HAYDEA VIANNA FIUZA DE CASTRO,1019018 ESCOLA MUNICIPAL HAYDEA VIANNA FIUZA DE CASTRO,-43.650779017787364,-22.930026391522457,0,0,0,0,1,4.0,1019018 ESCOLA MUNICIPAL HAYDEA VIANNA FIUZA DE CASTRO,46.11,Grupo 3,Escola de risco,escola_risco
2017-01-01 12:00:00,33070830,POINT (-43.30960578734398 -22.81316428480816),4.9,EM REPÚB. DO LÍBANO,0431018 ESCOLA MUNICIPAL REPUBLICA DO LIBANO,-43.309605787343976,-22.81316428480816,0,0,0,0,1,4.0,0431018 ESCOLA MUNICIPAL REPUBLICA DO LIBANO,49.28,Grupo 3,Escola de risco,escola_risco
2017-01-01 12:00:00,33070563,POINT (-43.31717668057237 -22.80677523044364),5.2,EM ENEYDA RABELLO DE ANDRADE,0431022 ESCOLA MUNICIPAL ENEYDA RABELLO DE ANDRADE,-43.317176680572366,-22.80677523044364,0,0,0,0,1,4.0,0431022 ESCOLA MUNICIPAL ENEYDA RABELLO DE ANDRADE,47.7,Grupo 3,Escola de risco,escola_risco
2017-01-01 12:00:00,33074640,POINT (-43.3494898373049 -22.85196250118587),5.4,EM PARÁ,0515001 ESCOLA MUNICIPAL PARA,-43.349489837304894,-22.851962501185874,0,0,0,1,0,4.0,0515001 ESCOLA MUNICIPAL PARA,51.19,Grupo 3,Escola de risco,escola_risco
2017-01-01 12:00:00,33074410,POINT (-43.34456772830319 -22.84657659168131),5.2,EM FRANCISCO FRIAS DE MESQUITA,0515007 ESCOLA MUNICIPAL FRANCISCO FRIAS DE MESQUITA,-43.344567728303176,-22.846576591681306,0,0,0,1,0,4.0,0515007 ESCOLA MUNICIPAL FRANCISCO FRIAS DE MESQUITA,50.28,Grupo 3,Escola de risco,escola_risco
2017-01-01 12:00:00,33087849,POINT (-43.29960633587141 -23.00814283288163),5.4,EM JACKSON DE FIGUEIREDO,0724003 ESCOLA MUNICIPAL JACKSON DE FIGUEIREDO,-43.29960633587141,-23.008142832881628,0,0,0,0,0,4.0,0724003 ESCOLA MUNICIPAL JACKSON DE FIGUEIREDO,46.09,Grupo 3,Escola de risco,escola_risco
2017-01-01 12:00:00,33084750,POINT (-43.7182037830478 -22.90259807002256),5.3,EM JAPÃO,1019048 ESCOLA MUNICIPAL JAPAO,-43.7182037830478,-22.90259807002257,0,0,0,1,0,4.0,1019048 ESCOLA MUNICIPAL JAPAO,52.47,Grupo 4,Escola de risco,escola_risco
2017-01-01 12:00:00,33077967,POINT (-43.35266685652697 -22.89693131883108),5.1,EM HONDURAS,0716059 ESCOLA MUNICIPAL HONDURAS,-43.352666856526966,-22.896931318831076,0,0,0,1,0,4.0,0716059 ESCOLA MUNICIPAL HONDURAS,42.06,Grupo 2,Escola de risco,escola_risco
2017-01-01 12:00:00,33079102,POINT (-43.49264067333531 -22.87082836134265),4.9,CIEP GILBERTO FREIRE,0817501 CIEP GILBERTO FREIRE,-43.49264067333532,-22.87082836134265,0,0,0,1,0,4.0,0817501 CIEP GILBERTO FREIRE,48.93,Grupo 3,Escola de risco,escola_risco
2017-01-01 12:00:00,33079137,POINT (-43.47904515151777 -22.88393074997102),4.9,CIEP MAR. JULIO CAETANO HORTA BARBOSA,0817505 CIEP MAL JULIO CAETANO HORTA BARBOSA,-43.479045151517774,-22.883930749971018,0,0,0,0,1,4.0,0817505 CIEP MAL JULIO CAETANO HORTA BARBOSA,51.18,Grupo 3,Escola de risco,escola_risco
2017-01-01 12:00:00,33079153,POINT (-43.47450083379093 -22.86506415364765),5.2,CIEP OLOF PALME,0817506 CIEP OLOF PALME,-43.474500833790934,-22.865064153647648,0,0,0,0,1,4.0,0817506 CIEP OLOF PALME,51.27,Grupo 3,Escola de risco,escola_risco
2017-01-01 12:00:00,33079145,POINT (-43.44837507776249 -22.87421684494831),4.8,CIEP MESTRE  ANDRÉ,0817507 CIEP MESTRE ANDRE,-43.44837507776249,-22.87421684494831,0,0,0,0,1,4.0,0817507 CIEP MESTRE ANDRE,46.79,Grupo 3,Escola de risco,escola_risco
2017-01-01 12:00:00,33079110,POINT (-43.47103876294999 -22.86654519629535),5.3,CIEP MAESTRINA CHIQUINHA GONZAGA,0817509 CIEP MAESTRINA CHIQUINHA GONZAGA,-43.47103876294999,-22.866545196295352,0,0,0,0,1,4.0,0817509 CIEP MAESTRINA CHIQUINHA GONZAGA,49.18,Grupo 3,Escola de risco,escola_risco
2017-01-01 12:00:00,33080224,POINT (-43.43648205175993 -22.87502486944946),4.9,EM CEL. CORSINO DO AMARANTE,0833021 ESCOLA MUNICIPAL CORONEL CORSINO DO AMARANTE,-43.43648205175993,-22.875024869449447,0,0,0,0,0,4.0,0833021 ESCOLA MUNICIPAL CORONEL CORSINO DO AMARANTE,52.48,Grupo 4,Escola de risco,escola_risco
2017-01-01 12:00:00,33080984,POINT (-43.43883855756602 -22.87009493402611),5.1,EM PRES. ROOSEVELT,0833024 ESCOLA MUNICIPAL PRESIDENTE ROOSEVELT,-43.438838557566015,-22.870094934026106,0,0,0,0,1,4.0,0833024 ESCOLA MUNICIPAL PRESIDENTE ROOSEVELT,50.59,Grupo 3,Escola de risco,escola_risco
2017-01-01 12:00:00,33081174,POINT (-43.42664561375391 -22.88336846056138),5.4,EM STELLA GUERRA DUVAL,0833032 ESCOLA MUNICIPAL STELLA GUERRA DUVAL,-43.42664561375391,-22.883368460561385,0,0,0,0,0,4.0,0833032 ESCOLA MUNICIPAL STELLA GUERRA DUVAL,50.21,Grupo 3,Escola de risco,escola_risco
2017-01-01 12:00:00,33080321,POINT (-43.41887796739833 -22.89274011549667),5.3,EM DALVA DE OLIVEIRA,0833033 ESCOLA MUNICIPAL DALVA DE OLIVEIRA,-43.41887796739833,-22.892740115496675,0,0,0,0,1,4.0,0833033 ESCOLA MUNICIPAL DALVA DE OLIVEIRA,52.9,Grupo 4,Escola de risco,escola_risco
2017-01-01 12:00:00,33079200,POINT (-43.42514879708349 -22.86652199365806),4.9,CIEP THOMAS JEFFERSON,0833503 CIEP THOMAS JEFFERSON,-43.425148797083494,-22.866521993658065,0,0,0,0,1,4.0,0833503 CIEP THOMAS JEFFERSON,50.3,Grupo 3,Escola de risco,escola_risco
2017-01-01 12:00:00,33079196,POINT (-43.43062259539163 -22.89036726636402),5.1,CIEP FRANCISCO SOLANO TRINDADE,0833504 CIEP FRANCISCO SOLANO TRINDADE,-43.43062259539163,-22.890367266364017,0,0,0,0,1,4.0,0833504 CIEP FRANCISCO SOLANO TRINDADE,51.92,Grupo 4,Escola de risco,escola_risco
2017-01-01 12:00:00,33079072,POINT (-43.47261589948966 -22.8941220883578),5.3,CIEP AMILCAR CABRAL,0817202 CIEP AMILCAR CABRAL,-43.47261589948966,-22.8941220883578,0,0,0,0,1,4.0,0817202 CIEP AMILCAR CABRAL,48.7,Grupo 3,Escola de risco,escola_risco
2017-01-01 12:00:00,33079218,POINT (-43.49047045478569 -22.85277926973535),5.2,CIEP VILA KENNEDY,0817207 CIEP VILA KENNEDY,-43.4904704547857,-22.85277926973535,0,0,0,1,0,4.0,0817207 CIEP VILA KENNEDY,51.92,Grupo 4,Escola de risco,escola_risco
2017-01-01 12:00:00,33080089,POINT (-43.47180410628045 -22.87728741047867),5.4,EM ANTÔNIO AUSTRAGÉSILO,0817012 ESCOLA MUNICIPAL ANTONIO AUSTREGESILO,-43.47180410628045,-22.877287410478665,0,0,0,1,0,4.0,0817012 ESCOLA MUNICIPAL ANTONIO AUSTREGESILO,51.61,Grupo 4,Escola de risco,escola_risco
2017-01-01 12:00:00,33080275,POINT (-43.47257471124655 -22.89242516939134),5.2,EM COMENIUS,0817014 ESCOLA MUNICIPAL COMENIUS,-43.472574711246544,-22.892425169391338,0,0,0,0,0,4.0,0817014 ESCOLA MUNICIPAL COMENIUS,51.74,Grupo 4,Escola de risco,escola_risco
2017-01-01 12:00:00,33080615,POINT (-43.49299875240067 -22.87860179382656),4.7,EM JORGE JABOUR,0817034 ESCOLA MUNICIPAL JORGE JABOUR,-43.49299875240067,-22.87860179382656,0,0,0,1,0,4.0,0817034 ESCOLA MUNICIPAL JORGE JABOUR,48.25,Grupo 3,Escola de risco,escola_risco
2017-01-01 12:00:00,33081085,POINT (-43.49471525592359 -22.86976447724268),4.8,EM RAUL FRANCISCO RYFF,0817046 ESCOLA MUNICIPAL RAUL FRANCISCO RYFF,-43.4947152559236,-22.869764477242683,0,0,0,1,0,4.0,,,,Escola de risco,escola_risco
2017-01-01 12:00:00,33146071,POINT (-43.23904312154457 -22.86491379351876),5.4,EM PROF° PAULO FREIRE,0430009 ESCOLA MUNICIPAL PROFESSOR PAULO FREIRE,-43.23904312154457,-22.864913793518767,0,0,0,0,1,4.0,0430009 ESCOLA MUNICIPAL PROFESSOR PAULO FREIRE,50.19,Grupo 3,Escola de risco,escola_risco
2017-01-01 12:00:00,33142920,POINT (-43.53150028087161 -22.85509820408111),4.9,EM PROF° FÁBIO CÉSAR PACÍFICO,0918086 ESCOLA MUNICIPAL PROFESSOR FABIO CESAR PACIFICO,-43.53150028087161,-22.85509820408111,0,0,0,0,1,4.0,0918086 ESCOLA MUNICIPAL PROFESSOR FABIO CESAR PACIFICO,52.02,Grupo 4,Escola de risco,escola_risco
2017-01-01 12:00:00,33081786,POINT (-43.61890620813982 -22.91244460344654),5.1,CIEP CLAUDIO MANOEL DA COSTA,0918205 CIEP CLAUDIO MANOEL DA COSTA,-43.61890620813982,-22.91244460344654,0,0,0,0,1,4.0,0918205 CIEP CLAUDIO MANOEL DA COSTA,50.63,Grupo 3,Escola de risco,escola_risco
2017-01-01 12:00:00,33083266,POINT (-43.60957546403506 -22.88715841173912),5.4,EM PROF° MANOEL MAURÍCIO,0918011 ESCOLA MUNICIPAL PROFESSOR MANOEL MAURICIO,-43.60957546403506,-22.887158411739122,0,0,0,0,1,4.0,0918011 ESCOLA MUNICIPAL PROFESSOR MANOEL MAURICIO,50.87,Grupo 3,Escola de risco,escola_risco
2017-01-01 12:00:00,33088063,POINT (-43.33739726346148 -22.82542310183583),4.9,CIEP DR. ADÃO PEREIRA NUNES,0625501 CIEP DOUTOR ADAO PEREIRA NUNES,-43.337397263461476,-22.825423101835828,0,0,0,1,0,4.0,0625501 CIEP DOUTOR ADAO PEREIRA NUNES,46.01,Grupo 3,Escola de risco,escola_risco
2017-01-01 12:00:00,33073970,POINT (-43.33092826291528 -22.8349114622026),5.2,CIEP DOM OSCAR ROMERO,0514501 CIEP DOM OSCAR ROMERO,-43.33092826291528,-22.8349114622026,0,0,0,0,0,4.0,0514501 CIEP DOM OSCAR ROMERO,46.66,Grupo 3,Escola de risco,escola_risco
2017-01-01 12:00:00,33071322,POINT (-43.26384709676302 -22.89417786829224),5.0,CIEP CHANCELER WILLY BRANDT,0313502 CIEP CHANCELER WILLY BRANDT,-43.26384709676302,-22.89417786829225,0,0,0,0,1,4.0,0313502 CIEP CHANCELER WILLY BRANDT,46.21,Grupo 3,Escola de risco,escola_risco
2017-01-01 12:00:00,33062439,POINT (-43.18928050487541 -22.89574001410427),5.2,EM DARCY VARGASS,0101003 ESCOLA MUNICIPAL DARCY VARGAS,-43.189280504875406,-22.89574001410428,0,0,0,1,0,4.0,0101003 ESCOLA MUNICIPAL DARCY VARGAS,49.41,Grupo 3,Escola de risco,escola_risco
2017-01-01 12:00:00,33062358,POINT (-43.22532558878743 -22.88088832887265),4.7,CIEP HENFIL,0101501 CIEP HENFIL,-43.22532558878744,-22.880888328872647,0,0,0,1,0,4.0,0101501 CIEP HENFIL,46.14,Grupo 3,Escola de risco,escola_risco
2017-01-01 12:00:00,33063150,POINT (-43.21022640243746 -22.9230370296045),4.4,EM JENNY GOMES,0103006 ESCOLA MUNICIPAL JENNY GOMES,-43.21022640243745,-22.9230370296045,0,0,0,1,0,4.0,0103006 ESCOLA MUNICIPAL JENNY GOMES,50.86,Grupo 3,Escola de risco,escola_risco
2017-01-01 12:00:00,33066329,POINT (-43.22912895184218 -22.90644336758396),5.4,EM MESTRE WALDEMIRO,0107502 ESCOLA MUNICIPAL MESTRE WALDEMIRO,-43.229128951842185,-22.90644336758396,0,0,0,0,0,4.0,0107502 ESCOLA MUNICIPAL MESTRE WALDEMIRO,50.87,Grupo 3,Escola de risco,escola_risco
2017-01-01 12:00:00,33069425,POINT (-43.27004019172121 -22.86487075027327),5.1,EM PROF° MOURÃO FILHO,0329001 ESCOLA MUNICIPAL PROFESSOR MOURAO FILHO,-43.27004019172122,-22.86487075027327,0,0,0,0,1,4.0,0329001 ESCOLA MUNICIPAL PROFESSOR MOURAO FILHO,50.46,Grupo 3,Escola de risco,escola_risco
2017-01-01 12:00:00,33071179,POINT (-43.27950800751852 -22.91105327228821),5.4,EM LINS DE VASCONCELOS,0313503 ESCOLA MUNICIPAL LINS DE VASCONCELOS,-43.27950800751852,-22.911053272288214,0,0,0,0,1,4.0,0313503 ESCOLA MUNICIPAL LINS DE VASCONCELOS,48.81,Grupo 3,Escola de risco,escola_risco
2017-01-01 12:00:00,33071225,POINT (-43.26940823211295 -22.86709217979113),5.3,EM PROFª VERA SABACK SAMPAIO,0312037 ESCOLA MUNICIPAL PROFESSORA VERA SABACK SAMPAIO,-43.26940823211295,-22.867092179791133,0,0,0,0,0,4.0,0312037 ESCOLA MUNICIPAL PROFESSORA VERA SABACK SAMPAIO,48.85,Grupo 3,Escola de risco,escola_risco
2017-01-01 12:00:00,33084130,POINT (-43.70370110997459 -22.90670207719489),5.1,CIEP PAPA JOÃO XXIII,1019209 CIEP PAPA JOAO XXIII,-43.7037011099746,-22.90670207719489,0,0,0,0,1,4.0,1019209 CIEP PAPA JOAO XXIII,49.53,Grupo 3,Escola de risco,escola_risco
2017-01-01 12:00:00,33066973,POINT (-43.25809525343482 -22.94797169693445),5.1,EM ARAÚJO PORTO ALEGRE,0208017 ESCOLA MUNICIPAL ARAUJO PORTO ALEGRE,-43.25809525343482,-22.94797169693445,0,0,0,0,1,4.0,0208017 ESCOLA MUNICIPAL ARAUJO PORTO ALEGRE,49.54,Grupo 3,Escola de risco,escola_risco
2017-01-01 12:00:00,33077983,POINT (-43.36965355520196 -22.94807867902847),4.1,EM JOAQUIM FONTES,0734008 ESCOLA MUNICIPAL JOAQUIM FONTES,-43.36965355520196,-22.948078679028463,0,0,0,0,0,4.0,0734008 ESCOLA MUNICIPAL JOAQUIM FONTES,50.02,Grupo 3,Escola de risco,escola_risco
2017-01-01 12:00:00,33074623,POINT (-43.33449310752086 -22.82339326807713),4.8,EM OLIMPIA DO COUTO,0514030 ESCOLA MUNICIPAL OLIMPIA DO COUTO,-43.33449310752085,-22.82339326807713,0,0,0,1,0,4.0,0514030 ESCOLA MUNICIPAL OLIMPIA DO COUTO,49.33,Grupo 3,Escola de risco,escola_risco
2017-01-01 12:00:00,33083134,POINT (-43.58563524869552 -22.9729463487638),5.4,EM MONTEIRO LOBATO,1026002 ESCOLA MUNICIPAL MONTEIRO LOBATO,-43.58563524869554,-22.972946348763795,0,0,0,0,1,4.0,1026002 ESCOLA MUNICIPAL MONTEIRO LOBATO,48.7,Grupo 3,Escola de risco,escola_risco
2017-01-01 12:00:00,33080810,POINT (-43.45065218838074 -22.86876566380888),5.1,EM MOACYR PADILHA,0817050 ESCOLA MUNICIPAL MOACYR PADILHA,-43.450652188380744,-22.868765663808883,0,0,0,1,0,4.0,0817050 ESCOLA MUNICIPAL MOACYR PADILHA,52.29,Grupo 4,Escola de risco,escola_risco
2017-01-01 12:00:00,33087784,POINT (-43.2500215972459 -22.98371092231979),6.0,EM ABELARDO CHACRINHA BARBOSA,0227001 ESCOLA MUNICIPAL ABELARDO CHACRINHA BARBOSA,-43.250021597245905,-22.98371092231979,1,0,1,0,1,2.0,0227001 ESCOLA MUNICIPAL ABELARDO CHACRINHA BARBOSA,48.56,Grupo 3,Escola referência,pessimo_pra_bom_bin
2017-01-01 12:00:00,33146268,POINT (-43.38986811115883 -22.96862317920035),7.8,EM ROBERTO BURLE MARX,0716073 ESCOLA MUNICIPAL ROBERTO BURLE MARX,-43.389868111158826,-22.968623179200353,0,1,1,1,0,1.0,0716073 ESCOLA MUNICIPAL ROBERTO BURLE MARX,57.83,Grupo 5,Escola referência,ruim_pra_bom_bin
2017-01-01 12:00:00,33087121,POINT (-43.36540663503844 -22.84437646246898),6.3,EM ISAIAS ALVES,0622021 ESCOLA MUNICIPAL ISAIAS ALVES,-43.36540663503843,-22.844376462468986,0,1,0,1,0,1.0,0622021 ESCOLA MUNICIPAL ISAIAS ALVES,51.32,Grupo 3,Escola referência,ruim_pra_bom_bin
2017-01-01 12:00:00,33068755,POINT (-43.25467600403228 -22.85538558623155),6.3,CIEP YURI GAGARIN,0410202 CIEP YURI GAGARIN,-43.25467600403228,-22.855385586231552,1,0,1,0,1,1.0,0410202 CIEP YURI GAGARIN,47.15,Grupo 3,Escola referência,pessimo_pra_bom_bin
2017-01-01 12:00:00,33069379,POINT (-43.25427994673501 -22.86047012163349),6.2,EM PEDRO LESSA,0410004 ESCOLA MUNICIPAL PEDRO LESSA,-43.25427994673501,-22.860470121633487,0,1,0,1,0,2.0,0410004 ESCOLA MUNICIPAL PEDRO LESSA,52.26,Grupo 4,Escola referência,ruim_pra_bom_bin
2017-01-01 12:00:00,33069220,POINT (-43.25245066664035 -22.85386827633995),6.2,EM DILERMANDO CRUZ,0410009 ESCOLA MUNICIPAL DILERMANDO CRUZ,-43.25245066664035,-22.853868276339952,0,1,0,1,0,2.0,0410009 ESCOLA MUNICIPAL DILERMANDO CRUZ,50.82,Grupo 3,Escola referência,ruim_pra_bom_bin
2017-01-01 12:00:00,33069158,POINT (-43.26074761919915 -22.84325365015905),6.4,EM BRASIL,0410021 ESCOLA MUNICIPAL BRASIL,-43.26074761919915,-22.84325365015905,0,1,0,1,0,1.0,0410021 ESCOLA MUNICIPAL BRASIL,53.09,Grupo 4,Escola referência,ruim_pra_bom_bin
2017-01-01 12:00:00,33070423,POINT (-43.27103764521924 -22.83408775594211),6.4,EM ARIOSTO ESPINHEIRA,0411007 ESCOLA MUNICIPAL ARIOSTO ESPINHEIRA,-43.27103764521925,-22.83408775594211,0,1,0,1,0,1.0,0411007 ESCOLA MUNICIPAL ARIOSTO ESPINHEIRA,54.44,Grupo 4,Escola referência,ruim_pra_bom_bin
2017-01-01 12:00:00,33086044,POINT (-43.17389897895603 -22.82120013023584),6.0,EM CUBA,1120001 ESCOLA MUNICIPAL CUBA,-43.173898978956025,-22.821200130235837,0,1,0,1,0,2.0,1120001 ESCOLA MUNICIPAL CUBA,52.66,Grupo 4,Escola referência,ruim_pra_bom_bin
2017-01-01 12:00:00,33085935,POINT (-43.19655091132197 -22.81004770932461),6.2,EM ÁLVARO MOREIRA,1120008 ESCOLA MUNICIPAL ALVARO MOREIRA,-43.196550911321964,-22.810047709324607,0,1,0,1,0,2.0,1120008 ESCOLA MUNICIPAL ALVARO MOREIRA,53.08,Grupo 4,Escola referência,ruim_pra_bom_bin
2017-01-01 12:00:00,33086133,POINT (-43.20063623028346 -22.81472925665339),7.4,EM PE. JOSÉ DE ANCHIETA,1120009 ESCOLA MUNICIPAL PADRE JOSE DE ANCHIETA,-43.20063623028347,-22.81472925665339,0,1,1,1,0,1.0,1120009 ESCOLA MUNICIPAL PADRE JOSE DE ANCHIETA,52.38,Grupo 4,Escola referência,ruim_pra_bom_bin
2017-01-01 12:00:00,33086036,POINT (-43.19718723802351 -22.81650848605236),6.6,EM COSTA RICA,1120010 ESCOLA MUNICIPAL COSTA RICA,-43.19718723802351,-22.81650848605236,0,1,0,1,0,1.0,1120010 ESCOLA MUNICIPAL COSTA RICA,53.46,Grupo 4,Escola referência,ruim_pra_bom_bin
2017-01-01 12:00:00,33086001,POINT (-43.18212893063132 -22.79735502919247),6.0,EM CAP. DE FRAGATA DIDIER BARBOSA VIANNA,1120017 ESCOLA MUNICIPAL CAPITAO DE FRAGATA DIDIER BARBOSA VIANNA,-43.18212893063132,-22.797355029192467,1,0,1,0,1,2.0,1120017 ESCOLA MUNICIPAL CAPITAO DE FRAGATA DIDIER BARBOSA VIANNA,49.25,Grupo 3,Escola referência,pessimo_pra_bom_bin
2017-01-01 12:00:00,33085919,POINT (-43.23775916991588 -22.81220830516548),6.3,EM ALBERTO DE OLIVEIRA,1120025 ESCOLA MUNICIPAL ALBERTO DE OLIVEIRA,-43.23775916991588,-22.812208305165488,1,0,1,0,1,1.0,1120025 ESCOLA MUNICIPAL ALBERTO DE OLIVEIRA,51.34,Grupo 3,Escola referência,pessimo_pra_bom_bin
2017-01-01 12:00:00,33086010,POINT (-43.22583117148423 -22.78598621030758),6.3,EM COMTE. GUILHERME FISCHER PRESSER,1120028 ESCOLA MUNICIPAL COMANDANTE GUILHERME FISCHER PRESSER,-43.225831171484224,-22.78598621030758,0,1,0,1,0,1.0,1120028 ESCOLA MUNICIPAL COMANDANTE GUILHERME FISCHER PRESSER,49.5,Grupo 3,Escola referência,ruim_pra_bom_bin
2017-01-01 12:00:00,33082634,POINT (-43.59216796046099 -22.89652570313121),6.1,EM ATENAS,0918004 ESCOLA MUNICIPAL ATENAS,-43.592167960461,-22.896525703131214,0,1,1,1,0,2.0,0918004 ESCOLA MUNICIPAL ATENAS,50.87,Grupo 3,Escola referência,ruim_pra_bom_bin
2017-01-01 12:00:00,33083401,POINT (-43.51311507089172 -22.86745093375918),6.3,EM SAMUEL WAINER,0918046 ESCOLA MUNICIPAL SAMUEL WAINER,-43.513115070891715,-22.86745093375917,1,0,1,0,1,1.0,0918046 ESCOLA MUNICIPAL SAMUEL WAINER,51.24,Grupo 3,Escola referência,pessimo_pra_bom_bin
2017-01-01 12:00:00,33066248,POINT (-43.23389436138828 -22.89220679925463),6.3,EM EDMUNDO BITTENCOURT,0107501 ESCOLA MUNICIPAL EDMUNDO BITTENCOURT,-43.23389436138828,-22.892206799254627,0,1,1,1,0,1.0,0107501 ESCOLA MUNICIPAL EDMUNDO BITTENCOURT,51.04,Grupo 3,Escola referência,ruim_pra_bom_bin
2017-01-01 12:00:00,33063192,POINT (-43.21163370967037 -22.91164525862811),6.2,EM REVER. MARTIN LUTHER KING,0208002 ESCOLA MUNICIPAL REVERENDO MARTIN LUTHER KING,-43.211633709670366,-22.91164525862812,0,1,1,1,0,2.0,0208002 ESCOLA MUNICIPAL REVERENDO MARTIN LUTHER KING,47.97,Grupo 3,Escola referência,ruim_pra_bom_bin
2017-01-01 12:00:00,33066507,POINT (-43.25309867626435 -22.94047952243364),6.0,CIEP DR. ANTOINE MAGARINOS TORRES FILHO,0208502 CIEP DOUTOR ANTOINE MAGARINOS TORRES FILHO,-43.25309867626435,-22.940479522433645,1,0,1,0,1,2.0,0208502 CIEP DOUTOR ANTOINE MAGARINOS TORRES FILHO,47.42,Grupo 3,Escola referência,pessimo_pra_bom_bin
2017-01-01 12:00:00,33072841,POINT (-43.27339362710383 -22.88681346156459),7.3,EM JEAN MERMOZ,0313027 ESCOLA MUNICIPAL JEAN MERMOZ,-43.27339362710382,-22.886813461564582,0,1,1,1,0,1.0,0313027 ESCOLA MUNICIPAL JEAN MERMOZ,53.79,Grupo 4,Escola referência,ruim_pra_bom_bin
2017-01-01 12:00:00,33075069,POINT (-43.32855226227645 -22.88605592679162),6.1,CIEP PROF° MANOEL MAURÍCIO ALBUQUERQUE,0515502 CIEP PROFESSOR MANOEL MAURICIO DE ALBUQUERQUE,-43.328552262276446,-22.886055926791617,1,0,1,0,1,2.0,0515502 CIEP PROFESSOR MANOEL MAURICIO DE ALBUQUERQUE,48.64,Grupo 3,Escola referência,pessimo_pra_bom_bin
2017-01-01 12:00:00,33075077,POINT (-43.32570846224004 -22.8771291437498),6.0,CIEP METALÚRGICO BENEDITO CERQUEIRA,0515503 CIEP METALURGICO BENEDITO CERQUEIRA,-43.325708462240044,-22.8771291437498,1,0,1,0,1,2.0,0515503 CIEP METALURGICO BENEDITO CERQUEIRA,46.08,Grupo 3,Escola referência,pessimo_pra_bom_bin
2017-01-01 12:00:00,33084149,POINT (-43.64502525190709 -22.92199462396033),6.1,CIEP ROBERTO MORENA,1019205 CIEP ROBERTO MORENA,-43.64502525190709,-22.921994623960327,1,0,1,0,1,2.0,1019205 CIEP ROBERTO MORENA,50.52,Grupo 3,Escola referência,pessimo_pra_bom_bin
2017-01-01 12:00:00,33086893,POINT (-43.40836657617364 -22.83722905945931),6.1,EM ANTÔNIO MACEO,0622002 ESCOLA MUNICIPAL ANTONIO MACEO,-43.40836657617364,-22.837229059459315,0,1,0,1,0,2.0,0622002 ESCOLA MUNICIPAL ANTONIO MACEO,53.79,Grupo 4,Escola referência,ruim_pra_bom_bin
2017-01-01 12:00:00,33076936,POINT (-43.3541419003425 -22.9491420434079),6.1,CIEP LUIZ CARLOS PRESTES,0734501 CIEP LUIZ CARLOS PRESTES,-43.35414190034251,-22.9491420434079,1,0,1,0,1,2.0,,,,Escola referência,pessimo_pra_bom_bin
2017-01-01 12:00:00,33076880,POINT (-43.37244133656815 -22.88512049322231),6.3,CIEP ALMIR BONFIM DE ANDRADE,0716502 CIEP ALMIR BONFIM DE ANDRADE,-43.372441336568144,-22.88512049322231,0,1,1,1,0,1.0,0716502 CIEP ALMIR BONFIM DE ANDRADE,51.36,Grupo 3,Escola referência,ruim_pra_bom_bin
2017-01-01 12:00:00,33065225,POINT (-43.2224366956178 -22.97827464511926),6.1,CIEP NAÇÃO RUBRO NEGRA,0206502 CIEP NACAO RUBRO NEGRA,-43.2224366956178,-22.97827464511926,1,0,1,0,1,2.0,0206502 CIEP NACAO RUBRO NEGRA,48.08,Grupo 3,Escola referência,pessimo_pra_bom_bin
2017-01-01 12:00:00,33063265,POINT (-43.19972337709782 -22.95916715402146),6.5,CIEP PRES. AGOSTINHO NETO,0204502 CIEP PRESIDENTE AGOSTINHO NETO,-43.19972337709782,-22.95916715402145,1,0,1,0,1,1.0,0204502 CIEP PRESIDENTE AGOSTINHO NETO,48.1,Grupo 3,Escola referência,pessimo_pra_bom_bin
2017-01-01 12:00:00,33078335,POINT (-43.38027883577522 -22.91382331856299),6.4,EM ROSA DO POVO,0716052 ESCOLA MUNICIPAL ROSA DO POVO,-43.38027883577522,-22.913823318562983,1,0,1,0,1,1.0,0716052 ESCOLA MUNICIPAL ROSA DO POVO,50.32,Grupo 3,Escola referência,pessimo_pra_bom_bin
2017-01-01 12:00:00,33069212,POINT (-43.26316070668749 -22.87287817253828),6.6,EM D. JOÃO VI,0312005 ESCOLA MUNICIPAL D JOAO VI,-43.263160706687486,-22.872878172538275,1,0,1,0,1,1.0,0312005 ESCOLA MUNICIPAL D JOAO VI,51.3,Grupo 3,Escola referência,pessimo_pra_bom_bin
2017-01-01 12:00:00,33072728,POINT (-43.27285674209013 -22.8738424523652),6.1,EM EURICO VILELA,0312021 ESCOLA MUNICIPAL EURICO VILLELA,-43.27285674209013,-22.8738424523652,1,0,1,0,1,2.0,0312021 ESCOLA MUNICIPAL EURICO VILLELA,51.29,Grupo 3,Escola referência,pessimo_pra_bom_bin
2017-01-01 12:00:00,33070717,POINT (-43.2938087481657 -22.83480636623348),6.1,EM MINISTRO PLÍNIO CASADO,0411023 ESCOLA MUNICIPAL MINISTRO PLINIO CASADO,-43.293808748165695,-22.834806366233483,0,1,0,1,0,2.0,0411023 ESCOLA MUNICIPAL MINISTRO PLINIO CASADO,51.85,Grupo 4,Escola referência,ruim_pra_bom_bin
2017-01-01 12:00:00,33065721,POINT (-43.27218131103015 -22.99741715007322),6.5,EM LÚCIA MIGUEL PEREIRA,0206022 ESCOLA MUNICIPAL LUCIA MIGUEL PEREIRA,-43.27218131103015,-22.997417150073233,1,0,1,0,1,1.0,0206022 ESCOLA MUNICIPAL LUCIA MIGUEL PEREIRA,47.03,Grupo 3,Escola referência,pessimo_pra_bom_bin
2017-01-01 12:00:00,33064962,POINT (-43.18906254217066 -22.97482765482927),6.5,EM DR. COCIO BARCELLOS,0205004 ESCOLA MUNICIPAL DOUTOR COCIO BARCELLOS,-43.18906254217066,-22.974827654829262,0,1,0,1,0,1.0,0205004 ESCOLA MUNICIPAL DOUTOR COCIO BARCELLOS,48.92,Grupo 3,Escola referência,ruim_pra_bom_bin
2017-01-01 12:00:00,33077932,POINT (-43.39133202950658 -22.91168727445346),6.2,EM GASTÃO MONTEIRO MOUTINHO,0716043 ESCOLA MUNICIPAL GASTAO MONTEIRO MOUTINHO,-43.39133202950658,-22.91168727445345,1,0,1,0,1,2.0,0716043 ESCOLA MUNICIPAL GASTAO MONTEIRO MOUTINHO,52.98,Grupo 4,Escola referência,pessimo_pra_bom_bin
2017-01-01 12:00:00,33077843,POINT (-43.36027140350052 -22.91908925483007),6.6,EM EMBAIX. DIAS CARNEIRO,0716057 ESCOLA MUNICIPAL EMBAIXADOR DIAS CARNEIRO,-43.36027140350052,-22.91908925483007,0,1,1,1,0,1.0,0716057 ESCOLA MUNICIPAL EMBAIXADOR DIAS CARNEIRO,52.73,Grupo 4,Escola referência,ruim_pra_bom_bin
2017-01-01 12:00:00,33078173,POINT (-43.3466811376325 -22.9031984307979),6.3,EM MORVAN DE FIGUEIREDO,0716061 ESCOLA MUNICIPAL MORVAN DE FIGUEIREDO,-43.3466811376325,-22.903198430797897,1,0,1,0,1,1.0,0716061 ESCOLA MUNICIPAL MORVAN DE FIGUEIREDO,51.86,Grupo 4,Escola referência,pessimo_pra_bom_bin
2017-01-01 12:00:00,33084980,POINT (-43.62366542681041 -22.9203583195882),6.1,EM PROF° JOÃO GUALBERTO JORGE DO AMARAL,1019004 ESCOLA MUNICIPAL PROFESSOR JOAO GUALBERTO JORGE DO AMARAL,-43.623665426810405,-22.9203583195882,0,1,0,1,0,2.0,1019004 ESCOLA MUNICIPAL PROFESSOR JOAO GUALBERTO JORGE DO AMARAL,52.3,Grupo 4,Escola referência,ruim_pra_bom_bin
2017-01-01 12:00:00,33083320,POINT (-43.63797219336081 -22.97719607996591),6.2,EM PROFª LEOCÁDIA TORRES,1026007 ESCOLA MUNICIPAL PROFESSORA LEOCADIA TORRES,-43.637972193360824,-22.97719607996591,1,0,1,0,1,2.0,1026007 ESCOLA MUNICIPAL PROFESSORA LEOCADIA TORRES,50.78,Grupo 3,Escola referência,pessimo_pra_bom_bin
2017-01-01 12:00:00,33082618,POINT (-43.56723664250747 -23.0680731847842),6.4,EM ANA NERI,1026013 ESCOLA MUNICIPAL ANA NERI,-43.56723664250747,-23.068073184784197,0,1,1,1,0,1.0,1026013 ESCOLA MUNICIPAL ANA NERI,53.37,Grupo 4,Escola referência,ruim_pra_bom_bin
2017-01-01 12:00:00,33082910,POINT (-43.55488359326547 -23.05306427516473),6.3,EM FLORIPES ANGLADAS LUCAS,1026011 ESCOLA MUNICIPAL FLORIPES ANGLADAS LUCAS,-43.554883593265465,-23.05306427516473,1,0,1,0,1,1.0,,,,Escola referência,pessimo_pra_bom_bin
2017-01-01 12:00:00,33069247,POINT (-43.25299934589417 -22.88015307162323),6.1,EM EMA NEGRÃO DE LIMA,0410001 ESCOLA MUNICIPAL EMA NEGRAO DE LIMA,-43.252999345894175,-22.88015307162323,0,1,0,1,0,2.0,0410001 ESCOLA MUNICIPAL EMA NEGRAO DE LIMA,49.63,Grupo 3,Escola referência,ruim_pra_bom_bin
2017-01-01 12:00:00,33062803,POINT (-43.1852997208165 -22.90792222992883),6.1,EM TIRADENTES,0102002 ESCOLA MUNICIPAL TIRADENTES,-43.18529972081649,-22.907922229928843,0,1,0,1,0,2.0,0102002 ESCOLA MUNICIPAL TIRADENTES,49.38,Grupo 3,Escola referência,ruim_pra_bom_bin
2017-01-01 12:00:00,33064067,POINT (-43.17647038722227 -22.94071128734921),7.1,EM ALBERTO BARTH,0204003 ESCOLA MUNICIPAL ALBERTO BARTH,-43.176470387222274,-22.94071128734921,1,0,1,0,1,1.0,0204003 ESCOLA MUNICIPAL ALBERTO BARTH,51.18,Grupo 3,Escola referência,pessimo_pra_bom_bin
2017-01-01 12:00:00,33064202,POINT (-43.17882825357054 -22.93655408151228),6.5,CLAS. EM COOP. EDUCANDÁRIO ROMÃO DE MATTOS DUARTE,0204004 ESCOLA MUNICIPAL EDUCANDARIO ROMAO DE MATTOS DUARTE,-43.17882825357053,-22.93655408151228,0,1,1,1,0,1.0,,,,Escola referência,ruim_pra_bom_bin
2017-01-01 12:00:00,33064113,POINT (-43.18212290784002 -22.95398403216386),7.1,EM FRANCISCO ALVES,0204010 ESCOLA MUNICIPAL FRANCISCO ALVES,-43.182122907840025,-22.953984032163852,0,1,1,1,0,1.0,0204010 ESCOLA MUNICIPAL FRANCISCO ALVES,49.56,Grupo 3,Escola referência,ruim_pra_bom_bin
2017-01-01 12:00:00,33087482,POINT (-43.20425695766655 -22.93655127428086),6.1,EM JULIA LOPES DE ALMEIDA,0123003 ESCOLA MUNICIPAL JULIA LOPES DE ALMEIDA,-43.20425695766655,-22.936551274280852,0,1,0,1,0,2.0,0123003 ESCOLA MUNICIPAL JULIA LOPES DE ALMEIDA,49.47,Grupo 3,Escola referência,ruim_pra_bom_bin
2017-01-01 12:00:00,33066299,POINT (-43.23009012918701 -22.89027262763516),6.5,EM JOÃO DE CAMARGO,0107005 ESCOLA MUNICIPAL JOAO DE CAMARGO,-43.23009012918701,-22.89027262763516,0,1,0,1,0,1.0,0107005 ESCOLA MUNICIPAL JOAO DE CAMARGO,50.61,Grupo 3,Escola referência,ruim_pra_bom_bin
2017-01-01 12:00:00,33063184,POINT (-43.20857884291321 -22.92441238589643),6.3,EM PEREIRA PASSOS,0103004 ESCOLA MUNICIPAL PEREIRA PASSOS,-43.208578842913205,-22.92441238589643,1,0,1,0,1,1.0,0103004 ESCOLA MUNICIPAL PEREIRA PASSOS,49.81,Grupo 3,Escola referência,pessimo_pra_bom_bin
2017-01-01 12:00:00,33077959,POINT (-43.41360702914312 -22.97233366888446),6.3,EM HEMETÉRIO DOS SANTOS,0724016 ESCOLA MUNICIPAL HEMETERIO DOS SANTOS,-43.413607029143115,-22.972333668884463,0,1,1,1,0,1.0,,,,Escola referência,ruim_pra_bom_bin
2017-01-01 12:00:00,33078343,POINT (-43.46119416680475 -22.98164441561259),6.1,EM SÃO SEBASTIÃO,0724018 ESCOLA MUNICIPAL SAO SEBASTIAO,-43.461194166804745,-22.981644415612593,0,1,0,1,0,2.0,0724018 ESCOLA MUNICIPAL SAO SEBASTIAO,50.72,Grupo 3,Escola referência,ruim_pra_bom_bin
2017-01-01 12:00:00,33070776,POINT (-43.32227637295602 -22.813711796489),6.2,EM PRES. GRONCHI,0431023 ESCOLA MUNICIPAL PRESIDENTE GRONCHI,-43.322276372956026,-22.813711796489,0,1,0,1,0,2.0,0431023 ESCOLA MUNICIPAL PRESIDENTE GRONCHI,53.5,Grupo 4,Escola referência,ruim_pra_bom_bin
2017-01-01 12:00:00,33074470,POINT (-43.31484128204986 -22.82471748366276),6.7,EM J. CARLOS,0514012 ESCOLA MUNICIPAL J CARLOS,-43.314841282049855,-22.824717483662766,0,1,0,1,0,1.0,0514012 ESCOLA MUNICIPAL J CARLOS,54.88,Grupo 4,Escola referência,ruim_pra_bom_bin
2017-01-01 12:00:00,33074429,POINT (-43.32717927897698 -22.82981223898338),6.0,EM FRANCISCO SERTORIO PORTINHO,0514026 ESCOLA MUNICIPAL FRANCISCO SERTORIO PORTINHO,-43.327179278976985,-22.82981223898338,0,1,0,1,0,2.0,0514026 ESCOLA MUNICIPAL FRANCISCO SERTORIO PORTINHO,52.23,Grupo 4,Escola referência,ruim_pra_bom_bin
2017-01-01 12:00:00,33084653,POINT (-43.6371192667296 -22.91510590427039),6.2,EM ESPANHA,1019033 ESCOLA MUNICIPAL ESPANHA,-43.63711926672961,-22.91510590427039,0,1,1,1,0,2.0,1019033 ESCOLA MUNICIPAL ESPANHA,52.53,Grupo 4,Escola referência,ruim_pra_bom_bin
2017-01-01 12:00:00,33084866,POINT (-43.63470769014093 -22.9225142478947),6.1,EM MIGUEL CALMON,1019032 ESCOLA MUNICIPAL MIGUEL CALMON,-43.634707690140935,-22.922514247894703,0,1,0,1,0,2.0,1019032 ESCOLA MUNICIPAL MIGUEL CALMON,52.16,Grupo 4,Escola referência,ruim_pra_bom_bin
2017-01-01 12:00:00,33069190,POINT (-43.26547584832847 -22.84944622238651),6.6,EM CLÓVIS BEVILÁQUA,0410015 ESCOLA MUNICIPAL CLOVIS BEVILAQUA,-43.265475848328464,-22.84944622238652,0,1,1,1,0,1.0,0410015 ESCOLA MUNICIPAL CLOVIS BEVILAQUA,51.81,Grupo 4,Escola referência,ruim_pra_bom_bin
2017-01-01 12:00:00,33073147,POINT (-43.27075790294405 -22.87275845878456),6.1,EM PROFª ARMINDA MOREIRA PADOVA,0312025 ESCOLA MUNICIPAL PROFESSORA ARMINDA MOREIRA PADOVA,-43.27075790294405,-22.872758458784556,0,1,0,1,0,2.0,0312025 ESCOLA MUNICIPAL PROFESSORA ARMINDA MOREIRA PADOVA,55.17,Grupo 4,Escola referência,ruim_pra_bom_bin
2017-01-01 12:00:00,33073139,POINT (-43.27384040737801 -22.86752209297861),6.1,EM PROF°  AFONSO VÁRZEA,0312027 ESCOLA MUNICIPAL PROFESSOR AFONSO VARZEA,-43.273840407377996,-22.86752209297861,0,1,0,1,0,2.0,0312027 ESCOLA MUNICIPAL PROFESSOR AFONSO VARZEA,50.12,Grupo 3,Escola referência,ruim_pra_bom_bin
2017-01-01 12:00:00,33072558,POINT (-43.2829410273299 -22.87318793579129),6.0,EM BARÃO DE MACAHUBAS,0312015 ESCOLA MUNICIPAL BARAO DE MACAHUBAS,-43.282941027329905,-22.873187935791286,0,1,0,1,0,2.0,0312015 ESCOLA MUNICIPAL BARAO DE MACAHUBAS,55.08,Grupo 4,Escola referência,ruim_pra_bom_bin
2017-01-01 12:00:00,33075999,POINT (-43.34454983322417 -22.86084585922176),6.5,EM ASPIRANTE CARLOS ALFREDO,0515061 ESCOLA MUNICIPAL ASPIRANTE CARLOS ALFREDO,-43.34454983322417,-22.860845859221765,0,1,1,1,0,1.0,0515061 ESCOLA MUNICIPAL ASPIRANTE CARLOS ALFREDO,51.57,Grupo 4,Escola referência,ruim_pra_bom_bin
2017-01-01 12:00:00,33076162,POINT (-43.32117418143648 -22.88921991052596),6.2,EM HAITI,0515037 ESCOLA MUNICIPAL HAITI,-43.32117418143647,-22.88921991052597,0,1,0,1,0,2.0,0515037 ESCOLA MUNICIPAL HAITI,51.41,Grupo 3,Escola referência,ruim_pra_bom_bin
2017-01-01 12:00:00,33076448,POINT (-43.32246161078024 -22.88390377265423),6.4,EM SEN. FRANCISCO GALLOTTI,0515053 ESCOLA MUNICIPAL SENADOR FRANCISCO GALLOTTI,-43.32246161078024,-22.88390377265423,0,1,1,1,0,1.0,0515053 ESCOLA MUNICIPAL SENADOR FRANCISCO GALLOTTI,50.52,Grupo 3,Escola referência,ruim_pra_bom_bin
2017-01-01 12:00:00,33076049,POINT (-43.34336889034078 -22.87608174350081),6.3,EM CARD. ARCOVERDE,0515054 ESCOLA MUNICIPAL CARDEAL ARCOVERDE,-43.343368890340784,-22.87608174350081,0,1,1,1,0,1.0,0515054 ESCOLA MUNICIPAL CARDEAL ARCOVERDE,54.74,Grupo 4,Escola referência,ruim_pra_bom_bin
2017-01-01 12:00:00,33068321,POINT (-43.23351022465069 -22.92118102060804),6.6,EM LEITÃO DA CUNHA,0208016 ESCOLA MUNICIPAL LEITAO DA CUNHA,-43.233510224650686,-22.92118102060804,0,1,0,1,0,1.0,0208016 ESCOLA MUNICIPAL LEITAO DA CUNHA,54.38,Grupo 4,Escola referência,ruim_pra_bom_bin
2017-01-01 12:00:00,33067066,POINT (-43.21624383894027 -22.92502422100454),6.1,CLAS. EM COOP. FREI CASSIANO,0208014 ESCOLA MUNICIPAL FREI CASSIANO,-43.216243838940265,-22.925024221004552,0,1,0,1,0,2.0,0208014 ESCOLA MUNICIPAL FREI CASSIANO,47.32,Grupo 3,Escola referência,ruim_pra_bom_bin
2017-01-01 12:00:00,33068364,POINT (-43.2551960644811 -22.92318915402786),6.7,EM PANAMÁ,0209023 ESCOLA MUNICIPAL PANAMA,-43.255196064481105,-22.923189154027856,1,0,1,0,1,1.0,0209023 ESCOLA MUNICIPAL PANAMA,50.89,Grupo 3,Escola referência,pessimo_pra_bom_bin
2017-01-01 12:00:00,33073040,POINT (-43.27992505245417 -22.89203132676853),6.2,CLAS. EM COOP. NOSSA SENHORA DE POMPÉIA,0313031 ESCOLA MUNICIPAL NOSSA SENHORA DE POMPEIA,-43.279925052454175,-22.89203132676853,0,1,0,1,0,2.0,0313031 ESCOLA MUNICIPAL NOSSA SENHORA DE POMPEIA,54.86,Grupo 4,Escola referência,ruim_pra_bom_bin
2017-01-01 12:00:00,33072698,POINT (-43.30093451112071 -22.89944683932649),6.0,EM EDGARD SUSSEKIND DE MENDONÇA,0313035 ESCOLA MUNICIPAL EDGAR SUSSEKIND DE MENDONCA,-43.30093451112071,-22.899446839326487,0,1,0,1,0,2.0,0313035 ESCOLA MUNICIPAL EDGAR SUSSEKIND DE MENDONCA,51.35,Grupo 3,Escola referência,ruim_pra_bom_bin
2017-01-01 12:00:00,33072949,POINT (-43.29518054458046 -22.90085645659833),6.2,EM LONDRES,0313038 ESCOLA MUNICIPAL LONDRES,-43.29518054458046,-22.90085645659833,0,1,0,1,0,2.0,0313038 ESCOLA MUNICIPAL LONDRES,52.33,Grupo 4,Escola referência,ruim_pra_bom_bin
2017-01-01 12:00:00,33073317,POINT (-43.30273381206092 -22.89730132277025),6.6,EM TOBIAS BARRETO,0313041 ESCOLA MUNICIPAL TOBIAS BARRETO,-43.30273381206092,-22.897301322770254,0,1,0,1,0,1.0,0313041 ESCOLA MUNICIPAL TOBIAS BARRETO,54.37,Grupo 4,Escola referência,ruim_pra_bom_bin
2017-01-01 12:00:00,33065004,POINT (-43.19221012824043 -22.98271222004866),6.5,EM PENEDO,0205007 ESCOLA MUNICIPAL PENEDO,-43.192210128240426,-22.982712220048665,1,0,1,0,1,1.0,0205007 ESCOLA MUNICIPAL PENEDO,46.89,Grupo 3,Escola referência,pessimo_pra_bom_bin
2017-01-01 12:00:00,33087270,POINT (-43.35721126322228 -22.81043174647117),6.0,EM OCTAVIO TARQUINIO DE SOUZA,0625021 ESCOLA MUNICIPAL OCTAVIO TARQUINIO DE SOUZA,-43.35721126322228,-22.81043174647117,0,1,0,1,0,2.0,0625021 ESCOLA MUNICIPAL OCTAVIO TARQUINIO DE SOUZA,51.49,Grupo 4,Escola referência,ruim_pra_bom_bin
2017-01-01 12:00:00,33077819,POINT (-43.40819736275154 -22.920873085979),6.1,EM DENISE Mª TORRES,0716009 ESCOLA MUNICIPAL DENISE MARIA TORRES,-43.40819736275153,-22.920873085979,0,1,0,1,0,2.0,0716009 ESCOLA MUNICIPAL DENISE MARIA TORRES,52.45,Grupo 4,Escola referência,ruim_pra_bom_bin
2017-01-01 12:00:00,33077908,POINT (-43.36053272781284 -22.94430237643981),6.4,EM FREDERICO EYER,0734006 ESCOLA MUNICIPAL FREDERICO EYER,-43.36053272781285,-22.94430237643981,0,1,0,1,0,1.0,,,,Escola referência,ruim_pra_bom_bin
2017-01-01 12:00:00,33084564,POINT (-43.64547680091682 -22.94896291832596),6.1,EM PROF° ARTHUR THIRE,1019003 ESCOLA MUNICIPAL PROFESSOR ARTHUR THIRE,-43.645476800916825,-22.948962918325964,0,1,0,1,0,2.0,1019003 ESCOLA MUNICIPAL PROFESSOR ARTHUR THIRE,50.34,Grupo 3,Escola referência,ruim_pra_bom_bin
2017-01-01 12:00:00,33065810,POINT (-43.21626748663133 -22.9631507669318),6.4,EM SHAKESPEARE,0206011 ESCOLA MUNICIPAL SHAKESPEARE,-43.216267486631324,-22.9631507669318,1,0,1,0,1,1.0,0206011 ESCOLA MUNICIPAL SHAKESPEARE,49.92,Grupo 3,Escola referência,pessimo_pra_bom_bin
2017-01-01 12:00:00,33087962,POINT (-43.42989094794872 -23.00830711117033),6.1,EM VICE ALMTE. ALVARO ALBERTO DA MOTTA E SILVA,0724011 ESCOLA MUNICIPAL VICE-ALMTE ALVARO ALBERTO DA MOTTA SILVA,-43.42989094794872,-23.00830711117033,0,1,0,1,0,2.0,0724011 ESCOLA MUNICIPAL VICE-ALMTE ALVARO ALBERTO DA MOTTA SILVA,51.65,Grupo 4,Escola referência,ruim_pra_bom_bin
2017-01-01 12:00:00,33070881,POINT (-43.27917865003168 -22.82885439816178),6.7,EM SUÍÇA,0411015 ESCOLA MUNICIPAL SUICA,-43.27917865003168,-22.82885439816177,1,0,1,0,1,1.0,0411015 ESCOLA MUNICIPAL SUICA,51.34,Grupo 3,Escola referência,pessimo_pra_bom_bin
2017-01-01 12:00:00,33085013,POINT (-43.67249339767051 -22.93188147985586),6.9,EM PROFª  Mª SANTIAGO,1019020 ESCOLA MUNICIPAL PROFESSORA MARIA SANTIAGO,-43.67249339767051,-22.93188147985586,0,1,1,1,0,1.0,1019020 ESCOLA MUNICIPAL PROFESSORA MARIA SANTIAGO,51.13,Grupo 3,Escola referência,ruim_pra_bom_bin
2017-01-01 12:00:00,33084785,POINT (-43.68920050865295 -22.92310504667122),6.3,EM JOSÉ DE MELLO,1019010 ESCOLA MUNICIPAL JOSE DE MELLO,-43.68920050865295,-22.92310504667123,0,1,0,1,0,1.0,1019010 ESCOLA MUNICIPAL JOSE DE MELLO,53.96,Grupo 4,Escola referência,ruim_pra_bom_bin
2017-01-01 12:00:00,33078084,POINT (-43.38437399126365 -22.94376200581601),6.0,EM LINCOLN BICALHO ROQUE,0716036 ESCOLA MUNICIPAL LINCOLN BICALHO ROQUE,-43.384373991263644,-22.943762005816012,0,1,0,1,0,2.0,,,,Escola referência,ruim_pra_bom_bin
2017-01-01 12:00:00,33078262,POINT (-43.36440157402505 -22.93743851650177),6.4,EM PROFª  DYLA SYLVIA DE SÁ,0716053 ESCOLA MUNICIPAL PROFESSORA DYLA SYLVIA DE SA,-43.36440157402505,-22.93743851650177,0,1,1,1,0,1.0,0716053 ESCOLA MUNICIPAL PROFESSORA DYLA SYLVIA DE SA,52.25,Grupo 4,Escola referência,ruim_pra_bom_bin
2017-01-01 12:00:00,33087792,POINT (-43.30276659273473 -23.01304374619196),6.3,EM ALMEIDA GARRET,0724002 ESCOLA MUNICIPAL ALMEIDA GARRET,-43.30276659273473,-23.013043746191958,0,1,0,1,0,1.0,0724002 ESCOLA MUNICIPAL ALMEIDA GARRET,49.1,Grupo 3,Escola referência,ruim_pra_bom_bin
2017-01-01 12:00:00,33067031,POINT (-43.22399553350638 -22.91446734909622),6.7,EM CONSELHEIRO MAYRINK,0209004 ESCOLA MUNICIPAL CONSELHEIRO MAYRINK,-43.22399553350638,-22.914467349096217,0,1,0,1,0,1.0,,,,Escola referência,ruim_pra_bom_bin
2017-01-01 12:00:00,33065730,POINT (-43.23368284302536 -22.97815815747393),6.3,EM LUIZ DELFINO,0206018 ESCOLA MUNICIPAL LUIZ DELFINO,-43.23368284302536,-22.97815815747393,0,1,0,1,0,1.0,0206018 ESCOLA MUNICIPAL LUIZ DELFINO,48.78,Grupo 3,Escola referência,ruim_pra_bom_bin
2017-01-01 12:00:00,33078122,POINT (-43.37817211825253 -22.9516670483444),6.2,EM MANO DÉCIO DA VIOLA,0716008 ESCOLA MUNICIPAL MANO DECIO DA VIOLA,-43.378172118252536,-22.95166704834441,0,1,0,1,0,2.0,0716008 ESCOLA MUNICIPAL MANO DECIO DA VIOLA,52.43,Grupo 4,Escola referência,ruim_pra_bom_bin
2017-01-01 12:00:00,33087180,POINT (-43.35702225575385 -22.80360219180955),6.1,EM MANUEL DE ABREU,0625022 ESCOLA MUNICIPAL MANUEL DE ABREU,-43.357022255753854,-22.803602191809546,0,1,0,1,0,2.0,0625022 ESCOLA MUNICIPAL MANUEL DE ABREU,51.45,Grupo 4,Escola referência,ruim_pra_bom_bin
2017-01-01 12:00:00,33084998,POINT (-43.62773135620375 -22.8731871728893),6.2,EM PROFª LEILA MEHL MENEZES DE MATTOS,1019039 ESCOLA MUNICIPAL PROFESSORA LEILA MEHL MENEZES DE MATTOS,-43.627731356203746,-22.8731871728893,0,1,0,1,0,2.0,,,,Escola referência,ruim_pra_bom_bin
2017-01-01 12:00:00,33076472,POINT (-43.35498392652434 -22.87054816898995),6.0,EM WALDEMIRO POTSCH,0515019 ESCOLA MUNICIPAL WALDEMIRO POTSCH,-43.35498392652434,-22.87054816898995,0,1,0,1,0,2.0,0515019 ESCOLA MUNICIPAL WALDEMIRO POTSCH,54.32,Grupo 4,Escola referência,ruim_pra_bom_bin
2017-01-01 12:00:00,33076430,POINT (-43.3720574780693 -22.86337983374408),6.0,EM SANTOS DUMONT,0515027 ESCOLA MUNICIPAL SANTOS DUMONT,-43.372057478069294,-22.863379833744077,0,1,0,1,0,2.0,0515027 ESCOLA MUNICIPAL SANTOS DUMONT,51.09,Grupo 3,Escola referência,ruim_pra_bom_bin
2017-01-01 12:00:00,33076278,POINT (-43.32181128241191 -22.89488062196932),6.2,EM OSWALDO TEIXEIRA,0515041 ESCOLA MUNICIPAL OSWALDO TEIXEIRA,-43.32181128241192,-22.894880621969318,0,1,0,1,0,2.0,0515041 ESCOLA MUNICIPAL OSWALDO TEIXEIRA,49.64,Grupo 3,Escola referência,ruim_pra_bom_bin
2017-01-01 12:00:00,33076081,POINT (-43.31471908070441 -22.87429882207245),6.5,EM ESPIRITO SANTO,0515044 ESCOLA MUNICIPAL ESPIRITO SANTO,-43.3147190807044,-22.874298822072447,0,1,0,1,0,1.0,0515044 ESCOLA MUNICIPAL ESPIRITO SANTO,52.99,Grupo 4,Escola referência,ruim_pra_bom_bin
2017-01-01 12:00:00,33076065,POINT (-43.32320166197345 -22.87695319525336),6.2,EM CINCO DE JULHO,0515049 ESCOLA MUNICIPAL CINCO DE JULHO,-43.32320166197346,-22.876953195253364,1,0,1,0,1,2.0,0515049 ESCOLA MUNICIPAL CINCO DE JULHO,55.41,Grupo 4,Escola referência,pessimo_pra_bom_bin
2017-01-01 12:00:00,33087237,POINT (-43.39882162435694 -22.83705519971273),6.1,EM NARBAL FONTES,0622008 ESCOLA MUNICIPAL NARBAL FONTES,-43.39882162435693,-22.83705519971273,0,1,0,1,0,2.0,0622008 ESCOLA MUNICIPAL NARBAL FONTES,51.48,Grupo 4,Escola referência,ruim_pra_bom_bin
2017-01-01 12:00:00,33087229,POINT (-43.38605456976686 -22.81711647717838),6.2,EM MESTRE VALENTIM,0625016 ESCOLA MUNICIPAL MESTRE VALENTIM,-43.386054569766856,-22.817116477178374,0,1,0,1,0,2.0,0625016 ESCOLA MUNICIPAL MESTRE VALENTIM,52.55,Grupo 4,Escola referência,ruim_pra_bom_bin
2017-01-01 12:00:00,33077827,POINT (-43.41284583485486 -22.96891746076419),6.6,EM DES. NEY PALMEIRO,0716006 ESCOLA MUNICIPAL DESEMBARGADOR NEY PALMEIRO,-43.41284583485486,-22.968917460764192,1,0,1,0,1,1.0,0716006 ESCOLA MUNICIPAL DESEMBARGADOR NEY PALMEIRO,51.04,Grupo 3,Escola referência,pessimo_pra_bom_bin
2017-01-01 12:00:00,33083150,POINT (-43.64941647031235 -22.99596901791596),6.0,EM NESTOR VICTOR,1026015 ESCOLA MUNICIPAL NESTOR VICTOR,-43.649416470312346,-22.99596901791596,0,1,0,1,0,2.0,1026015 ESCOLA MUNICIPAL NESTOR VICTOR,51.21,Grupo 3,Escola referência,ruim_pra_bom_bin
2017-01-01 12:00:00,33064075,POINT (-43.18336653649158 -22.93881828493933),6.5,EM ANNE FRANK,0204006 ESCOLA MUNICIPAL ANNE FRANK,-43.183366536491576,-22.938818284939327,0,1,1,1,0,1.0,0204006 ESCOLA MUNICIPAL ANNE FRANK,52.5,Grupo 4,Escola referência,ruim_pra_bom_bin
2017-01-01 12:00:00,33073155,POINT (-43.28032951970714 -22.90416283791268),6.2,EM PROF° AUGUSTO PAULINO FILHO,0313022 ESCOLA MUNICIPAL PROFESSOR AUGUSTO PAULINO FILHO,-43.28032951970714,-22.904162837912683,1,0,1,0,1,2.0,0313022 ESCOLA MUNICIPAL PROFESSOR AUGUSTO PAULINO FILHO,51.99,Grupo 4,Escola referência,pessimo_pra_bom_bin
2017-01-01 12:00:00,33080330,POINT (-43.48477885304755 -22.88400362800104),6.8,EM DIAS MARTINS,0817030 ESCOLA MUNICIPAL DIAS MARTINS,-43.48477885304753,-22.88400362800105,0,1,1,1,0,1.0,0817030 ESCOLA MUNICIPAL DIAS MARTINS,51.68,Grupo 4,Escola referência,ruim_pra_bom_bin
2017-01-01 12:00:00,33080526,POINT (-43.48248839015897 -22.89027789507904),6.7,EM HENRIQUE DA SILVA FONTES,0817033 ESCOLA MUNICIPAL HENRIQUE DA SILVA FONTES,-43.48248839015897,-22.89027789507904,0,1,1,1,0,1.0,0817033 ESCOLA MUNICIPAL HENRIQUE DA SILVA FONTES,52.63,Grupo 4,Escola referência,ruim_pra_bom_bin
2017-01-01 12:00:00,33080879,POINT (-43.49833187351729 -22.88393985245475),6.2,EM OSCAR THOMPSOM,0817036 ESCOLA MUNICIPAL OSCAR THOMPSON,-43.498331873517294,-22.88393985245475,0,1,0,1,0,2.0,0817036 ESCOLA MUNICIPAL OSCAR THOMPSON,51.18,Grupo 3,Escola referência,ruim_pra_bom_bin
2017-01-01 12:00:00,33081042,POINT (-43.45798923257656 -22.85384150370504),6.0,EM PROF° LAURO TRAVASSOS,0817055 ESCOLA MUNICIPAL PROFESSOR LAURO TRAVASSOS,-43.45798923257656,-22.853841503705038,0,1,0,1,0,2.0,0817055 ESCOLA MUNICIPAL PROFESSOR LAURO TRAVASSOS,55.56,Grupo 4,Escola referência,ruim_pra_bom_bin
2017-01-01 12:00:00,33080429,POINT (-43.4492112243633 -22.86227612196493),6.3,EM EUZEBIO DE QUEIROZ,0817049 ESCOLA MUNICIPAL EUSEBIO DE QUEIROZ,-43.449211224363296,-22.862276121964932,1,0,1,0,1,1.0,0817049 ESCOLA MUNICIPAL EUSEBIO DE QUEIROZ,52.19,Grupo 4,Escola referência,pessimo_pra_bom_bin
2017-01-01 12:00:00,33080500,POINT (-43.48352475295769 -22.85304686047716),6.0,EM GUILHERME DA SILVEIRA,0817058 ESCOLA MUNICIPAL GUILHERME DA SILVEIRA,-43.483524752957685,-22.85304686047717,0,1,0,1,0,2.0,0817058 ESCOLA MUNICIPAL GUILHERME DA SILVEIRA,52.59,Grupo 4,Escola referência,ruim_pra_bom_bin
2017-01-01 12:00:00,33080127,POINT (-43.49122383905437 -22.89218978423546),6.7,EM ARIENA VIANNA DA SILVA,0817045 ESCOLA MUNICIPAL ARIENA VIANNA DA SILVA,-43.491223839054356,-22.892189784235462,0,1,1,1,0,1.0,0817045 ESCOLA MUNICIPAL ARIENA VIANNA DA SILVA,53.7,Grupo 4,Escola referência,ruim_pra_bom_bin
2017-01-01 12:00:00,33078254,POINT (-43.36471134825331 -22.91801654057705),6.1,EM PROF° AUGUSTO CONY,0716051 ESCOLA MUNICIPAL PROFESSOR AUGUSTO CONY,-43.364711348253316,-22.91801654057705,0,1,0,1,0,2.0,0716051 ESCOLA MUNICIPAL PROFESSOR AUGUSTO CONY,50.57,Grupo 3,Escola referência,ruim_pra_bom_bin
2017-01-01 12:00:00,33085056,POINT (-43.71225963508193 -22.9016258508643),6.0,EM PROFª  ZULMIRA TELLES DA COSTA,1019046 ESCOLA MUNICIPAL PROFESSORA ZULMIRA TELLES DA COSTA,-43.71225963508193,-22.901625850864306,1,0,1,0,1,2.0,1019046 ESCOLA MUNICIPAL PROFESSORA ZULMIRA TELLES DA COSTA,50.96,Grupo 3,Escola referência,pessimo_pra_bom_bin
2017-01-01 12:00:00,33076235,POINT (-43.35541818954776 -22.87060550599742),6.6,EM Mª DAS DORES NEGRÃO,0515017 ESCOLA MUNICIPAL MARIA DAS DORES NEGRAO,-43.355418189547756,-22.870605505997425,0,1,0,1,0,1.0,0515017 ESCOLA MUNICIPAL MARIA DAS DORES NEGRAO,51.86,Grupo 4,Escola referência,ruim_pra_bom_bin
2017-01-01 12:00:00,33076456,POINT (-43.34956386405283 -22.86418866256106),6.4,EM VIRIATO CORRÊA,0515018 ESCOLA MUNICIPAL VIRIATO CORREA,-43.34956386405283,-22.86418866256107,0,1,0,1,0,1.0,0515018 ESCOLA MUNICIPAL VIRIATO CORREA,53.11,Grupo 4,Escola referência,ruim_pra_bom_bin
2017-01-01 12:00:00,33076022,POINT (-43.37356938417344 -22.85756127203105),6.2,EM BARÃO DE ITARARÉ,0515034 ESCOLA MUNICIPAL EM 0515034 BARAO DE ITARARE,-43.37356938417344,-22.857561272031045,0,1,0,1,0,2.0,0515034 ESCOLA MUNICIPAL EM 0515034 BARAO DE ITARARE,52.76,Grupo 4,Escola referência,ruim_pra_bom_bin
2017-01-01 12:00:00,33087253,POINT (-43.36978447264608 -22.84966894301081),6.0,EM OSWALDO GOELDI,0515033 ESCOLA MUNICIPAL OSWALDO GOELDI,-43.369784472646074,-22.84966894301081,0,1,0,1,0,2.0,0515033 ESCOLA MUNICIPAL OSWALDO GOELDI,48.64,Grupo 3,Escola referência,ruim_pra_bom_bin
2017-01-01 12:00:00,33084971,POINT (-43.65343572166222 -22.91402706663232),6.7,EM PROFª  FLÁVIA DOS SANTOS SOARES,1019043 ESCOLA MUNICIPAL PROFESSORA FLAVIA DOS SANTOS SOARES,-43.653435721662206,-22.91402706663232,0,1,0,1,0,1.0,1019043 ESCOLA MUNICIPAL PROFESSORA FLAVIA DOS SANTOS SOARES,51.87,Grupo 4,Escola referência,ruim_pra_bom_bin
2017-01-01 12:00:00,33100551,POINT (-43.47815290047215 -22.86416212141511),7.6,EM AYRTON SENNA DA SILVA,0817127 ESCOLA MUNICIPAL AYRTON SENNA DA SILVA,-43.478152900472146,-22.864162121415113,0,1,1,1,0,1.0,0817127 ESCOLA MUNICIPAL AYRTON SENNA DA SILVA,55.28,Grupo 4,Escola referência,ruim_pra_bom_bin
2017-01-01 12:00:00,33087172,POINT (-43.38324754413225 -22.84974418166287),6.0,EM MADRE BENEDITA,0833001 ESCOLA MUNICIPAL MADRE BENEDITA,-43.38324754413225,-22.849744181662874,1,0,1,0,1,2.0,0833001 ESCOLA MUNICIPAL MADRE BENEDITA,51.47,Grupo 4,Escola referência,pessimo_pra_bom_bin
2017-01-01 12:00:00,33080399,POINT (-43.3866077766622 -22.85608696760499),7.2,EM ENGEN. LAFAYETTE DE ANDRADE,0833004 ESCOLA MUNICIPAL ENGENHEIRO LAFAYETTE DE ANDRADE,-43.38660777666221,-22.856086967604995,0,1,1,1,0,1.0,0833004 ESCOLA MUNICIPAL ENGENHEIRO LAFAYETTE DE ANDRADE,53.87,Grupo 4,Escola referência,ruim_pra_bom_bin
2017-01-01 12:00:00,33080283,POINT (-43.39647052088491 -22.85355928137358),6.4,EM CONDSA. PEREIRA CARNEIRO,0833006 ESCOLA MUNICIPAL CONDESSA PEREIRA CARNEIRO,-43.3964705208849,-22.853559281373574,0,1,1,1,0,1.0,0833006 ESCOLA MUNICIPAL CONDESSA PEREIRA CARNEIRO,52.7,Grupo 4,Escola referência,ruim_pra_bom_bin
2017-01-01 12:00:00,33080062,POINT (-43.41839319489709 -22.86591182466603),6.5,EM ALVARO ALVIM,0833012 ESCOLA MUNICIPAL ALVARO ALVIM,-43.41839319489709,-22.865911824666032,0,1,0,1,0,1.0,0833012 ESCOLA MUNICIPAL ALVARO ALVIM,51.39,Grupo 3,Escola referência,ruim_pra_bom_bin
2017-01-01 12:00:00,33080720,POINT (-43.42449141151758 -22.86706563287959),6.5,EM LIMA BARRETO,0833019 ESCOLA MUNICIPAL LIMA BARRETO,-43.42449141151758,-22.86706563287959,1,0,1,0,1,1.0,0833019 ESCOLA MUNICIPAL LIMA BARRETO,49.26,Grupo 3,Escola referência,pessimo_pra_bom_bin
2017-01-01 12:00:00,33080305,POINT (-43.44387418609795 -22.8589447821127),6.1,EM CORINTHO DA FONSECA,0833020 ESCOLA MUNICIPAL CORINTHO DA FONSECA,-43.443874186097965,-22.858944782112705,0,1,0,1,0,2.0,0833020 ESCOLA MUNICIPAL CORINTHO DA FONSECA,50.95,Grupo 3,Escola referência,ruim_pra_bom_bin
2017-01-01 12:00:00,33080925,POINT (-43.44017053065982 -22.87724105765698),6.0,EM PINTOR LAZAR SEGALL,0833023 ESCOLA MUNICIPAL PINTOR LAZAR SEGALL,-43.44017053065982,-22.87724105765697,0,1,0,1,0,2.0,0833023 ESCOLA MUNICIPAL PINTOR LAZAR SEGALL,53.65,Grupo 4,Escola referência,ruim_pra_bom_bin
2017-01-01 12:00:00,33081158,POINT (-43.43000294626172 -22.86744322758786),6.4,EM SEN. CAMARÁ,0833034 ESCOLA MUNICIPAL SENADOR CAMARA,-43.43000294626172,-22.867443227587856,0,1,1,1,0,1.0,0833034 ESCOLA MUNICIPAL SENADOR CAMARA,51.83,Grupo 4,Escola referência,ruim_pra_bom_bin
2017-01-01 12:00:00,33080208,POINT (-43.42827683456726 -22.88259886250456),6.1,EM CARLOS MAUL,0833037 ESCOLA MUNICIPAL CARLOS MAUL,-43.42827683456727,-22.882598862504558,0,1,0,1,0,2.0,0833037 ESCOLA MUNICIPAL CARLOS MAUL,50.86,Grupo 3,Escola referência,ruim_pra_bom_bin
2017-01-01 12:00:00,33079080,POINT (-43.38437485376264 -22.88941674001799),6.8,CIEP ARACY DE ALMEIDA (CANTORA),0833505 CIEP ARACY DE ALMEIDA CANTORA,-43.38437485376264,-22.889416740017985,0,1,1,1,0,1.0,0833505 CIEP ARACY DE ALMEIDA CANTORA,55.78,Grupo 4,Escola referência,ruim_pra_bom_bin
2017-01-01 12:00:00,33080712,POINT (-43.46304001502088 -22.88555858128183),6.0,EM LEONIDAS SOBRINHO PORTO,0817018 ESCOLA MUNICIPAL LEONIDAS SOBRINO PORTO,-43.463040015020894,-22.885558581281828,0,1,0,1,0,2.0,0817018 ESCOLA MUNICIPAL LEONIDAS SOBRINO PORTO,55.66,Grupo 4,Escola referência,ruim_pra_bom_bin
2017-01-01 12:00:00,33082758,POINT (-43.56144306019468 -22.87051422187056),6.4,EM COM. JARD. PEDREGOSO,0918080 ESCOLA MUNICIPAL COMUNIDADE JARDIM PEDREGOSO,-43.561443060194684,-22.87051422187056,0,1,0,1,0,1.0,0918080 ESCOLA MUNICIPAL COMUNIDADE JARDIM PEDREGOSO,53.11,Grupo 4,Escola referência,ruim_pra_bom_bin
2017-01-01 12:00:00,33083100,POINT (-43.56623330063632 -22.92513624149092),6.7,EM MIGUEL DE LARREINAGA,0918025 ESCOLA MUNICIPAL MIGUEL DE LARREINAGA,-43.56623330063632,-22.92513624149092,0,1,0,1,0,1.0,0918025 ESCOLA MUNICIPAL MIGUEL DE LARREINAGA,53.56,Grupo 4,Escola referência,ruim_pra_bom_bin
2017-01-01 12:00:00,33083096,POINT (-43.55046564977947 -22.90081032948433),6.1,EM PROFª MARITA DE VASCONCELOS,0918040 ESCOLA MUNICIPAL PROFESSORA MARITA DE VASCONCELOS,-43.550465649779476,-22.90081032948433,0,1,0,1,0,2.0,0918040 ESCOLA MUNICIPAL PROFESSORA MARITA DE VASCONCELOS,51.57,Grupo 4,Escola referência,ruim_pra_bom_bin
2017-01-01 12:00:00,33083339,POINT (-43.55166900326514 -22.91037290512955),6.0,EM PUGILISTA VIRGULINO ISAIAS DE OLIVEIRA,0918038 ESCOLA MUNICIPAL PUGILISTA VIRGULINO ISAIAS DE OLIVEIRA,-43.55166900326514,-22.910372905129552,0,1,0,1,0,2.0,0918038 ESCOLA MUNICIPAL PUGILISTA VIRGULINO ISAIAS OLIVEIRA,52.63,Grupo 4,Escola referência,ruim_pra_bom_bin
2017-01-01 12:00:00,33083410,POINT (-43.5810614019019 -22.91671924324049),6.0,EM SÃO CAMILO DE LELIS,0918039 ESCOLA MUNICIPAL SAO CAMILO DE LELIS,-43.581061401901906,-22.91671924324049,0,1,0,1,0,2.0,,,,Escola referência,ruim_pra_bom_bin
2017-01-01 12:00:00,33082901,POINT (-43.59399052576645 -22.89036044741627),6.1,EM FERNANDO COSTA,0918065 ESCOLA MUNICIPAL FERNANDO COSTA,-43.59399052576645,-22.890360447416267,0,1,0,1,0,2.0,0918065 ESCOLA MUNICIPAL FERNANDO COSTA,54.04,Grupo 4,Escola referência,ruim_pra_bom_bin
2017-01-01 12:00:00,33082804,POINT (-43.5496645070606 -22.91048658161989),7.2,EM DOM MEINRADO,0918024 ESCOLA MUNICIPAL DOM MEINRADO,-43.54966450706061,-22.910486581619892,0,1,1,1,0,1.0,0918024 ESCOLA MUNICIPAL DOM MEINRADO,54.88,Grupo 4,Escola referência,ruim_pra_bom_bin
2017-01-01 12:00:00,33083185,POINT (-43.56454246819811 -22.92106247069619),6.5,EM PRES. ARTHUR BERNARDES,0918029 ESCOLA MUNICIPAL PRESIDENTE ARTHUR BERNARDES,-43.5645424681981,-22.921062470696192,0,1,0,1,0,1.0,0918029 ESCOLA MUNICIPAL PRESIDENTE ARTHUR BERNARDES,53.53,Grupo 4,Escola referência,ruim_pra_bom_bin
2017-01-01 12:00:00,33082715,POINT (-43.53836293923521 -22.91758831215402),6.1,EM CASTRO ALVES,0918022 ESCOLA MUNICIPAL CASTRO ALVES,-43.53836293923521,-22.91758831215402,0,1,0,1,0,2.0,0918022 ESCOLA MUNICIPAL CASTRO ALVES,52.32,Grupo 4,Escola referência,ruim_pra_bom_bin
2017-01-01 12:00:00,33083355,POINT (-43.5749470666546 -22.93202258461754),6.7,EM RAYMUNDO CORRÊA,0918030 ESCOLA MUNICIPAL RAYMUNDO CORREA,-43.57494706665461,-22.932022584617552,0,1,1,1,0,1.0,0918030 ESCOLA MUNICIPAL RAYMUNDO CORREA,52.46,Grupo 4,Escola referência,ruim_pra_bom_bin
2017-01-01 12:00:00,33083428,POINT (-43.58564083650984 -22.91067224845491),6.1,EM STª ISABEL,0918037 ESCOLA MUNICIPAL SANTA ISABEL,-43.585640836509846,-22.910672248454908,0,1,0,1,0,2.0,0918037 ESCOLA MUNICIPAL SANTA ISABEL,53.66,Grupo 4,Escola referência,ruim_pra_bom_bin
2017-01-01 12:00:00,33083061,POINT (-43.59611791122794 -22.89138471060663),6.1,EM LYCIO DE SOUZA CARVALHO,0918005 ESCOLA MUNICIPAL LYCIO DE SOUZA CARVALHO,-43.59611791122794,-22.891384710606623,0,1,0,1,0,2.0,0918005 ESCOLA MUNICIPAL LYCIO DE SOUZA CARVALHO,50.75,Grupo 3,Escola referência,ruim_pra_bom_bin
2017-01-01 12:00:00,33083274,POINT (-43.56025554267331 -22.87565989174367),6.1,EM PROF° MANUEL SAID ALI,0918053 ESCOLA MUNICIPAL PROFESSOR MANUEL SAID ALI,-43.56025554267331,-22.87565989174367,0,1,0,1,0,2.0,,,,Escola referência,ruim_pra_bom_bin
2017-01-01 12:00:00,33083363,POINT (-43.54233785878821 -22.89611454582896),6.1,EM RIO GRANDE DO NORTE,0918049 ESCOLA MUNICIPAL RIO GRANDE DO NORTE,-43.54233785878822,-22.89611454582896,0,1,0,1,0,2.0,,,,Escola referência,ruim_pra_bom_bin
2017-01-01 12:00:00,33139806,POINT (-43.51489236658088 -22.87577218682958),6.3,EM PROF° HELTON ALVARES VELOSO DE CASTRO,0918085 ESCOLA MUNICIPAL PROFESSOR HELTON ALVARES VELOSO DE CASTRO,-43.51489236658089,-22.875772186829572,0,1,0,1,0,1.0,0918085 ESCOLA MUNICIPAL PROFESSOR HELTON ALVARES VELOSO DE CASTRO,50.17,Grupo 3,Escola referência,ruim_pra_bom_bin
2017-01-01 12:00:00,33081778,POINT (-43.55634386274304 -22.92741416166496),6.1,CIEP ANITA MALFATTI,0918505 CIEP ANITA MALFATTI,-43.556343862743034,-22.927414161664963,0,1,0,1,0,2.0,0918505 CIEP ANITA MALFATTI,51.03,Grupo 3,Escola referência,ruim_pra_bom_bin
2017-01-01 12:00:00,33082723,POINT (-43.60580979613077 -22.84138077495921),6.1,CLAS. EM COOP. GUANDU,0918072 ESCOLA MUNICIPAL GUANDU,-43.60580979613077,-22.841380774959198,0,1,0,1,0,2.0,0918072 ESCOLA MUNICIPAL GUANDU,52.36,Grupo 4,Escola referência,ruim_pra_bom_bin
2017-01-01 12:00:00,33081751,POINT (-43.5873587288716 -22.88729739819837),6.6,CIEP PROF° DARCY RIBEIRO,0918507 CIEP PROFESSOR DARCY RIBEIRO,-43.5873587288716,-22.88729739819837,0,1,1,1,0,1.0,0918507 CIEP PROFESSOR DARCY RIBEIRO,48.28,Grupo 3,Escola referência,ruim_pra_bom_bin
2017-01-01 12:00:00,33082685,POINT (-43.57639610844105 -22.88508560497432),6.6,EM BENJAMIN FRANKLIN,0918068 ESCOLA MUNICIPAL BENJAMIN FRANKLIN,-43.576396108441045,-22.88508560497432,0,1,0,1,0,1.0,0918068 ESCOLA MUNICIPAL BENJAMIN FRANKLIN,52.21,Grupo 4,Escola referência,ruim_pra_bom_bin
2017-01-01 12:00:00,33083240,POINT (-43.55284553315813 -22.83633993237441),6.1,EM PROF° FLORIANO DE BRITO,0918051 ESCOLA MUNICIPAL PROFESSOR FLORIANO DE BRITO,-43.552845533158134,-22.83633993237441,0,1,0,1,0,2.0,0918051 ESCOLA MUNICIPAL PROFESSOR FLORIANO DE BRITO,50.9,Grupo 3,Escola referência,ruim_pra_bom_bin
2017-01-01 12:00:00,33083118,POINT (-43.61437233798191 -22.87953531701514),6.0,EM MINISTRO ADAUTO LÚCIO CARDOSO,0918073 ESCOLA MUNICIPAL MINISTRO ADAUCTO LUCIO CARDOSO,-43.61437233798191,-22.879535317015144,0,1,0,1,0,2.0,0918073 ESCOLA MUNICIPAL MINISTRO ADAUCTO LUCIO CARDOSO,52.03,Grupo 4,Escola referência,ruim_pra_bom_bin
2017-01-01 12:00:00,33082766,POINT (-43.5428667977006 -22.85195923380824),6.3,EM CONSTANTINO MAGALHÃES,0918079 ESCOLA MUNICIPAL CONSTANTINO MAGALHAES,-43.542866797700604,-22.851959233808238,0,1,0,1,0,1.0,0918079 ESCOLA MUNICIPAL CONSTANTINO MAGALHAES,51.12,Grupo 3,Escola referência,ruim_pra_bom_bin
2017-01-01 12:00:00,33082855,POINT (-43.53058000653108 -22.87676214020362),6.2,EM ERNESTO NAZARETH,0918044 ESCOLA MUNICIPAL ERNESTO NAZARETH,-43.530580006531075,-22.87676214020361,0,1,0,1,0,2.0,0918044 ESCOLA MUNICIPAL ERNESTO NAZARETH,50.67,Grupo 3,Escola referência,ruim_pra_bom_bin
2017-01-01 12:00:00,33086494,POINT (-43.35410139105611 -22.81060520055066),6.0,CIEP GLAUBER ROCHA,0625503 CIEP GLAUBER ROCHA,-43.35410139105611,-22.810605200550665,0,1,0,1,0,2.0,0625503 CIEP GLAUBER ROCHA,53.26,Grupo 4,Escola referência,ruim_pra_bom_bin
2017-01-01 12:00:00,33087601,POINT (-43.25249216800869 -22.98883471112057),6.4,CIEP DR. BENTO RUBIÃO,0227501 CIEP DOUTOR BENTO RUBIAO,-43.25249216800869,-22.98883471112057,1,0,1,0,1,1.0,,,,Escola referência,pessimo_pra_bom_bin
2017-01-01 12:00:00,33083045,POINT (-43.54629410039242 -22.97392310639482),6.0,EM LEÔNCIO CORREIA,1026004 ESCOLA MUNICIPAL LEONCIO CORREIA,-43.546294100392416,-22.97392310639482,0,1,0,1,0,2.0,1026004 ESCOLA MUNICIPAL LEONCIO CORREIA,51.21,Grupo 3,Escola referência,ruim_pra_bom_bin
2017-01-01 12:00:00,33082871,POINT (-43.54485416971572 -23.01993811868048),6.8,EM EUCLIDES ROXO,1026014 ESCOLA MUNICIPAL EUCLIDES ROXO,-43.54485416971572,-23.019938118680482,0,1,1,1,0,1.0,1026014 ESCOLA MUNICIPAL EUCLIDES ROXO,55.27,Grupo 4,Escola referência,ruim_pra_bom_bin
2017-01-01 12:00:00,33064164,POINT (-43.18177399296226 -22.92288318595785),6.1,EM Mª LEOPOLDINA,0204002 ESCOLA MUNICIPAL MARIA LEOPOLDINA,-43.181773992962256,-22.92288318595785,0,1,0,1,0,2.0,0204002 ESCOLA MUNICIPAL MARIA LEOPOLDINA,50.22,Grupo 3,Escola referência,ruim_pra_bom_bin
2017-01-01 12:00:00,33066256,POINT (-43.22745614546856 -22.89762879674175),7.2,EM FLORIANO PEIXOTO,0107004 ESCOLA MUNICIPAL FLORIANO PEIXOTO,-43.22745614546856,-22.89762879674175,0,1,1,1,0,1.0,0107004 ESCOLA MUNICIPAL FLORIANO PEIXOTO,50.54,Grupo 3,Escola referência,ruim_pra_bom_bin
2017-01-01 12:00:00,33066990,POINT (-43.21936122088875 -22.91091157590278),7.1,EM BENEDITO OTTONI,0209001 ESCOLA MUNICIPAL BENEDITO OTTONI,-43.21936122088875,-22.91091157590279,0,1,1,1,0,1.0,0209001 ESCOLA MUNICIPAL BENEDITO OTTONI,50.29,Grupo 3,Escola referência,ruim_pra_bom_bin
2017-01-01 12:00:00,33067163,POINT (-43.26107747451628 -22.94931614621176),6.5,EM MÁRIO FACCINI,0208021 ESCOLA MUNICIPAL MARIO FACCINI,-43.26107747451628,-22.949316146211768,0,1,0,1,0,1.0,,,,Escola referência,ruim_pra_bom_bin
2017-01-01 12:00:00,33068216,POINT (-43.25491347152909 -22.92685466721728),6.7,EM AFRÂNIO PEIXOTO,0209019 ESCOLA MUNICIPAL AFRANIO PEIXOTO,-43.25491347152909,-22.926854667217285,0,1,1,1,0,1.0,,,,Escola referência,ruim_pra_bom_bin
2017-01-01 12:00:00,33066981,POINT (-43.23945040508925 -22.93359901240332),6.4,EM BARÃO DE ITACURUSSÁ,0208007 ESCOLA MUNICIPAL BARAO DE ITACURUSSA,-43.23945040508926,-22.93359901240332,0,1,1,1,0,1.0,0208007 ESCOLA MUNICIPAL BARAO DE ITACURUSSA,50.76,Grupo 3,Escola referência,ruim_pra_bom_bin
2017-01-01 12:00:00,33140081,POINT (-43.60305310285084 -22.94811973568581),6.0,EM GIUSEPPE MELCHIORI - PE. JOSÉ,1026017 ESCOLA MUNICIPAL GIUSEPPE MELCHIORI - PADRE JOSE,-43.60305310285085,-22.948119735685808,0,1,0,1,0,2.0,1026017 ESCOLA MUNICIPAL GIUSEPPE MELCHIORI - PADRE JOSE,49.79,Grupo 3,Escola referência,ruim_pra_bom_bin
