nome_escola,cod_inep,ideb,pessimo_pra_bom_bin,ruim_pra_bom_bin,melhora_com_final_bom_bin,distancia,escola_risco,cod_inep_risco,ideb_2017_risco
0102002 ESCOLA MUNICIPAL TIRADENTES,33062803,6.1,0,1,0,1529.399398151366,0101003 ESCOLA MUNICIPAL DARCY VARGAS,33062439,5.2
0208002 ESCOLA MUNICIPAL REVERENDO MARTIN LUTHER KING,33063192,6.2,0,1,1,3137.586919883175,0101003 ESCOLA MUNICIPAL DARCY VARGAS,33062439,5.2
0204002 ESCOLA MUNICIPAL MARIA LEOPOLDINA,33064164,6.1,0,1,0,3366.996832459269,0101003 ESCOLA MUNICIPAL DARCY VARGAS,33062439,5.2
0209001 ESCOLA MUNICIPAL BENEDITO OTTONI,33066990,7.1,0,1,1,3812.6472364617985,0101003 ESCOLA MUNICIPAL DARCY VARGAS,33062439,5.2
0103004 ESCOLA MUNICIPAL PEREIRA PASSOS,33063184,6.3,1,0,1,4060.310081580511,0101003 ESCOLA MUNICIPAL DARCY VARGAS,33062439,5.2
0107004 ESCOLA MUNICIPAL FLORIANO PEIXOTO,33066256,7.2,0,1,1,4255.748241021048,0101003 ESCOLA MUNICIPAL DARCY VARGAS,33062439,5.2
0209004 ESCOLA MUNICIPAL CONSELHEIRO MAYRINK,33067031,6.7,0,1,0,4471.89962826194,0101003 ESCOLA MUNICIPAL DARCY VARGAS,33062439,5.2
0107005 ESCOLA MUNICIPAL JOAO DE CAMARGO,33066299,6.5,0,1,0,4590.155621871599,0101003 ESCOLA MUNICIPAL DARCY VARGAS,33062439,5.2
0208014 ESCOLA MUNICIPAL FREI CASSIANO,33067066,6.1,0,1,0,4625.188104794776,0101003 ESCOLA MUNICIPAL DARCY VARGAS,33062439,5.2
0107501 ESCOLA MUNICIPAL EDMUNDO BITTENCOURT,33066248,6.3,0,1,1,4984.502435963335,0101003 ESCOLA MUNICIPAL DARCY VARGAS,33062439,5.2
0204004 ESCOLA MUNICIPAL EDUCANDARIO ROMAO DE MATTOS DUARTE,33064202,6.5,0,1,1,5040.793695979276,0101003 ESCOLA MUNICIPAL DARCY VARGAS,33062439,5.2
0123003 ESCOLA MUNICIPAL JULIA LOPES DE ALMEIDA,33087482,6.1,0,1,0,5179.954374443513,0101003 ESCOLA MUNICIPAL DARCY VARGAS,33062439,5.2
0204006 ESCOLA MUNICIPAL ANNE FRANK,33064075,6.5,0,1,1,5218.497388538422,0101003 ESCOLA MUNICIPAL DARCY VARGAS,33062439,5.2
0204003 ESCOLA MUNICIPAL ALBERTO BARTH,33064067,7.1,1,0,1,5589.301217113438,0101003 ESCOLA MUNICIPAL DARCY VARGAS,33062439,5.2
0208016 ESCOLA MUNICIPAL LEITAO DA CUNHA,33068321,6.6,0,1,0,5795.513119146725,0101003 ESCOLA MUNICIPAL DARCY VARGAS,33062439,5.2
