nome_escola,cod_inep,ideb,pessimo_pra_bom_bin,ruim_pra_bom_bin,melhora_com_final_bom_bin,distancia,escola_risco,cod_inep_risco,ideb_2017_risco
0107005 ESCOLA MUNICIPAL JOAO DE CAMARGO,33066299,6.5,0,1,0,1245.9873159768495,0101501 CIEP HENFIL,33062358,4.7
0107501 ESCOLA MUNICIPAL EDMUNDO BITTENCOURT,33066248,6.3,0,1,1,1661.0444021549222,0101501 CIEP HENFIL,33062358,4.7
0107004 ESCOLA MUNICIPAL FLORIANO PEIXOTO,33066256,7.2,0,1,1,2025.2513475988114,0101501 CIEP HENFIL,33062358,4.7
0410001 ESCOLA MUNICIPAL EMA NEGRAO DE LIMA,33069247,6.1,0,1,0,3081.8947105340735,0101501 CIEP HENFIL,33062358,4.7
0209001 ESCOLA MUNICIPAL BENEDITO OTTONI,33066990,7.1,0,1,1,3667.9722451318057,0101501 CIEP HENFIL,33062358,4.7
0208002 ESCOLA MUNICIPAL REVERENDO MARTIN LUTHER KING,33063192,6.2,0,1,1,3997.5180018997944,0101501 CIEP HENFIL,33062358,4.7
0209004 ESCOLA MUNICIPAL CONSELHEIRO MAYRINK,33067031,6.7,0,1,0,4037.3856985330485,0101501 CIEP HENFIL,33062358,4.7
0410004 ESCOLA MUNICIPAL PEDRO LESSA,33069379,6.2,0,1,0,4050.3542531984176,0101501 CIEP HENFIL,33062358,4.7
0312005 ESCOLA MUNICIPAL D JOAO VI,33069212,6.6,1,0,1,4320.321364987948,0101501 CIEP HENFIL,33062358,4.7
0410009 ESCOLA MUNICIPAL DILERMANDO CRUZ,33069220,6.2,0,1,0,4433.193956868333,0101501 CIEP HENFIL,33062358,4.7
0410202 CIEP YURI GAGARIN,33068755,6.3,1,0,1,4478.915756570543,0101501 CIEP HENFIL,33062358,4.7
0208016 ESCOLA MUNICIPAL LEITAO DA CUNHA,33068321,6.6,0,1,0,4926.453214517425,0101501 CIEP HENFIL,33062358,4.7
0312025 ESCOLA MUNICIPAL PROFESSORA ARMINDA MOREIRA PADOVA,33073147,6.1,0,1,0,5150.946299725629,0101501 CIEP HENFIL,33062358,4.7
0312021 ESCOLA MUNICIPAL EURICO VILLELA,33072728,6.1,1,0,1,5358.423872264648,0101501 CIEP HENFIL,33062358,4.7
0313027 ESCOLA MUNICIPAL JEAN MERMOZ,33072841,7.3,0,1,1,5398.052858253068,0101501 CIEP HENFIL,33062358,4.7
