nome_escola,cod_inep,ideb,pessimo_pra_bom_bin,ruim_pra_bom_bin,melhora_com_final_bom_bin,distancia,escola_risco,cod_inep_risco,ideb_2017_risco
0208002 ESCOLA MUNICIPAL REVERENDO MARTIN LUTHER KING,33063192,6.2,0,1,1,1561.2358961822083,0101004 ESCOLA MUNICIPAL BENJAMIN CONSTANT,33062420,5.1
0209001 ESCOLA MUNICIPAL BENEDITO OTTONI,33066990,7.1,0,1,1,2028.9370937734268,0101004 ESCOLA MUNICIPAL BENJAMIN CONSTANT,33062420,5.1
0102002 ESCOLA MUNICIPAL TIRADENTES,33062803,6.1,0,1,0,2441.1177222918286,0101004 ESCOLA MUNICIPAL BENJAMIN CONSTANT,33062420,5.1
0107004 ESCOLA MUNICIPAL FLORIANO PEIXOTO,33066256,7.2,0,1,1,2462.606719652236,0101004 ESCOLA MUNICIPAL BENJAMIN CONSTANT,33062420,5.1
0209004 ESCOLA MUNICIPAL CONSELHEIRO MAYRINK,33067031,6.7,0,1,0,2698.7578011599703,0101004 ESCOLA MUNICIPAL BENJAMIN CONSTANT,33062420,5.1
0103004 ESCOLA MUNICIPAL PEREIRA PASSOS,33063184,6.3,1,0,1,2957.3321465877943,0101004 ESCOLA MUNICIPAL BENJAMIN CONSTANT,33062420,5.1
0107005 ESCOLA MUNICIPAL JOAO DE CAMARGO,33066299,6.5,0,1,0,2977.1867415264046,0101004 ESCOLA MUNICIPAL BENJAMIN CONSTANT,33062420,5.1
0208014 ESCOLA MUNICIPAL FREI CASSIANO,33067066,6.1,0,1,0,3240.382813271313,0101004 ESCOLA MUNICIPAL BENJAMIN CONSTANT,33062420,5.1
0107501 ESCOLA MUNICIPAL EDMUNDO BITTENCOURT,33066248,6.3,0,1,1,3297.85739207672,0101004 ESCOLA MUNICIPAL BENJAMIN CONSTANT,33062420,5.1
0204002 ESCOLA MUNICIPAL MARIA LEOPOLDINA,33064164,6.1,0,1,0,3813.7127873796303,0101004 ESCOLA MUNICIPAL BENJAMIN CONSTANT,33062420,5.1
0208016 ESCOLA MUNICIPAL LEITAO DA CUNHA,33068321,6.6,0,1,0,4029.0654221149684,0101004 ESCOLA MUNICIPAL BENJAMIN CONSTANT,33062420,5.1
0123003 ESCOLA MUNICIPAL JULIA LOPES DE ALMEIDA,33087482,6.1,0,1,0,4398.134721610051,0101004 ESCOLA MUNICIPAL BENJAMIN CONSTANT,33062420,5.1
0204006 ESCOLA MUNICIPAL ANNE FRANK,33064075,6.5,0,1,1,5277.703832929348,0101004 ESCOLA MUNICIPAL BENJAMIN CONSTANT,33062420,5.1
0204004 ESCOLA MUNICIPAL EDUCANDARIO ROMAO DE MATTOS DUARTE,33064202,6.5,0,1,1,5303.740207985798,0101004 ESCOLA MUNICIPAL BENJAMIN CONSTANT,33062420,5.1
0208007 ESCOLA MUNICIPAL BARAO DE ITACURUSSA,33066981,6.4,0,1,1,5534.654562842845,0101004 ESCOLA MUNICIPAL BENJAMIN CONSTANT,33062420,5.1
