nome_escola,cod_inep,ideb,pessimo_pra_bom_bin,ruim_pra_bom_bin,melhora_com_final_bom_bin,distancia,escola_risco,cod_inep_risco,ideb_2017_risco
0208002 ESCOLA MUNICIPAL REVERENDO MARTIN LUTHER KING,33063192,6.2,0,1,1,935.9242669445402,0103502 ESCOLA MUNICIPAL CANADA,33063109,5.2
0103004 ESCOLA MUNICIPAL PEREIRA PASSOS,33063184,6.3,1,0,1,1173.8963213047728,0103502 ESCOLA MUNICIPAL CANADA,33063109,5.2
0208014 ESCOLA MUNICIPAL FREI CASSIANO,33067066,6.1,0,1,0,1754.8279545513742,0103502 ESCOLA MUNICIPAL CANADA,33063109,5.2
0209001 ESCOLA MUNICIPAL BENEDITO OTTONI,33066990,7.1,0,1,1,1762.564700738085,0103502 ESCOLA MUNICIPAL CANADA,33063109,5.2
0209004 ESCOLA MUNICIPAL CONSELHEIRO MAYRINK,33067031,6.7,0,1,0,2194.211710885376,0103502 ESCOLA MUNICIPAL CANADA,33063109,5.2
0102002 ESCOLA MUNICIPAL TIRADENTES,33062803,6.1,0,1,0,2303.277137726137,0103502 ESCOLA MUNICIPAL CANADA,33063109,5.2
0123003 ESCOLA MUNICIPAL JULIA LOPES DE ALMEIDA,33087482,6.1,0,1,0,2532.5564752685623,0103502 ESCOLA MUNICIPAL CANADA,33063109,5.2
0204002 ESCOLA MUNICIPAL MARIA LEOPOLDINA,33064164,6.1,0,1,0,2662.354597762396,0103502 ESCOLA MUNICIPAL CANADA,33063109,5.2
0208016 ESCOLA MUNICIPAL LEITAO DA CUNHA,33068321,6.6,0,1,0,3321.485004718475,0103502 ESCOLA MUNICIPAL CANADA,33063109,5.2
0107004 ESCOLA MUNICIPAL FLORIANO PEIXOTO,33066256,7.2,0,1,1,3352.092096358616,0103502 ESCOLA MUNICIPAL CANADA,33063109,5.2
0204006 ESCOLA MUNICIPAL ANNE FRANK,33064075,6.5,0,1,1,3647.759491273343,0103502 ESCOLA MUNICIPAL CANADA,33063109,5.2
0204004 ESCOLA MUNICIPAL EDUCANDARIO ROMAO DE MATTOS DUARTE,33064202,6.5,0,1,1,3803.2807661614825,0103502 ESCOLA MUNICIPAL CANADA,33063109,5.2
0107005 ESCOLA MUNICIPAL JOAO DE CAMARGO,33066299,6.5,0,1,0,4172.027757162432,0103502 ESCOLA MUNICIPAL CANADA,33063109,5.2
0107501 ESCOLA MUNICIPAL EDMUNDO BITTENCOURT,33066248,6.3,0,1,1,4319.919161612645,0103502 ESCOLA MUNICIPAL CANADA,33063109,5.2
0204003 ESCOLA MUNICIPAL ALBERTO BARTH,33064067,7.1,1,0,1,4336.361519810495,0103502 ESCOLA MUNICIPAL CANADA,33063109,5.2
