nome_escola,cod_inep,ideb,pessimo_pra_bom_bin,ruim_pra_bom_bin,melhora_com_final_bom_bin,distancia,escola_risco,cod_inep_risco,ideb_2017_risco
0103004 ESCOLA MUNICIPAL PEREIRA PASSOS,33063184,6.3,1,0,1,469.14222078678796,0103003 ESCOLA MUNICIPAL MEM DE SA,33063176,4.6
0208014 ESCOLA MUNICIPAL FREI CASSIANO,33067066,6.1,0,1,0,1325.5618900602012,0103003 ESCOLA MUNICIPAL MEM DE SA,33063176,4.6
0123003 ESCOLA MUNICIPAL JULIA LOPES DE ALMEIDA,33087482,6.1,0,1,0,1496.268994810176,0103003 ESCOLA MUNICIPAL MEM DE SA,33063176,4.6
0208002 ESCOLA MUNICIPAL REVERENDO MARTIN LUTHER KING,33063192,6.2,0,1,1,1700.9637193875365,0103003 ESCOLA MUNICIPAL MEM DE SA,33063176,4.6
0209001 ESCOLA MUNICIPAL BENEDITO OTTONI,33066990,7.1,0,1,1,2301.0064707972274,0103003 ESCOLA MUNICIPAL MEM DE SA,33063176,4.6
0209004 ESCOLA MUNICIPAL CONSELHEIRO MAYRINK,33067031,6.7,0,1,0,2471.7791148128317,0103003 ESCOLA MUNICIPAL MEM DE SA,33063176,4.6
0204002 ESCOLA MUNICIPAL MARIA LEOPOLDINA,33064164,6.1,0,1,0,2520.505110541514,0103003 ESCOLA MUNICIPAL MEM DE SA,33063176,4.6
0102002 ESCOLA MUNICIPAL TIRADENTES,33062803,6.1,0,1,0,2879.3733497236744,0103003 ESCOLA MUNICIPAL MEM DE SA,33063176,4.6
0204006 ESCOLA MUNICIPAL ANNE FRANK,33064075,6.5,0,1,1,2932.4034628943373,0103003 ESCOLA MUNICIPAL MEM DE SA,33063176,4.6
0204004 ESCOLA MUNICIPAL EDUCANDARIO ROMAO DE MATTOS DUARTE,33064202,6.5,0,1,1,3213.863623299775,0103003 ESCOLA MUNICIPAL MEM DE SA,33063176,4.6
0208016 ESCOLA MUNICIPAL LEITAO DA CUNHA,33068321,6.6,0,1,0,3261.947418532619,0103003 ESCOLA MUNICIPAL MEM DE SA,33063176,4.6
0204003 ESCOLA MUNICIPAL ALBERTO BARTH,33064067,7.1,1,0,1,3692.70260410009,0103003 ESCOLA MUNICIPAL MEM DE SA,33063176,4.6
0208007 ESCOLA MUNICIPAL BARAO DE ITACURUSSA,33066981,6.4,0,1,1,4067.6801173711483,0103003 ESCOLA MUNICIPAL MEM DE SA,33063176,4.6
0107004 ESCOLA MUNICIPAL FLORIANO PEIXOTO,33066256,7.2,0,1,1,4089.0109240455818,0103003 ESCOLA MUNICIPAL MEM DE SA,33063176,4.6
0204502 CIEP PRESIDENTE AGOSTINHO NETO,33063265,6.5,1,0,1,4246.35494939126,0103003 ESCOLA MUNICIPAL MEM DE SA,33063176,4.6
