nome_escola,cod_inep,ideb,pessimo_pra_bom_bin,ruim_pra_bom_bin,melhora_com_final_bom_bin,distancia,escola_risco,cod_inep_risco,ideb_2017_risco
0103004 ESCOLA MUNICIPAL PEREIRA PASSOS,33063184,6.3,1,0,1,246.89568110308625,0103006 ESCOLA MUNICIPAL JENNY GOMES,33063150,4.4
0208014 ESCOLA MUNICIPAL FREI CASSIANO,33067066,6.1,0,1,0,711.1562482392558,0103006 ESCOLA MUNICIPAL JENNY GOMES,33063150,4.4
0208002 ESCOLA MUNICIPAL REVERENDO MARTIN LUTHER KING,33063192,6.2,0,1,1,1377.907840278373,0103006 ESCOLA MUNICIPAL JENNY GOMES,33063150,4.4
0123003 ESCOLA MUNICIPAL JULIA LOPES DE ALMEIDA,33087482,6.1,0,1,0,1754.8680558939259,0103006 ESCOLA MUNICIPAL JENNY GOMES,33063150,4.4
0209001 ESCOLA MUNICIPAL BENEDITO OTTONI,33066990,7.1,0,1,1,1776.8795563844678,0103006 ESCOLA MUNICIPAL JENNY GOMES,33063150,4.4
0209004 ESCOLA MUNICIPAL CONSELHEIRO MAYRINK,33067031,6.7,0,1,0,1846.612499241344,0103006 ESCOLA MUNICIPAL JENNY GOMES,33063150,4.4
0208016 ESCOLA MUNICIPAL LEITAO DA CUNHA,33068321,6.6,0,1,0,2601.5226947975902,0103006 ESCOLA MUNICIPAL JENNY GOMES,33063150,4.4
0204002 ESCOLA MUNICIPAL MARIA LEOPOLDINA,33064164,6.1,0,1,0,3167.361695493584,0103006 ESCOLA MUNICIPAL JENNY GOMES,33063150,4.4
0102002 ESCOLA MUNICIPAL TIRADENTES,33062803,6.1,0,1,0,3316.4426075386978,0103006 ESCOLA MUNICIPAL JENNY GOMES,33063150,4.4
0208007 ESCOLA MUNICIPAL BARAO DE ITACURUSSA,33066981,6.4,0,1,1,3492.0755308175962,0103006 ESCOLA MUNICIPAL JENNY GOMES,33063150,4.4
0204006 ESCOLA MUNICIPAL ANNE FRANK,33064075,6.5,0,1,1,3540.843789663909,0103006 ESCOLA MUNICIPAL JENNY GOMES,33063150,4.4
0107004 ESCOLA MUNICIPAL FLORIANO PEIXOTO,33066256,7.2,0,1,1,3605.6602516653797,0103006 ESCOLA MUNICIPAL JENNY GOMES,33063150,4.4
0204004 ESCOLA MUNICIPAL EDUCANDARIO ROMAO DE MATTOS DUARTE,33064202,6.5,0,1,1,3854.3068747271323,0103006 ESCOLA MUNICIPAL JENNY GOMES,33063150,4.4
0204003 ESCOLA MUNICIPAL ALBERTO BARTH,33064067,7.1,1,0,1,4316.535885491626,0103006 ESCOLA MUNICIPAL JENNY GOMES,33063150,4.4
0204502 CIEP PRESIDENTE AGOSTINHO NETO,33063265,6.5,1,0,1,4497.245330340902,0103006 ESCOLA MUNICIPAL JENNY GOMES,33063150,4.4
