nome_escola,cod_inep,ideb,pessimo_pra_bom_bin,ruim_pra_bom_bin,melhora_com_final_bom_bin,distancia,escola_risco,cod_inep_risco,ideb_2017_risco
0107501 ESCOLA MUNICIPAL EDMUNDO BITTENCOURT,33066248,6.3,0,1,1,784.5310311082555,0107012 ESCOLA MUNICIPAL GONZAGA DA GAMA FILHO,33066272,4.8
0107004 ESCOLA MUNICIPAL FLORIANO PEIXOTO,33066256,7.2,0,1,1,1144.8581852366892,0107012 ESCOLA MUNICIPAL GONZAGA DA GAMA FILHO,33066272,4.8
0107005 ESCOLA MUNICIPAL JOAO DE CAMARGO,33066299,6.5,0,1,0,1231.6674218966284,0107012 ESCOLA MUNICIPAL GONZAGA DA GAMA FILHO,33066272,4.8
0209004 ESCOLA MUNICIPAL CONSELHEIRO MAYRINK,33067031,6.7,0,1,0,2532.0123270916533,0107012 ESCOLA MUNICIPAL GONZAGA DA GAMA FILHO,33066272,4.8
0209001 ESCOLA MUNICIPAL BENEDITO OTTONI,33066990,7.1,0,1,1,2591.2284665757934,0107012 ESCOLA MUNICIPAL GONZAGA DA GAMA FILHO,33066272,4.8
0410001 ESCOLA MUNICIPAL EMA NEGRAO DE LIMA,33069247,6.1,0,1,0,2705.3279085012073,0107012 ESCOLA MUNICIPAL GONZAGA DA GAMA FILHO,33066272,4.8
0208016 ESCOLA MUNICIPAL LEITAO DA CUNHA,33068321,6.6,0,1,0,2863.2013805044753,0107012 ESCOLA MUNICIPAL GONZAGA DA GAMA FILHO,33066272,4.8
0208002 ESCOLA MUNICIPAL REVERENDO MARTIN LUTHER KING,33063192,6.2,0,1,1,3355.976231742461,0107012 ESCOLA MUNICIPAL GONZAGA DA GAMA FILHO,33066272,4.8
0209023 ESCOLA MUNICIPAL PANAMA,33068364,6.7,1,0,1,3629.515322950418,0107012 ESCOLA MUNICIPAL GONZAGA DA GAMA FILHO,33066272,4.8
0209019 ESCOLA MUNICIPAL AFRANIO PEIXOTO,33068216,6.7,0,1,1,3993.372263373812,0107012 ESCOLA MUNICIPAL GONZAGA DA GAMA FILHO,33066272,4.8
0208014 ESCOLA MUNICIPAL FREI CASSIANO,33067066,6.1,0,1,0,4065.0592019576266,0107012 ESCOLA MUNICIPAL GONZAGA DA GAMA FILHO,33066272,4.8
0312005 ESCOLA MUNICIPAL D JOAO VI,33069212,6.6,1,0,1,4109.185775139391,0107012 ESCOLA MUNICIPAL GONZAGA DA GAMA FILHO,33066272,4.8
0313027 ESCOLA MUNICIPAL JEAN MERMOZ,33072841,7.3,0,1,1,4178.06055774187,0107012 ESCOLA MUNICIPAL GONZAGA DA GAMA FILHO,33066272,4.8
0208007 ESCOLA MUNICIPAL BARAO DE ITACURUSSA,33066981,6.4,0,1,1,4320.814557946113,0107012 ESCOLA MUNICIPAL GONZAGA DA GAMA FILHO,33066272,4.8
0103004 ESCOLA MUNICIPAL PEREIRA PASSOS,33063184,6.3,1,0,1,4567.124635251369,0107012 ESCOLA MUNICIPAL GONZAGA DA GAMA FILHO,33066272,4.8
