nome_escola,cod_inep,ideb,pessimo_pra_bom_bin,ruim_pra_bom_bin,melhora_com_final_bom_bin,distancia,escola_risco,cod_inep_risco,ideb_2017_risco
0107501 ESCOLA MUNICIPAL EDMUNDO BITTENCOURT,33066248,6.3,0,1,1,407.45603619626195,0107013 ESCOLA MUNICIPAL ALICE DO AMARAL PEIXOTO,33066205,5.3
0107005 ESCOLA MUNICIPAL JOAO DE CAMARGO,33066299,6.5,0,1,0,685.4946959946056,0107013 ESCOLA MUNICIPAL ALICE DO AMARAL PEIXOTO,33066205,5.3
0107004 ESCOLA MUNICIPAL FLORIANO PEIXOTO,33066256,7.2,0,1,1,1372.7252509282073,0107013 ESCOLA MUNICIPAL ALICE DO AMARAL PEIXOTO,33066205,5.3
0410001 ESCOLA MUNICIPAL EMA NEGRAO DE LIMA,33069247,6.1,0,1,0,2185.7948535978508,0107013 ESCOLA MUNICIPAL ALICE DO AMARAL PEIXOTO,33066205,5.3
0209001 ESCOLA MUNICIPAL BENEDITO OTTONI,33066990,7.1,0,1,1,3176.1027279661025,0107013 ESCOLA MUNICIPAL ALICE DO AMARAL PEIXOTO,33066205,5.3
0209004 ESCOLA MUNICIPAL CONSELHEIRO MAYRINK,33067031,6.7,0,1,0,3285.2843015179633,0107013 ESCOLA MUNICIPAL ALICE DO AMARAL PEIXOTO,33066205,5.3
0312005 ESCOLA MUNICIPAL D JOAO VI,33069212,6.6,1,0,1,3609.6857278730763,0107013 ESCOLA MUNICIPAL ALICE DO AMARAL PEIXOTO,33066205,5.3
0208002 ESCOLA MUNICIPAL REVERENDO MARTIN LUTHER KING,33063192,6.2,0,1,1,3809.5587148782556,0107013 ESCOLA MUNICIPAL ALICE DO AMARAL PEIXOTO,33066205,5.3
0208016 ESCOLA MUNICIPAL LEITAO DA CUNHA,33068321,6.6,0,1,0,3809.7177513103215,0107013 ESCOLA MUNICIPAL ALICE DO AMARAL PEIXOTO,33066205,5.3
0410004 ESCOLA MUNICIPAL PEDRO LESSA,33069379,6.2,0,1,0,4034.2013967522385,0107013 ESCOLA MUNICIPAL ALICE DO AMARAL PEIXOTO,33066205,5.3
0313027 ESCOLA MUNICIPAL JEAN MERMOZ,33072841,7.3,0,1,1,4153.449640681466,0107013 ESCOLA MUNICIPAL ALICE DO AMARAL PEIXOTO,33066205,5.3
0312025 ESCOLA MUNICIPAL PROFESSORA ARMINDA MOREIRA PADOVA,33073147,6.1,0,1,0,4345.0037716876695,0107013 ESCOLA MUNICIPAL ALICE DO AMARAL PEIXOTO,33066205,5.3
0312021 ESCOLA MUNICIPAL EURICO VILLELA,33072728,6.1,1,0,1,4496.885105828679,0107013 ESCOLA MUNICIPAL ALICE DO AMARAL PEIXOTO,33066205,5.3
0209023 ESCOLA MUNICIPAL PANAMA,33068364,6.7,1,0,1,4559.208768700312,0107013 ESCOLA MUNICIPAL ALICE DO AMARAL PEIXOTO,33066205,5.3
0410202 CIEP YURI GAGARIN,33068755,6.3,1,0,1,4593.259611203136,0107013 ESCOLA MUNICIPAL ALICE DO AMARAL PEIXOTO,33066205,5.3
