nome_escola,cod_inep,ideb,pessimo_pra_bom_bin,ruim_pra_bom_bin,melhora_com_final_bom_bin,distancia,escola_risco,cod_inep_risco,ideb_2017_risco
0107004 ESCOLA MUNICIPAL FLORIANO PEIXOTO,33066256,7.2,0,1,1,1075.3900290600034,0107502 ESCOLA MUNICIPAL MESTRE WALDEMIRO,33066329,5.4
0209004 ESCOLA MUNICIPAL CONSELHEIRO MAYRINK,33067031,6.7,0,1,0,1120.8273681424553,0107502 ESCOLA MUNICIPAL MESTRE WALDEMIRO,33066329,5.4
0209001 ESCOLA MUNICIPAL BENEDITO OTTONI,33066990,7.1,0,1,1,1212.6780621458856,0107502 ESCOLA MUNICIPAL MESTRE WALDEMIRO,33066329,5.4
0107501 ESCOLA MUNICIPAL EDMUNDO BITTENCOURT,33066248,6.3,0,1,1,1790.9756279017327,0107502 ESCOLA MUNICIPAL MESTRE WALDEMIRO,33066329,5.4
0208016 ESCOLA MUNICIPAL LEITAO DA CUNHA,33068321,6.6,0,1,0,1836.9381749726683,0107502 ESCOLA MUNICIPAL MESTRE WALDEMIRO,33066329,5.4
0107005 ESCOLA MUNICIPAL JOAO DE CAMARGO,33066299,6.5,0,1,0,1945.9406320901537,0107502 ESCOLA MUNICIPAL MESTRE WALDEMIRO,33066329,5.4
0208002 ESCOLA MUNICIPAL REVERENDO MARTIN LUTHER KING,33063192,6.2,0,1,1,2045.4156059100524,0107502 ESCOLA MUNICIPAL MESTRE WALDEMIRO,33066329,5.4
0208014 ESCOLA MUNICIPAL FREI CASSIANO,33067066,6.1,0,1,0,2653.888648731166,0107502 ESCOLA MUNICIPAL MESTRE WALDEMIRO,33066329,5.4
0103004 ESCOLA MUNICIPAL PEREIRA PASSOS,33063184,6.3,1,0,1,3145.791913595502,0107502 ESCOLA MUNICIPAL MESTRE WALDEMIRO,33066329,5.4
0208007 ESCOLA MUNICIPAL BARAO DE ITACURUSSA,33066981,6.4,0,1,1,3459.774425336032,0107502 ESCOLA MUNICIPAL MESTRE WALDEMIRO,33066329,5.4
0209023 ESCOLA MUNICIPAL PANAMA,33068364,6.7,1,0,1,3531.263268813732,0107502 ESCOLA MUNICIPAL MESTRE WALDEMIRO,33066329,5.4
0209019 ESCOLA MUNICIPAL AFRANIO PEIXOTO,33068216,6.7,0,1,1,3775.6109938932404,0107502 ESCOLA MUNICIPAL MESTRE WALDEMIRO,33066329,5.4
0410001 ESCOLA MUNICIPAL EMA NEGRAO DE LIMA,33069247,6.1,0,1,0,4127.820666517083,0107502 ESCOLA MUNICIPAL MESTRE WALDEMIRO,33066329,5.4
0123003 ESCOLA MUNICIPAL JULIA LOPES DE ALMEIDA,33087482,6.1,0,1,0,4556.049851433851,0107502 ESCOLA MUNICIPAL MESTRE WALDEMIRO,33066329,5.4
0102002 ESCOLA MUNICIPAL TIRADENTES,33062803,6.1,0,1,0,4882.282781893082,0107502 ESCOLA MUNICIPAL MESTRE WALDEMIRO,33066329,5.4
