nome_escola,cod_inep,ideb,pessimo_pra_bom_bin,ruim_pra_bom_bin,melhora_com_final_bom_bin,distancia,escola_risco,cod_inep_risco,ideb_2017_risco
0204002 ESCOLA MUNICIPAL MARIA LEOPOLDINA,33064164,6.1,0,1,0,714.8710432982466,0204008 ESCOLA MUNICIPAL VITAL BRASIL,33064210,5.4
0204004 ESCOLA MUNICIPAL EDUCANDARIO ROMAO DE MATTOS DUARTE,33064202,6.5,0,1,1,1351.2416399658016,0204008 ESCOLA MUNICIPAL VITAL BRASIL,33064210,5.4
0204006 ESCOLA MUNICIPAL ANNE FRANK,33064075,6.5,0,1,1,1783.846969056646,0204008 ESCOLA MUNICIPAL VITAL BRASIL,33064210,5.4
0204003 ESCOLA MUNICIPAL ALBERTO BARTH,33064067,7.1,1,0,1,1815.9751022359922,0204008 ESCOLA MUNICIPAL VITAL BRASIL,33064210,5.4
0102002 ESCOLA MUNICIPAL TIRADENTES,33062803,6.1,0,1,0,2360.7254254734103,0204008 ESCOLA MUNICIPAL VITAL BRASIL,33064210,5.4
0123003 ESCOLA MUNICIPAL JULIA LOPES DE ALMEIDA,33087482,6.1,0,1,0,3402.88167850707,0204008 ESCOLA MUNICIPAL VITAL BRASIL,33064210,5.4
0204010 ESCOLA MUNICIPAL FRANCISCO ALVES,33064113,7.1,0,1,1,3476.819457938366,0204008 ESCOLA MUNICIPAL VITAL BRASIL,33064210,5.4
0103004 ESCOLA MUNICIPAL PEREIRA PASSOS,33063184,6.3,1,0,1,3622.3097869351013,0204008 ESCOLA MUNICIPAL VITAL BRASIL,33064210,5.4
0208002 ESCOLA MUNICIPAL REVERENDO MARTIN LUTHER KING,33063192,6.2,0,1,1,4300.316830656947,0204008 ESCOLA MUNICIPAL VITAL BRASIL,33064210,5.4
0208014 ESCOLA MUNICIPAL FREI CASSIANO,33067066,6.1,0,1,0,4473.277389243384,0204008 ESCOLA MUNICIPAL VITAL BRASIL,33064210,5.4
0204502 CIEP PRESIDENTE AGOSTINHO NETO,33063265,6.5,1,0,1,4817.477532999835,0204008 ESCOLA MUNICIPAL VITAL BRASIL,33064210,5.4
0209001 ESCOLA MUNICIPAL BENEDITO OTTONI,33066990,7.1,0,1,1,5133.076507488474,0204008 ESCOLA MUNICIPAL VITAL BRASIL,33064210,5.4
0209004 ESCOLA MUNICIPAL CONSELHEIRO MAYRINK,33067031,6.7,0,1,0,5501.000372807481,0204008 ESCOLA MUNICIPAL VITAL BRASIL,33064210,5.4
0205004 ESCOLA MUNICIPAL DOUTOR COCIO BARCELLOS,33064962,6.5,0,1,0,6090.846229149886,0204008 ESCOLA MUNICIPAL VITAL BRASIL,33064210,5.4
0206011 ESCOLA MUNICIPAL SHAKESPEARE,33065810,6.4,1,0,1,6355.581822490725,0204008 ESCOLA MUNICIPAL VITAL BRASIL,33064210,5.4
