nome_escola,cod_inep,ideb,pessimo_pra_bom_bin,ruim_pra_bom_bin,melhora_com_final_bom_bin,distancia,escola_risco,cod_inep_risco,ideb_2017_risco
0204002 ESCOLA MUNICIPAL MARIA LEOPOLDINA,33064164,6.1,0,1,0,566.5832633312865,0204501 CIEP PRESIDENTE TANCREDO NEVES,33063273,5.2
0204004 ESCOLA MUNICIPAL EDUCANDARIO ROMAO DE MATTOS DUARTE,33064202,6.5,0,1,1,1671.8819096659452,0204501 CIEP PRESIDENTE TANCREDO NEVES,33063273,5.2
0102002 ESCOLA MUNICIPAL TIRADENTES,33062803,6.1,0,1,0,2027.2448428412733,0204501 CIEP PRESIDENTE TANCREDO NEVES,33063273,5.2
0204006 ESCOLA MUNICIPAL ANNE FRANK,33064075,6.5,0,1,1,2065.464463245785,0204501 CIEP PRESIDENTE TANCREDO NEVES,33063273,5.2
0204003 ESCOLA MUNICIPAL ALBERTO BARTH,33064067,7.1,1,0,1,2154.5693934334577,0204501 CIEP PRESIDENTE TANCREDO NEVES,33063273,5.2
0123003 ESCOLA MUNICIPAL JULIA LOPES DE ALMEIDA,33087482,6.1,0,1,0,3486.7586142833475,0204501 CIEP PRESIDENTE TANCREDO NEVES,33063273,5.2
0103004 ESCOLA MUNICIPAL PEREIRA PASSOS,33063184,6.3,1,0,1,3555.744092338691,0204501 CIEP PRESIDENTE TANCREDO NEVES,33063273,5.2
0204010 ESCOLA MUNICIPAL FRANCISCO ALVES,33064113,7.1,0,1,1,3798.348075334035,0204501 CIEP PRESIDENTE TANCREDO NEVES,33063273,5.2
0208002 ESCOLA MUNICIPAL REVERENDO MARTIN LUTHER KING,33063192,6.2,0,1,1,4114.318081700903,0204501 CIEP PRESIDENTE TANCREDO NEVES,33063273,5.2
0208014 ESCOLA MUNICIPAL FREI CASSIANO,33067066,6.1,0,1,0,4411.839502133943,0204501 CIEP PRESIDENTE TANCREDO NEVES,33063273,5.2
0209001 ESCOLA MUNICIPAL BENEDITO OTTONI,33066990,7.1,0,1,1,4960.311936429406,0204501 CIEP PRESIDENTE TANCREDO NEVES,33063273,5.2
0204502 CIEP PRESIDENTE AGOSTINHO NETO,33063265,6.5,1,0,1,5069.411679500794,0204501 CIEP PRESIDENTE TANCREDO NEVES,33063273,5.2
0209004 ESCOLA MUNICIPAL CONSELHEIRO MAYRINK,33067031,6.7,0,1,0,5360.564148109177,0204501 CIEP PRESIDENTE TANCREDO NEVES,33063273,5.2
0208016 ESCOLA MUNICIPAL LEITAO DA CUNHA,33068321,6.6,0,1,0,6328.6494023454015,0204501 CIEP PRESIDENTE TANCREDO NEVES,33063273,5.2
0205004 ESCOLA MUNICIPAL DOUTOR COCIO BARCELLOS,33064962,6.5,0,1,0,6405.450648102401,0204501 CIEP PRESIDENTE TANCREDO NEVES,33063273,5.2
