nome_escola,cod_inep,ideb,pessimo_pra_bom_bin,ruim_pra_bom_bin,melhora_com_final_bom_bin,distancia,escola_risco,cod_inep_risco,ideb_2017_risco
0205007 ESCOLA MUNICIPAL PENEDO,33065004,6.5,1,0,1,542.8438007443327,0206003 ESCOLA MUNICIPAL MARILIA DE DIRCEU,33065756,4.7
0205004 ESCOLA MUNICIPAL DOUTOR COCIO BARCELLOS,33064962,6.5,0,1,0,1391.360728622718,0206003 ESCOLA MUNICIPAL MARILIA DE DIRCEU,33065756,4.7
0206502 CIEP NACAO RUBRO NEGRA,33065225,6.1,1,0,1,2915.402146976071,0206003 ESCOLA MUNICIPAL MARILIA DE DIRCEU,33065756,4.7
0204502 CIEP PRESIDENTE AGOSTINHO NETO,33063265,6.5,1,0,1,2979.102218493118,0206003 ESCOLA MUNICIPAL MARILIA DE DIRCEU,33065756,4.7
0206011 ESCOLA MUNICIPAL SHAKESPEARE,33065810,6.4,1,0,1,3286.3209235374757,0206003 ESCOLA MUNICIPAL MARILIA DE DIRCEU,33065756,4.7
0204010 ESCOLA MUNICIPAL FRANCISCO ALVES,33064113,7.1,0,1,1,3947.116236956767,0206003 ESCOLA MUNICIPAL MARILIA DE DIRCEU,33065756,4.7
0206018 ESCOLA MUNICIPAL LUIZ DELFINO,33065730,6.3,0,1,0,4146.37647040468,0206003 ESCOLA MUNICIPAL MARILIA DE DIRCEU,33065756,4.7
0204006 ESCOLA MUNICIPAL ANNE FRANK,33064075,6.5,0,1,1,5615.952743054446,0206003 ESCOLA MUNICIPAL MARILIA DE DIRCEU,33065756,4.7
0204003 ESCOLA MUNICIPAL ALBERTO BARTH,33064067,7.1,1,0,1,5660.258003216311,0206003 ESCOLA MUNICIPAL MARILIA DE DIRCEU,33065756,4.7
0123003 ESCOLA MUNICIPAL JULIA LOPES DE ALMEIDA,33087482,6.1,0,1,0,5739.456148840339,0206003 ESCOLA MUNICIPAL MARILIA DE DIRCEU,33065756,4.7
0227001 ESCOLA MUNICIPAL ABELARDO CHACRINHA BARBOSA,33087784,6.0,1,0,1,5909.092252322,0206003 ESCOLA MUNICIPAL MARILIA DE DIRCEU,33065756,4.7
0204004 ESCOLA MUNICIPAL EDUCANDARIO ROMAO DE MATTOS DUARTE,33064202,6.5,0,1,1,6028.162791087636,0206003 ESCOLA MUNICIPAL MARILIA DE DIRCEU,33065756,4.7
0227501 CIEP DOUTOR BENTO RUBIAO,33087601,6.4,1,0,1,6213.507448157023,0206003 ESCOLA MUNICIPAL MARILIA DE DIRCEU,33065756,4.7
0103004 ESCOLA MUNICIPAL PEREIRA PASSOS,33063184,6.3,1,0,1,7256.863481895074,0206003 ESCOLA MUNICIPAL MARILIA DE DIRCEU,33065756,4.7
0208014 ESCOLA MUNICIPAL FREI CASSIANO,33067066,6.1,0,1,0,7386.245887946202,0206003 ESCOLA MUNICIPAL MARILIA DE DIRCEU,33065756,4.7
