nome_escola,cod_inep,ideb,pessimo_pra_bom_bin,ruim_pra_bom_bin,melhora_com_final_bom_bin,distancia,escola_risco,cod_inep_risco,ideb_2017_risco
0205004 ESCOLA MUNICIPAL DOUTOR COCIO BARCELLOS,33064962,6.5,0,1,0,987.9743816258658,0206007 ESCOLA MUNICIPAL EDNA PONCIONI FERREIRA,33065675,5.3
0205007 ESCOLA MUNICIPAL PENEDO,33065004,6.5,1,0,1,999.5399225096145,0206007 ESCOLA MUNICIPAL EDNA PONCIONI FERREIRA,33065675,5.3
0204502 CIEP PRESIDENTE AGOSTINHO NETO,33063265,6.5,1,0,1,2060.3367376214187,0206007 ESCOLA MUNICIPAL EDNA PONCIONI FERREIRA,33065675,5.3
0206011 ESCOLA MUNICIPAL SHAKESPEARE,33065810,6.4,1,0,1,2586.061912456276,0206007 ESCOLA MUNICIPAL EDNA PONCIONI FERREIRA,33065675,5.3
0206502 CIEP NACAO RUBRO NEGRA,33065225,6.1,1,0,1,2752.549640803804,0206007 ESCOLA MUNICIPAL EDNA PONCIONI FERREIRA,33065675,5.3
0204010 ESCOLA MUNICIPAL FRANCISCO ALVES,33064113,7.1,0,1,1,3192.3583497920176,0206007 ESCOLA MUNICIPAL EDNA PONCIONI FERREIRA,33065675,5.3
0206018 ESCOLA MUNICIPAL LUIZ DELFINO,33065730,6.3,0,1,0,4000.127404080273,0206007 ESCOLA MUNICIPAL EDNA PONCIONI FERREIRA,33065675,5.3
0204006 ESCOLA MUNICIPAL ANNE FRANK,33064075,6.5,0,1,1,4774.1572543161055,0206007 ESCOLA MUNICIPAL EDNA PONCIONI FERREIRA,33065675,5.3
0123003 ESCOLA MUNICIPAL JULIA LOPES DE ALMEIDA,33087482,6.1,0,1,0,4821.424494289101,0206007 ESCOLA MUNICIPAL EDNA PONCIONI FERREIRA,33065675,5.3
0204003 ESCOLA MUNICIPAL ALBERTO BARTH,33064067,7.1,1,0,1,4884.342229974923,0206007 ESCOLA MUNICIPAL EDNA PONCIONI FERREIRA,33065675,5.3
0204004 ESCOLA MUNICIPAL EDUCANDARIO ROMAO DE MATTOS DUARTE,33064202,6.5,0,1,1,5214.701176420823,0206007 ESCOLA MUNICIPAL EDNA PONCIONI FERREIRA,33065675,5.3
0227001 ESCOLA MUNICIPAL ABELARDO CHACRINHA BARBOSA,33087784,6.0,1,0,1,5881.591478165475,0206007 ESCOLA MUNICIPAL EDNA PONCIONI FERREIRA,33065675,5.3
0227501 CIEP DOUTOR BENTO RUBIAO,33087601,6.4,1,0,1,6273.418813960551,0206007 ESCOLA MUNICIPAL EDNA PONCIONI FERREIRA,33065675,5.3
0103004 ESCOLA MUNICIPAL PEREIRA PASSOS,33063184,6.3,1,0,1,6340.957127800418,0206007 ESCOLA MUNICIPAL EDNA PONCIONI FERREIRA,33065675,5.3
0208014 ESCOLA MUNICIPAL FREI CASSIANO,33067066,6.1,0,1,0,6486.230077992003,0206007 ESCOLA MUNICIPAL EDNA PONCIONI FERREIRA,33065675,5.3
