nome_escola,cod_inep,ideb,pessimo_pra_bom_bin,ruim_pra_bom_bin,melhora_com_final_bom_bin,distancia,escola_risco,cod_inep_risco,ideb_2017_risco
0206018 ESCOLA MUNICIPAL LUIZ DELFINO,33065730,6.3,0,1,0,1880.2291961043545,0206021 ESCOLA MUNICIPAL ALMIRANTE TAMANDARE,33065608,4.6
0227501 CIEP DOUTOR BENTO RUBIAO,33087601,6.4,1,0,1,1971.4909535581157,0206021 ESCOLA MUNICIPAL ALMIRANTE TAMANDARE,33065608,4.6
0227001 ESCOLA MUNICIPAL ABELARDO CHACRINHA BARBOSA,33087784,6.0,1,0,1,2006.6670875175646,0206021 ESCOLA MUNICIPAL ALMIRANTE TAMANDARE,33065608,4.6
0206502 CIEP NACAO RUBRO NEGRA,33065225,6.1,1,0,1,2361.9590834294527,0206021 ESCOLA MUNICIPAL ALMIRANTE TAMANDARE,33065608,4.6
0206022 ESCOLA MUNICIPAL LUCIA MIGUEL PEREIRA,33065721,6.5,1,0,1,4099.0548185366,0206021 ESCOLA MUNICIPAL ALMIRANTE TAMANDARE,33065608,4.6
0206011 ESCOLA MUNICIPAL SHAKESPEARE,33065810,6.4,1,0,1,4255.443976731596,0206021 ESCOLA MUNICIPAL ALMIRANTE TAMANDARE,33065608,4.6
0205007 ESCOLA MUNICIPAL PENEDO,33065004,6.5,1,0,1,5005.190624539334,0206021 ESCOLA MUNICIPAL ALMIRANTE TAMANDARE,33065608,4.6
0205004 ESCOLA MUNICIPAL DOUTOR COCIO BARCELLOS,33064962,6.5,0,1,0,5653.369700516911,0206021 ESCOLA MUNICIPAL ALMIRANTE TAMANDARE,33065608,4.6
0204502 CIEP PRESIDENTE AGOSTINHO NETO,33063265,6.5,1,0,1,5758.948607105218,0206021 ESCOLA MUNICIPAL ALMIRANTE TAMANDARE,33065608,4.6
0208021 ESCOLA MUNICIPAL MARIO FACCINI,33067163,6.5,0,1,0,6043.61271327417,0206021 ESCOLA MUNICIPAL ALMIRANTE TAMANDARE,33065608,4.6
0208502 CIEP DOUTOR ANTOINE MAGARINOS TORRES FILHO,33066507,6.0,1,0,1,6688.357427856891,0206021 ESCOLA MUNICIPAL ALMIRANTE TAMANDARE,33065608,4.6
0208007 ESCOLA MUNICIPAL BARAO DE ITACURUSSA,33066981,6.4,0,1,1,7237.499214903428,0206021 ESCOLA MUNICIPAL ALMIRANTE TAMANDARE,33065608,4.6
0204010 ESCOLA MUNICIPAL FRANCISCO ALVES,33064113,7.1,0,1,1,7629.286296719915,0206021 ESCOLA MUNICIPAL ALMIRANTE TAMANDARE,33065608,4.6
0123003 ESCOLA MUNICIPAL JULIA LOPES DE ALMEIDA,33087482,6.1,0,1,0,7704.011304746248,0206021 ESCOLA MUNICIPAL ALMIRANTE TAMANDARE,33065608,4.6
0724002 ESCOLA MUNICIPAL ALMEIDA GARRET,33087792,6.3,0,1,0,7832.767839252835,0206021 ESCOLA MUNICIPAL ALMIRANTE TAMANDARE,33065608,4.6
