nome_escola,cod_inep,ideb,pessimo_pra_bom_bin,ruim_pra_bom_bin,melhora_com_final_bom_bin,distancia,escola_risco,cod_inep_risco,ideb_2017_risco
0208021 ESCOLA MUNICIPAL MARIO FACCINI,33067163,6.5,0,1,0,369.2232820143581,0208017 ESCOLA MUNICIPAL ARAUJO PORTO ALEGRE,33066973,5.1
0208502 CIEP DOUTOR ANTOINE MAGARINOS TORRES FILHO,33066507,6.0,1,0,1,1058.4578923521028,0208017 ESCOLA MUNICIPAL ARAUJO PORTO ALEGRE,33066973,5.1
0209019 ESCOLA MUNICIPAL AFRANIO PEIXOTO,33068216,6.7,0,1,1,2562.6536412111855,0208017 ESCOLA MUNICIPAL ARAUJO PORTO ALEGRE,33066973,5.1
0208007 ESCOLA MUNICIPAL BARAO DE ITACURUSSA,33066981,6.4,0,1,1,2700.3880465745324,0208017 ESCOLA MUNICIPAL ARAUJO PORTO ALEGRE,33066973,5.1
0209023 ESCOLA MUNICIPAL PANAMA,33068364,6.7,1,0,1,2996.009647048728,0208017 ESCOLA MUNICIPAL ARAUJO PORTO ALEGRE,33066973,5.1
0208016 ESCOLA MUNICIPAL LEITAO DA CUNHA,33068321,6.6,0,1,0,4225.852854831938,0208017 ESCOLA MUNICIPAL ARAUJO PORTO ALEGRE,33066973,5.1
0227001 ESCOLA MUNICIPAL ABELARDO CHACRINHA BARBOSA,33087784,6.0,1,0,1,4389.412334166396,0208017 ESCOLA MUNICIPAL ARAUJO PORTO ALEGRE,33066973,5.1
0206018 ESCOLA MUNICIPAL LUIZ DELFINO,33065730,6.3,0,1,0,4533.595431658819,0208017 ESCOLA MUNICIPAL ARAUJO PORTO ALEGRE,33066973,5.1
0227501 CIEP DOUTOR BENTO RUBIAO,33087601,6.4,1,0,1,4951.907713826721,0208017 ESCOLA MUNICIPAL ARAUJO PORTO ALEGRE,33066973,5.1
0206011 ESCOLA MUNICIPAL SHAKESPEARE,33065810,6.4,1,0,1,5000.986731900154,0208017 ESCOLA MUNICIPAL ARAUJO PORTO ALEGRE,33066973,5.1
0206502 CIEP NACAO RUBRO NEGRA,33065225,6.1,1,0,1,5387.668475937031,0208017 ESCOLA MUNICIPAL ARAUJO PORTO ALEGRE,33066973,5.1
0208014 ESCOLA MUNICIPAL FREI CASSIANO,33067066,6.1,0,1,0,5414.049860638004,0208017 ESCOLA MUNICIPAL ARAUJO PORTO ALEGRE,33066973,5.1
0209004 ESCOLA MUNICIPAL CONSELHEIRO MAYRINK,33067031,6.7,0,1,0,5533.86794727324,0208017 ESCOLA MUNICIPAL ARAUJO PORTO ALEGRE,33066973,5.1
0313022 ESCOLA MUNICIPAL PROFESSOR AUGUSTO PAULINO FILHO,33073155,6.2,1,0,1,5817.715374682677,0208017 ESCOLA MUNICIPAL ARAUJO PORTO ALEGRE,33066973,5.1
0206022 ESCOLA MUNICIPAL LUCIA MIGUEL PEREIRA,33065721,6.5,1,0,1,6147.760008215019,0208017 ESCOLA MUNICIPAL ARAUJO PORTO ALEGRE,33066973,5.1
