nome_escola,cod_inep,ideb,pessimo_pra_bom_bin,ruim_pra_bom_bin,melhora_com_final_bom_bin,distancia,escola_risco,cod_inep_risco,ideb_2017_risco
0208007 ESCOLA MUNICIPAL BARAO DE ITACURUSSA,33066981,6.4,0,1,1,428.0638898763456,0208010 ESCOLA MUNICIPAL SOARES PEREIRA,33067201,4.8
0208502 CIEP DOUTOR ANTOINE MAGARINOS TORRES FILHO,33066507,6.0,1,0,1,1465.4081762859435,0208010 ESCOLA MUNICIPAL SOARES PEREIRA,33067201,4.8
0209019 ESCOLA MUNICIPAL AFRANIO PEIXOTO,33068216,6.7,0,1,1,1479.5899573214124,0208010 ESCOLA MUNICIPAL SOARES PEREIRA,33067201,4.8
0208016 ESCOLA MUNICIPAL LEITAO DA CUNHA,33068321,6.6,0,1,0,1733.2047895670503,0208010 ESCOLA MUNICIPAL SOARES PEREIRA,33067201,4.8
0209023 ESCOLA MUNICIPAL PANAMA,33068364,6.7,1,0,1,1751.484725014493,0208010 ESCOLA MUNICIPAL SOARES PEREIRA,33067201,4.8
0208021 ESCOLA MUNICIPAL MARIO FACCINI,33067163,6.5,0,1,0,2840.3997879173126,0208010 ESCOLA MUNICIPAL SOARES PEREIRA,33067201,4.8
0209004 ESCOLA MUNICIPAL CONSELHEIRO MAYRINK,33067031,6.7,0,1,0,3040.252241150668,0208010 ESCOLA MUNICIPAL SOARES PEREIRA,33067201,4.8
0208014 ESCOLA MUNICIPAL FREI CASSIANO,33067066,6.1,0,1,0,3124.6553419333964,0208010 ESCOLA MUNICIPAL SOARES PEREIRA,33067201,4.8
0209001 ESCOLA MUNICIPAL BENEDITO OTTONI,33066990,7.1,0,1,1,3707.1832879920057,0208010 ESCOLA MUNICIPAL SOARES PEREIRA,33067201,4.8
0103004 ESCOLA MUNICIPAL PEREIRA PASSOS,33063184,6.3,1,0,1,3966.7236231977076,0208010 ESCOLA MUNICIPAL SOARES PEREIRA,33067201,4.8
0208002 ESCOLA MUNICIPAL REVERENDO MARTIN LUTHER KING,33063192,6.2,0,1,1,4310.776445294994,0208010 ESCOLA MUNICIPAL SOARES PEREIRA,33067201,4.8
0123003 ESCOLA MUNICIPAL JULIA LOPES DE ALMEIDA,33087482,6.1,0,1,0,4352.939589867216,0208010 ESCOLA MUNICIPAL SOARES PEREIRA,33067201,4.8
0107004 ESCOLA MUNICIPAL FLORIANO PEIXOTO,33066256,7.2,0,1,1,4541.949912173807,0208010 ESCOLA MUNICIPAL SOARES PEREIRA,33067201,4.8
0206011 ESCOLA MUNICIPAL SHAKESPEARE,33065810,6.4,1,0,1,4741.484296846185,0208010 ESCOLA MUNICIPAL SOARES PEREIRA,33067201,4.8
0107501 ESCOLA MUNICIPAL EDMUNDO BITTENCOURT,33066248,6.3,0,1,1,4953.051169117726,0208010 ESCOLA MUNICIPAL SOARES PEREIRA,33067201,4.8
