nome_escola,cod_inep,ideb,pessimo_pra_bom_bin,ruim_pra_bom_bin,melhora_com_final_bom_bin,distancia,escola_risco,cod_inep_risco,ideb_2017_risco
0209023 ESCOLA MUNICIPAL PANAMA,33068364,6.7,1,0,1,425.54955812479443,0209021 ESCOLA MUNICIPAL PRESIDENTE JOAO GOULART,33068372,4.2
0209019 ESCOLA MUNICIPAL AFRANIO PEIXOTO,33068216,6.7,0,1,1,756.3551528249649,0209021 ESCOLA MUNICIPAL PRESIDENTE JOAO GOULART,33068372,4.2
0208007 ESCOLA MUNICIPAL BARAO DE ITACURUSSA,33066981,6.4,0,1,1,2054.868844353291,0209021 ESCOLA MUNICIPAL PRESIDENTE JOAO GOULART,33068372,4.2
0208016 ESCOLA MUNICIPAL LEITAO DA CUNHA,33068321,6.6,0,1,0,2067.6280930334883,0209021 ESCOLA MUNICIPAL PRESIDENTE JOAO GOULART,33068372,4.2
0208502 CIEP DOUTOR ANTOINE MAGARINOS TORRES FILHO,33066507,6.0,1,0,1,2327.9185645644943,0209021 ESCOLA MUNICIPAL PRESIDENTE JOAO GOULART,33068372,4.2
0209004 ESCOLA MUNICIPAL CONSELHEIRO MAYRINK,33067031,6.7,0,1,0,3227.7571608990784,0209021 ESCOLA MUNICIPAL PRESIDENTE JOAO GOULART,33068372,4.2
0208021 ESCOLA MUNICIPAL MARIO FACCINI,33067163,6.5,0,1,0,3532.163624468955,0209021 ESCOLA MUNICIPAL PRESIDENTE JOAO GOULART,33068372,4.2
0313022 ESCOLA MUNICIPAL PROFESSOR AUGUSTO PAULINO FILHO,33073155,6.2,1,0,1,3747.6646885016457,0209021 ESCOLA MUNICIPAL PRESIDENTE JOAO GOULART,33068372,4.2
0209001 ESCOLA MUNICIPAL BENEDITO OTTONI,33066990,7.1,0,1,1,3844.1913231029835,0209021 ESCOLA MUNICIPAL PRESIDENTE JOAO GOULART,33068372,4.2
0107004 ESCOLA MUNICIPAL FLORIANO PEIXOTO,33066256,7.2,0,1,1,3936.127055260378,0209021 ESCOLA MUNICIPAL PRESIDENTE JOAO GOULART,33068372,4.2
0208014 ESCOLA MUNICIPAL FREI CASSIANO,33067066,6.1,0,1,0,4017.0212623000643,0209021 ESCOLA MUNICIPAL PRESIDENTE JOAO GOULART,33068372,4.2
0107501 ESCOLA MUNICIPAL EDMUNDO BITTENCOURT,33066248,6.3,0,1,1,4022.604015645811,0209021 ESCOLA MUNICIPAL PRESIDENTE JOAO GOULART,33068372,4.2
0107005 ESCOLA MUNICIPAL JOAO DE CAMARGO,33066299,6.5,0,1,0,4443.552533203186,0209021 ESCOLA MUNICIPAL PRESIDENTE JOAO GOULART,33068372,4.2
0208002 ESCOLA MUNICIPAL REVERENDO MARTIN LUTHER KING,33063192,6.2,0,1,1,4644.998595084151,0209021 ESCOLA MUNICIPAL PRESIDENTE JOAO GOULART,33068372,4.2
0313031 ESCOLA MUNICIPAL NOSSA SENHORA DE POMPEIA,33073040,6.2,0,1,0,4672.6523535593915,0209021 ESCOLA MUNICIPAL PRESIDENTE JOAO GOULART,33068372,4.2
