nome_escola,cod_inep,ideb,pessimo_pra_bom_bin,ruim_pra_bom_bin,melhora_com_final_bom_bin,distancia,escola_risco,cod_inep_risco,ideb_2017_risco
0208016 ESCOLA MUNICIPAL LEITAO DA CUNHA,33068321,6.6,0,1,0,975.4260335345441,0209009 ESCOLA MUNICIPAL REPUBLICA ARGENTINA,33068399,4.8
0209004 ESCOLA MUNICIPAL CONSELHEIRO MAYRINK,33067031,6.7,0,1,0,1630.6892965997233,0209009 ESCOLA MUNICIPAL REPUBLICA ARGENTINA,33068399,4.8
0209023 ESCOLA MUNICIPAL PANAMA,33068364,6.7,1,0,1,2111.859858941859,0209009 ESCOLA MUNICIPAL REPUBLICA ARGENTINA,33068399,4.8
0209001 ESCOLA MUNICIPAL BENEDITO OTTONI,33066990,7.1,0,1,1,2191.850321281779,0209009 ESCOLA MUNICIPAL REPUBLICA ARGENTINA,33068399,4.8
0208007 ESCOLA MUNICIPAL BARAO DE ITACURUSSA,33066981,6.4,0,1,1,2284.690269384998,0209009 ESCOLA MUNICIPAL REPUBLICA ARGENTINA,33068399,4.8
0209019 ESCOLA MUNICIPAL AFRANIO PEIXOTO,33068216,6.7,0,1,1,2334.1293634690387,0209009 ESCOLA MUNICIPAL REPUBLICA ARGENTINA,33068399,4.8
0107004 ESCOLA MUNICIPAL FLORIANO PEIXOTO,33066256,7.2,0,1,1,2389.78590794579,0209009 ESCOLA MUNICIPAL REPUBLICA ARGENTINA,33068399,4.8
0107501 ESCOLA MUNICIPAL EDMUNDO BITTENCOURT,33066248,6.3,0,1,1,2742.539335701307,0209009 ESCOLA MUNICIPAL REPUBLICA ARGENTINA,33068399,4.8
0208014 ESCOLA MUNICIPAL FREI CASSIANO,33067066,6.1,0,1,0,2790.360896396129,0209009 ESCOLA MUNICIPAL REPUBLICA ARGENTINA,33068399,4.8
0208002 ESCOLA MUNICIPAL REVERENDO MARTIN LUTHER KING,33063192,6.2,0,1,1,3027.6525935015893,0209009 ESCOLA MUNICIPAL REPUBLICA ARGENTINA,33068399,4.8
0107005 ESCOLA MUNICIPAL JOAO DE CAMARGO,33066299,6.5,0,1,0,3074.638014664043,0209009 ESCOLA MUNICIPAL REPUBLICA ARGENTINA,33068399,4.8
0208502 CIEP DOUTOR ANTOINE MAGARINOS TORRES FILHO,33066507,6.0,1,0,1,3501.5354356683406,0209009 ESCOLA MUNICIPAL REPUBLICA ARGENTINA,33068399,4.8
0103004 ESCOLA MUNICIPAL PEREIRA PASSOS,33063184,6.3,1,0,1,3548.333206282071,0209009 ESCOLA MUNICIPAL REPUBLICA ARGENTINA,33068399,4.8
0410001 ESCOLA MUNICIPAL EMA NEGRAO DE LIMA,33069247,6.1,0,1,0,4437.066079973943,0209009 ESCOLA MUNICIPAL REPUBLICA ARGENTINA,33068399,4.8
0123003 ESCOLA MUNICIPAL JULIA LOPES DE ALMEIDA,33087482,6.1,0,1,0,4648.711331319829,0209009 ESCOLA MUNICIPAL REPUBLICA ARGENTINA,33068399,4.8
