nome_escola,cod_inep,ideb,pessimo_pra_bom_bin,ruim_pra_bom_bin,melhora_com_final_bom_bin,distancia,escola_risco,cod_inep_risco,ideb_2017_risco
0209023 ESCOLA MUNICIPAL PANAMA,33068364,6.7,1,0,1,1240.1435155723127,0209010 ESCOLA MUNICIPAL EQUADOR,33068267,5.0
0209019 ESCOLA MUNICIPAL AFRANIO PEIXOTO,33068216,6.7,0,1,1,1555.974110640196,0209010 ESCOLA MUNICIPAL EQUADOR,33068267,5.0
0208016 ESCOLA MUNICIPAL LEITAO DA CUNHA,33068321,6.6,0,1,0,1623.7150706506843,0209010 ESCOLA MUNICIPAL EQUADOR,33068267,5.0
0208007 ESCOLA MUNICIPAL BARAO DE ITACURUSSA,33066981,6.4,0,1,1,2260.962259153653,0209010 ESCOLA MUNICIPAL EQUADOR,33068267,5.0
0209004 ESCOLA MUNICIPAL CONSELHEIRO MAYRINK,33067031,6.7,0,1,0,2574.1726605179274,0209010 ESCOLA MUNICIPAL EQUADOR,33068267,5.0
0208502 CIEP DOUTOR ANTOINE MAGARINOS TORRES FILHO,33066507,6.0,1,0,1,3000.3560698543265,0209010 ESCOLA MUNICIPAL EQUADOR,33068267,5.0
0107004 ESCOLA MUNICIPAL FLORIANO PEIXOTO,33066256,7.2,0,1,1,3116.18271667524,0209010 ESCOLA MUNICIPAL EQUADOR,33068267,5.0
0209001 ESCOLA MUNICIPAL BENEDITO OTTONI,33066990,7.1,0,1,1,3145.759262559792,0209010 ESCOLA MUNICIPAL EQUADOR,33068267,5.0
0107501 ESCOLA MUNICIPAL EDMUNDO BITTENCOURT,33066248,6.3,0,1,1,3228.382210780534,0209010 ESCOLA MUNICIPAL EQUADOR,33068267,5.0
0208014 ESCOLA MUNICIPAL FREI CASSIANO,33067066,6.1,0,1,0,3591.0693056079285,0209010 ESCOLA MUNICIPAL EQUADOR,33068267,5.0
0107005 ESCOLA MUNICIPAL JOAO DE CAMARGO,33066299,6.5,0,1,0,3637.7536230788664,0209010 ESCOLA MUNICIPAL EQUADOR,33068267,5.0
0313022 ESCOLA MUNICIPAL PROFESSOR AUGUSTO PAULINO FILHO,33073155,6.2,1,0,1,3975.107043914716,0209010 ESCOLA MUNICIPAL EQUADOR,33068267,5.0
0208002 ESCOLA MUNICIPAL REVERENDO MARTIN LUTHER KING,33063192,6.2,0,1,1,3979.3338038491265,0209010 ESCOLA MUNICIPAL EQUADOR,33068267,5.0
0208021 ESCOLA MUNICIPAL MARIO FACCINI,33067163,6.5,0,1,0,4280.948861816308,0209010 ESCOLA MUNICIPAL EQUADOR,33068267,5.0
0410001 ESCOLA MUNICIPAL EMA NEGRAO DE LIMA,33069247,6.1,0,1,0,4375.839276466623,0209010 ESCOLA MUNICIPAL EQUADOR,33068267,5.0
