nome_escola,cod_inep,ideb,pessimo_pra_bom_bin,ruim_pra_bom_bin,melhora_com_final_bom_bin,distancia,escola_risco,cod_inep_risco,ideb_2017_risco
0209023 ESCOLA MUNICIPAL PANAMA,33068364,6.7,1,0,1,1180.346281835383,0209501 CIEP PRESIDENTE SALVADOR ALLENDE,33067686,4.9
0209019 ESCOLA MUNICIPAL AFRANIO PEIXOTO,33068216,6.7,0,1,1,1606.1994150408589,0209501 CIEP PRESIDENTE SALVADOR ALLENDE,33067686,4.9
0313022 ESCOLA MUNICIPAL PROFESSOR AUGUSTO PAULINO FILHO,33073155,6.2,1,0,1,2639.0908786316154,0209501 CIEP PRESIDENTE SALVADOR ALLENDE,33067686,4.9
0208016 ESCOLA MUNICIPAL LEITAO DA CUNHA,33068321,6.6,0,1,0,2982.06726739751,0209501 CIEP PRESIDENTE SALVADOR ALLENDE,33067686,4.9
0208007 ESCOLA MUNICIPAL BARAO DE ITACURUSSA,33066981,6.4,0,1,1,3212.8798207335917,0209501 CIEP PRESIDENTE SALVADOR ALLENDE,33067686,4.9
0208502 CIEP DOUTOR ANTOINE MAGARINOS TORRES FILHO,33066507,6.0,1,0,1,3243.3313717792385,0209501 CIEP PRESIDENTE SALVADOR ALLENDE,33067686,4.9
0313031 ESCOLA MUNICIPAL NOSSA SENHORA DE POMPEIA,33073040,6.2,0,1,0,3515.14152139,0209501 CIEP PRESIDENTE SALVADOR ALLENDE,33067686,4.9
0313027 ESCOLA MUNICIPAL JEAN MERMOZ,33072841,7.3,0,1,1,3639.0576402069546,0209501 CIEP PRESIDENTE SALVADOR ALLENDE,33067686,4.9
0107501 ESCOLA MUNICIPAL EDMUNDO BITTENCOURT,33066248,6.3,0,1,1,3851.704873062555,0209501 CIEP PRESIDENTE SALVADOR ALLENDE,33067686,4.9
0209004 ESCOLA MUNICIPAL CONSELHEIRO MAYRINK,33067031,6.7,0,1,0,3917.0519966678557,0209501 CIEP PRESIDENTE SALVADOR ALLENDE,33067686,4.9
0107004 ESCOLA MUNICIPAL FLORIANO PEIXOTO,33066256,7.2,0,1,1,4047.586057644661,0209501 CIEP PRESIDENTE SALVADOR ALLENDE,33067686,4.9
0410001 ESCOLA MUNICIPAL EMA NEGRAO DE LIMA,33069247,6.1,0,1,0,4134.952847655915,0209501 CIEP PRESIDENTE SALVADOR ALLENDE,33067686,4.9
0208021 ESCOLA MUNICIPAL MARIO FACCINI,33067163,6.5,0,1,0,4239.275551679702,0209501 CIEP PRESIDENTE SALVADOR ALLENDE,33067686,4.9
0313038 ESCOLA MUNICIPAL LONDRES,33072949,6.2,0,1,0,4311.328711839344,0209501 CIEP PRESIDENTE SALVADOR ALLENDE,33067686,4.9
0107005 ESCOLA MUNICIPAL JOAO DE CAMARGO,33066299,6.5,0,1,0,4321.460539060609,0209501 CIEP PRESIDENTE SALVADOR ALLENDE,33067686,4.9
