nome_escola,cod_inep,ideb,pessimo_pra_bom_bin,ruim_pra_bom_bin,melhora_com_final_bom_bin,distancia,escola_risco,cod_inep_risco,ideb_2017_risco
0208016 ESCOLA MUNICIPAL LEITAO DA CUNHA,33068321,6.6,0,1,0,1513.919765391172,0209014 ESCOLA MUNICIPAL GENERAL DO EXERCITO HUMBERTO DE SOUZA MELLO,33068305,4.8
0209004 ESCOLA MUNICIPAL CONSELHEIRO MAYRINK,33067031,6.7,0,1,0,1802.6339358152927,0209014 ESCOLA MUNICIPAL GENERAL DO EXERCITO HUMBERTO DE SOUZA MELLO,33068305,4.8
0107004 ESCOLA MUNICIPAL FLORIANO PEIXOTO,33066256,7.2,0,1,1,1978.0195365422323,0209014 ESCOLA MUNICIPAL GENERAL DO EXERCITO HUMBERTO DE SOUZA MELLO,33068305,4.8
0107501 ESCOLA MUNICIPAL EDMUNDO BITTENCOURT,33066248,6.3,0,1,1,2203.3970754891398,0209014 ESCOLA MUNICIPAL GENERAL DO EXERCITO HUMBERTO DE SOUZA MELLO,33068305,4.8
0209001 ESCOLA MUNICIPAL BENEDITO OTTONI,33066990,7.1,0,1,1,2233.7723712684347,0209014 ESCOLA MUNICIPAL GENERAL DO EXERCITO HUMBERTO DE SOUZA MELLO,33068305,4.8
0209023 ESCOLA MUNICIPAL PANAMA,33068364,6.7,1,0,1,2382.1954850887764,0209014 ESCOLA MUNICIPAL GENERAL DO EXERCITO HUMBERTO DE SOUZA MELLO,33068305,4.8
0107005 ESCOLA MUNICIPAL JOAO DE CAMARGO,33066299,6.5,0,1,0,2567.201154608106,0209014 ESCOLA MUNICIPAL GENERAL DO EXERCITO HUMBERTO DE SOUZA MELLO,33068305,4.8
0209019 ESCOLA MUNICIPAL AFRANIO PEIXOTO,33068216,6.7,0,1,1,2678.508968033447,0209014 ESCOLA MUNICIPAL GENERAL DO EXERCITO HUMBERTO DE SOUZA MELLO,33068305,4.8
0208007 ESCOLA MUNICIPAL BARAO DE ITACURUSSA,33066981,6.4,0,1,1,2857.3660326305185,0209014 ESCOLA MUNICIPAL GENERAL DO EXERCITO HUMBERTO DE SOUZA MELLO,33068305,4.8
0208002 ESCOLA MUNICIPAL REVERENDO MARTIN LUTHER KING,33063192,6.2,0,1,1,3097.910932259785,0209014 ESCOLA MUNICIPAL GENERAL DO EXERCITO HUMBERTO DE SOUZA MELLO,33068305,4.8
0208014 ESCOLA MUNICIPAL FREI CASSIANO,33067066,6.1,0,1,0,3158.7950894815103,0209014 ESCOLA MUNICIPAL GENERAL DO EXERCITO HUMBERTO DE SOUZA MELLO,33068305,4.8
0103004 ESCOLA MUNICIPAL PEREIRA PASSOS,33063184,6.3,1,0,1,3852.3311570359256,0209014 ESCOLA MUNICIPAL GENERAL DO EXERCITO HUMBERTO DE SOUZA MELLO,33068305,4.8
0410001 ESCOLA MUNICIPAL EMA NEGRAO DE LIMA,33069247,6.1,0,1,0,3873.2813438575754,0209014 ESCOLA MUNICIPAL GENERAL DO EXERCITO HUMBERTO DE SOUZA MELLO,33068305,4.8
0208502 CIEP DOUTOR ANTOINE MAGARINOS TORRES FILHO,33066507,6.0,1,0,1,3987.7335984712226,0209014 ESCOLA MUNICIPAL GENERAL DO EXERCITO HUMBERTO DE SOUZA MELLO,33068305,4.8
0313022 ESCOLA MUNICIPAL PROFESSOR AUGUSTO PAULINO FILHO,33073155,6.2,1,0,1,4607.492730051119,0209014 ESCOLA MUNICIPAL GENERAL DO EXERCITO HUMBERTO DE SOUZA MELLO,33068305,4.8
