nome_escola,cod_inep,ideb,pessimo_pra_bom_bin,ruim_pra_bom_bin,melhora_com_final_bom_bin,distancia,escola_risco,cod_inep_risco,ideb_2017_risco
0209023 ESCOLA MUNICIPAL PANAMA,33068364,6.7,1,0,1,988.2266127980209,0209012 ESCOLA MUNICIPAL MARIO DE ANDRADE,33068348,4.9
0209019 ESCOLA MUNICIPAL AFRANIO PEIXOTO,33068216,6.7,0,1,1,1407.044252910335,0209012 ESCOLA MUNICIPAL MARIO DE ANDRADE,33068348,4.9
0313022 ESCOLA MUNICIPAL PROFESSOR AUGUSTO PAULINO FILHO,33073155,6.2,1,0,1,2744.3085385473487,0209012 ESCOLA MUNICIPAL MARIO DE ANDRADE,33068348,4.9
0208016 ESCOLA MUNICIPAL LEITAO DA CUNHA,33068321,6.6,0,1,0,2923.7335471544975,0209012 ESCOLA MUNICIPAL MARIO DE ANDRADE,33068348,4.9
0208502 CIEP DOUTOR ANTOINE MAGARINOS TORRES FILHO,33066507,6.0,1,0,1,3039.0894143974638,0209012 ESCOLA MUNICIPAL MARIO DE ANDRADE,33068348,4.9
0208007 ESCOLA MUNICIPAL BARAO DE ITACURUSSA,33066981,6.4,0,1,1,3060.304410103758,0209012 ESCOLA MUNICIPAL MARIO DE ANDRADE,33068348,4.9
0313031 ESCOLA MUNICIPAL NOSSA SENHORA DE POMPEIA,33073040,6.2,0,1,0,3678.0468479738083,0209012 ESCOLA MUNICIPAL MARIO DE ANDRADE,33068348,4.9
0313027 ESCOLA MUNICIPAL JEAN MERMOZ,33072841,7.3,0,1,1,3829.7056687089557,0209012 ESCOLA MUNICIPAL MARIO DE ANDRADE,33068348,4.9
0209004 ESCOLA MUNICIPAL CONSELHEIRO MAYRINK,33067031,6.7,0,1,0,3914.3045930628587,0209012 ESCOLA MUNICIPAL MARIO DE ANDRADE,33068348,4.9
0107501 ESCOLA MUNICIPAL EDMUNDO BITTENCOURT,33066248,6.3,0,1,1,3992.346055100132,0209012 ESCOLA MUNICIPAL MARIO DE ANDRADE,33068348,4.9
0208021 ESCOLA MUNICIPAL MARIO FACCINI,33067163,6.5,0,1,0,4032.0217779064624,0209012 ESCOLA MUNICIPAL MARIO DE ANDRADE,33068348,4.9
0107004 ESCOLA MUNICIPAL FLORIANO PEIXOTO,33066256,7.2,0,1,1,4148.130233824135,0209012 ESCOLA MUNICIPAL MARIO DE ANDRADE,33068348,4.9
0410001 ESCOLA MUNICIPAL EMA NEGRAO DE LIMA,33069247,6.1,0,1,0,4339.105813610024,0209012 ESCOLA MUNICIPAL MARIO DE ANDRADE,33068348,4.9
0313038 ESCOLA MUNICIPAL LONDRES,33072949,6.2,0,1,0,4397.548756148934,0209012 ESCOLA MUNICIPAL MARIO DE ANDRADE,33068348,4.9
0107005 ESCOLA MUNICIPAL JOAO DE CAMARGO,33066299,6.5,0,1,0,4457.563061092492,0209012 ESCOLA MUNICIPAL MARIO DE ANDRADE,33068348,4.9
