nome_escola,cod_inep,ideb,pessimo_pra_bom_bin,ruim_pra_bom_bin,melhora_com_final_bom_bin,distancia,escola_risco,cod_inep_risco,ideb_2017_risco
0410001 ESCOLA MUNICIPAL EMA NEGRAO DE LIMA,33069247,6.1,0,1,0,1175.3667087230833,0312011 ESCOLA MUNICIPAL PERNAMBUCO,33073112,4.9
0313027 ESCOLA MUNICIPAL JEAN MERMOZ,33072841,7.3,0,1,1,1240.1228027182797,0312011 ESCOLA MUNICIPAL PERNAMBUCO,33073112,4.9
0312005 ESCOLA MUNICIPAL D JOAO VI,33069212,6.6,1,0,1,1358.9976687956957,0312011 ESCOLA MUNICIPAL PERNAMBUCO,33073112,4.9
0312025 ESCOLA MUNICIPAL PROFESSORA ARMINDA MOREIRA PADOVA,33073147,6.1,0,1,0,1644.0018803179362,0312011 ESCOLA MUNICIPAL PERNAMBUCO,33073112,4.9
0312021 ESCOLA MUNICIPAL EURICO VILLELA,33072728,6.1,1,0,1,1685.2706274108057,0312011 ESCOLA MUNICIPAL PERNAMBUCO,33073112,4.9
0313031 ESCOLA MUNICIPAL NOSSA SENHORA DE POMPEIA,33073040,6.2,0,1,0,2144.759063570862,0312011 ESCOLA MUNICIPAL PERNAMBUCO,33073112,4.9
0312027 ESCOLA MUNICIPAL PROFESSOR AFONSO VARZEA,33073139,6.1,0,1,0,2358.7894164708546,0312011 ESCOLA MUNICIPAL PERNAMBUCO,33073112,4.9
0312015 ESCOLA MUNICIPAL BARAO DE MACAHUBAS,33072558,6.0,0,1,0,2619.0980482195487,0312011 ESCOLA MUNICIPAL PERNAMBUCO,33073112,4.9
0410004 ESCOLA MUNICIPAL PEDRO LESSA,33069379,6.2,0,1,0,2995.78819689207,0312011 ESCOLA MUNICIPAL PERNAMBUCO,33073112,4.9
0313022 ESCOLA MUNICIPAL PROFESSOR AUGUSTO PAULINO FILHO,33073155,6.2,1,0,1,3106.5343007097417,0312011 ESCOLA MUNICIPAL PERNAMBUCO,33073112,4.9
0107501 ESCOLA MUNICIPAL EDMUNDO BITTENCOURT,33066248,6.3,0,1,1,3340.255833074015,0312011 ESCOLA MUNICIPAL PERNAMBUCO,33073112,4.9
0410202 CIEP YURI GAGARIN,33068755,6.3,1,0,1,3570.280676877319,0312011 ESCOLA MUNICIPAL PERNAMBUCO,33073112,4.9
0107005 ESCOLA MUNICIPAL JOAO DE CAMARGO,33066299,6.5,0,1,0,3694.7230656004995,0312011 ESCOLA MUNICIPAL PERNAMBUCO,33073112,4.9
0410009 ESCOLA MUNICIPAL DILERMANDO CRUZ,33069220,6.2,0,1,0,3813.2089738591644,0312011 ESCOLA MUNICIPAL PERNAMBUCO,33073112,4.9
0313038 ESCOLA MUNICIPAL LONDRES,33072949,6.2,0,1,0,4141.391522740333,0312011 ESCOLA MUNICIPAL PERNAMBUCO,33073112,4.9
