nome_escola,cod_inep,ideb,pessimo_pra_bom_bin,ruim_pra_bom_bin,melhora_com_final_bom_bin,distancia,escola_risco,cod_inep_risco,ideb_2017_risco
0312027 ESCOLA MUNICIPAL PROFESSOR AFONSO VARZEA,33073139,6.1,0,1,0,496.08301083384265,0312037 ESCOLA MUNICIPAL PROFESSORA VERA SABACK SAMPAIO,33071225,5.3
0312025 ESCOLA MUNICIPAL PROFESSORA ARMINDA MOREIRA PADOVA,33073147,6.1,0,1,0,697.0722342222168,0312037 ESCOLA MUNICIPAL PROFESSORA VERA SABACK SAMPAIO,33071225,5.3
0312021 ESCOLA MUNICIPAL EURICO VILLELA,33072728,6.1,1,0,1,897.1875798631592,0312037 ESCOLA MUNICIPAL PROFESSORA VERA SABACK SAMPAIO,33071225,5.3
0312005 ESCOLA MUNICIPAL D JOAO VI,33069212,6.6,1,0,1,983.2609353336883,0312037 ESCOLA MUNICIPAL PROFESSORA VERA SABACK SAMPAIO,33071225,5.3
0312015 ESCOLA MUNICIPAL BARAO DE MACAHUBAS,33072558,6.0,0,1,0,1675.013597029036,0312037 ESCOLA MUNICIPAL PROFESSORA VERA SABACK SAMPAIO,33071225,5.3
0410004 ESCOLA MUNICIPAL PEDRO LESSA,33069379,6.2,0,1,0,1862.491079035173,0312037 ESCOLA MUNICIPAL PROFESSORA VERA SABACK SAMPAIO,33071225,5.3
0410202 CIEP YURI GAGARIN,33068755,6.3,1,0,1,2160.3233280771037,0312037 ESCOLA MUNICIPAL PROFESSORA VERA SABACK SAMPAIO,33071225,5.3
0410015 ESCOLA MUNICIPAL CLOVIS BEVILAQUA,33069190,6.6,0,1,1,2164.349569402006,0312037 ESCOLA MUNICIPAL PROFESSORA VERA SABACK SAMPAIO,33071225,5.3
0410001 ESCOLA MUNICIPAL EMA NEGRAO DE LIMA,33069247,6.1,0,1,0,2408.0013158517904,0312037 ESCOLA MUNICIPAL PROFESSORA VERA SABACK SAMPAIO,33071225,5.3
0313027 ESCOLA MUNICIPAL JEAN MERMOZ,33072841,7.3,0,1,1,2410.414768935404,0312037 ESCOLA MUNICIPAL PROFESSORA VERA SABACK SAMPAIO,33071225,5.3
0410009 ESCOLA MUNICIPAL DILERMANDO CRUZ,33069220,6.2,0,1,0,2467.1198251768596,0312037 ESCOLA MUNICIPAL PROFESSORA VERA SABACK SAMPAIO,33071225,5.3
0410021 ESCOLA MUNICIPAL BRASIL,33069158,6.4,0,1,0,3021.3468185460993,0312037 ESCOLA MUNICIPAL PROFESSORA VERA SABACK SAMPAIO,33071225,5.3
0313031 ESCOLA MUNICIPAL NOSSA SENHORA DE POMPEIA,33073040,6.2,0,1,0,3216.7517304339503,0312037 ESCOLA MUNICIPAL PROFESSORA VERA SABACK SAMPAIO,33071225,5.3
0411007 ESCOLA MUNICIPAL ARIOSTO ESPINHEIRA,33070423,6.4,0,1,0,3968.386712054451,0312037 ESCOLA MUNICIPAL PROFESSORA VERA SABACK SAMPAIO,33071225,5.3
0313022 ESCOLA MUNICIPAL PROFESSOR AUGUSTO PAULINO FILHO,33073155,6.2,1,0,1,4616.756410268801,0312037 ESCOLA MUNICIPAL PROFESSORA VERA SABACK SAMPAIO,33071225,5.3
