nome_escola,cod_inep,ideb,pessimo_pra_bom_bin,ruim_pra_bom_bin,melhora_com_final_bom_bin,distancia,escola_risco,cod_inep_risco,ideb_2017_risco
0410001 ESCOLA MUNICIPAL EMA NEGRAO DE LIMA,33069247,6.1,0,1,0,472.68390511420074,0312001 ESCOLA MUNICIPAL OSWALDO CRUZ,33069352,5.3
0312005 ESCOLA MUNICIPAL D JOAO VI,33069212,6.6,1,0,1,956.9302038851697,0312001 ESCOLA MUNICIPAL OSWALDO CRUZ,33069352,5.3
0312025 ESCOLA MUNICIPAL PROFESSORA ARMINDA MOREIRA PADOVA,33073147,6.1,0,1,0,1714.2961880488838,0312001 ESCOLA MUNICIPAL OSWALDO CRUZ,33069352,5.3
0312021 ESCOLA MUNICIPAL EURICO VILLELA,33072728,6.1,1,0,1,1899.5149979659334,0312001 ESCOLA MUNICIPAL OSWALDO CRUZ,33069352,5.3
0410004 ESCOLA MUNICIPAL PEDRO LESSA,33069379,6.2,0,1,0,2079.9298380743253,0312001 ESCOLA MUNICIPAL OSWALDO CRUZ,33069352,5.3
0313027 ESCOLA MUNICIPAL JEAN MERMOZ,33072841,7.3,0,1,1,2196.0453394105907,0312001 ESCOLA MUNICIPAL OSWALDO CRUZ,33069352,5.3
0312027 ESCOLA MUNICIPAL PROFESSOR AFONSO VARZEA,33073139,6.1,0,1,0,2302.3232766039537,0312001 ESCOLA MUNICIPAL OSWALDO CRUZ,33069352,5.3
0410202 CIEP YURI GAGARIN,33068755,6.3,1,0,1,2684.5628234035075,0312001 ESCOLA MUNICIPAL OSWALDO CRUZ,33069352,5.3
0410009 ESCOLA MUNICIPAL DILERMANDO CRUZ,33069220,6.2,0,1,0,2892.6726076311916,0312001 ESCOLA MUNICIPAL OSWALDO CRUZ,33069352,5.3
0312015 ESCOLA MUNICIPAL BARAO DE MACAHUBAS,33072558,6.0,0,1,0,3013.9831043301533,0312001 ESCOLA MUNICIPAL OSWALDO CRUZ,33069352,5.3
0107501 ESCOLA MUNICIPAL EDMUNDO BITTENCOURT,33066248,6.3,0,1,1,3044.372564534436,0312001 ESCOLA MUNICIPAL OSWALDO CRUZ,33069352,5.3
0313031 ESCOLA MUNICIPAL NOSSA SENHORA DE POMPEIA,33073040,6.2,0,1,0,3144.2209475876925,0312001 ESCOLA MUNICIPAL OSWALDO CRUZ,33069352,5.3
0107005 ESCOLA MUNICIPAL JOAO DE CAMARGO,33066299,6.5,0,1,0,3286.8500246790695,0312001 ESCOLA MUNICIPAL OSWALDO CRUZ,33069352,5.3
0410015 ESCOLA MUNICIPAL CLOVIS BEVILAQUA,33069190,6.6,0,1,1,3542.179959996266,0312001 ESCOLA MUNICIPAL OSWALDO CRUZ,33069352,5.3
0107004 ESCOLA MUNICIPAL FLORIANO PEIXOTO,33066256,7.2,0,1,1,4006.953400698846,0312001 ESCOLA MUNICIPAL OSWALDO CRUZ,33069352,5.3
