nome_escola,cod_inep,ideb,pessimo_pra_bom_bin,ruim_pra_bom_bin,melhora_com_final_bom_bin,distancia,escola_risco,cod_inep_risco,ideb_2017_risco
0312021 ESCOLA MUNICIPAL EURICO VILLELA,33072728,6.1,1,0,1,587.4443012480707,0312501 CIEP PATRICE LUMUMBA,33071330,5.1
0312025 ESCOLA MUNICIPAL PROFESSORA ARMINDA MOREIRA PADOVA,33073147,6.1,0,1,0,814.5753018395156,0312501 CIEP PATRICE LUMUMBA,33071330,5.1
0313027 ESCOLA MUNICIPAL JEAN MERMOZ,33072841,7.3,0,1,1,1029.7083330558066,0312501 CIEP PATRICE LUMUMBA,33071330,5.1
0312015 ESCOLA MUNICIPAL BARAO DE MACAHUBAS,33072558,6.0,0,1,0,1090.3592966210113,0312501 CIEP PATRICE LUMUMBA,33071330,5.1
0312027 ESCOLA MUNICIPAL PROFESSOR AFONSO VARZEA,33073139,6.1,0,1,0,1306.6402622412759,0312501 CIEP PATRICE LUMUMBA,33071330,5.1
0312005 ESCOLA MUNICIPAL D JOAO VI,33069212,6.6,1,0,1,1461.987395214418,0312501 CIEP PATRICE LUMUMBA,33071330,5.1
0313031 ESCOLA MUNICIPAL NOSSA SENHORA DE POMPEIA,33073040,6.2,0,1,0,1736.1017703832129,0312501 CIEP PATRICE LUMUMBA,33071330,5.1
0410001 ESCOLA MUNICIPAL EMA NEGRAO DE LIMA,33069247,6.1,0,1,0,2446.256661274114,0312501 CIEP PATRICE LUMUMBA,33071330,5.1
0410004 ESCOLA MUNICIPAL PEDRO LESSA,33069379,6.2,0,1,0,3143.13662658535,0312501 CIEP PATRICE LUMUMBA,33071330,5.1
0313022 ESCOLA MUNICIPAL PROFESSOR AUGUSTO PAULINO FILHO,33073155,6.2,1,0,1,3159.3426363941226,0312501 CIEP PATRICE LUMUMBA,33071330,5.1
0313038 ESCOLA MUNICIPAL LONDRES,33072949,6.2,0,1,0,3522.9552480193847,0312501 CIEP PATRICE LUMUMBA,33071330,5.1
0410202 CIEP YURI GAGARIN,33068755,6.3,1,0,1,3560.3933949003563,0312501 CIEP PATRICE LUMUMBA,33071330,5.1
0410015 ESCOLA MUNICIPAL CLOVIS BEVILAQUA,33069190,6.6,0,1,1,3627.3216654267762,0312501 CIEP PATRICE LUMUMBA,33071330,5.1
0313041 ESCOLA MUNICIPAL TOBIAS BARRETO,33073317,6.6,0,1,0,3845.734058303602,0312501 CIEP PATRICE LUMUMBA,33071330,5.1
0313035 ESCOLA MUNICIPAL EDGAR SUSSEKIND DE MENDONCA,33072698,6.0,0,1,0,3850.7332884821144,0312501 CIEP PATRICE LUMUMBA,33071330,5.1
