nome_escola,cod_inep,ideb,pessimo_pra_bom_bin,ruim_pra_bom_bin,melhora_com_final_bom_bin,distancia,escola_risco,cod_inep_risco,ideb_2017_risco
0312021 ESCOLA MUNICIPAL EURICO VILLELA,33072728,6.1,1,0,1,540.5283871895895,0312024 ESCOLA MUNICIPAL DOMINGOS BEBIANO,33072671,4.7
0312015 ESCOLA MUNICIPAL BARAO DE MACAHUBAS,33072558,6.0,0,1,0,588.1932218238373,0312024 ESCOLA MUNICIPAL DOMINGOS BEBIANO,33072671,4.7
0312025 ESCOLA MUNICIPAL PROFESSORA ARMINDA MOREIRA PADOVA,33073147,6.1,0,1,0,786.0212743919823,0312024 ESCOLA MUNICIPAL DOMINGOS BEBIANO,33072671,4.7
0312027 ESCOLA MUNICIPAL PROFESSOR AFONSO VARZEA,33073139,6.1,0,1,0,878.2365505358257,0312024 ESCOLA MUNICIPAL DOMINGOS BEBIANO,33072671,4.7
0312005 ESCOLA MUNICIPAL D JOAO VI,33069212,6.6,1,0,1,1624.4248956752908,0312024 ESCOLA MUNICIPAL DOMINGOS BEBIANO,33072671,4.7
0313027 ESCOLA MUNICIPAL JEAN MERMOZ,33072841,7.3,0,1,1,1625.1129792763343,0312024 ESCOLA MUNICIPAL DOMINGOS BEBIANO,33072671,4.7
0313031 ESCOLA MUNICIPAL NOSSA SENHORA DE POMPEIA,33073040,6.2,0,1,0,2193.172733747558,0312024 ESCOLA MUNICIPAL DOMINGOS BEBIANO,33072671,4.7
0410001 ESCOLA MUNICIPAL EMA NEGRAO DE LIMA,33069247,6.1,0,1,0,2851.991070531096,0312024 ESCOLA MUNICIPAL DOMINGOS BEBIANO,33072671,4.7
0410004 ESCOLA MUNICIPAL PEDRO LESSA,33069379,6.2,0,1,0,3066.5319251897868,0312024 ESCOLA MUNICIPAL DOMINGOS BEBIANO,33072671,4.7
0410015 ESCOLA MUNICIPAL CLOVIS BEVILAQUA,33069190,6.6,0,1,1,3237.0151880084663,0312024 ESCOLA MUNICIPAL DOMINGOS BEBIANO,33072671,4.7
0410202 CIEP YURI GAGARIN,33068755,6.3,1,0,1,3393.820122585986,0312024 ESCOLA MUNICIPAL DOMINGOS BEBIANO,33072671,4.7
0313022 ESCOLA MUNICIPAL PROFESSOR AUGUSTO PAULINO FILHO,33073155,6.2,1,0,1,3648.606366481445,0312024 ESCOLA MUNICIPAL DOMINGOS BEBIANO,33072671,4.7
0410009 ESCOLA MUNICIPAL DILERMANDO CRUZ,33069220,6.2,0,1,0,3700.463258587569,0312024 ESCOLA MUNICIPAL DOMINGOS BEBIANO,33072671,4.7
0313038 ESCOLA MUNICIPAL LONDRES,33072949,6.2,0,1,0,3778.46542731753,0312024 ESCOLA MUNICIPAL DOMINGOS BEBIANO,33072671,4.7
0313041 ESCOLA MUNICIPAL TOBIAS BARRETO,33073317,6.6,0,1,0,3958.3576662741007,0312024 ESCOLA MUNICIPAL DOMINGOS BEBIANO,33072671,4.7
