nome_escola,cod_inep,ideb,pessimo_pra_bom_bin,ruim_pra_bom_bin,melhora_com_final_bom_bin,distancia,escola_risco,cod_inep_risco,ideb_2017_risco
0312021 ESCOLA MUNICIPAL EURICO VILLELA,33072728,6.1,1,0,1,448.41590750556804,0312503 CIEP CORONEL SARMENTO,33088489,5.3
0312025 ESCOLA MUNICIPAL PROFESSORA ARMINDA MOREIRA PADOVA,33073147,6.1,0,1,0,646.6388656642227,0312503 CIEP CORONEL SARMENTO,33088489,5.3
0312027 ESCOLA MUNICIPAL PROFESSOR AFONSO VARZEA,33073139,6.1,0,1,0,654.0302196422051,0312503 CIEP CORONEL SARMENTO,33088489,5.3
0312015 ESCOLA MUNICIPAL BARAO DE MACAHUBAS,33072558,6.0,0,1,0,718.4590891073019,0312503 CIEP CORONEL SARMENTO,33088489,5.3
0312005 ESCOLA MUNICIPAL D JOAO VI,33069212,6.6,1,0,1,1491.8515304313687,0312503 CIEP CORONEL SARMENTO,33088489,5.3
0313027 ESCOLA MUNICIPAL JEAN MERMOZ,33072841,7.3,0,1,1,1772.4622067528333,0312503 CIEP CORONEL SARMENTO,33088489,5.3
0313031 ESCOLA MUNICIPAL NOSSA SENHORA DE POMPEIA,33073040,6.2,0,1,0,2393.8553363064525,0312503 CIEP CORONEL SARMENTO,33088489,5.3
0410001 ESCOLA MUNICIPAL EMA NEGRAO DE LIMA,33069247,6.1,0,1,0,2784.117226340245,0312503 CIEP CORONEL SARMENTO,33088489,5.3
0410004 ESCOLA MUNICIPAL PEDRO LESSA,33069379,6.2,0,1,0,2860.691930430623,0312503 CIEP CORONEL SARMENTO,33088489,5.3
0410015 ESCOLA MUNICIPAL CLOVIS BEVILAQUA,33069190,6.6,0,1,1,3015.1174172607743,0312503 CIEP CORONEL SARMENTO,33088489,5.3
0410202 CIEP YURI GAGARIN,33068755,6.3,1,0,1,3175.453753179264,0312503 CIEP CORONEL SARMENTO,33088489,5.3
0410009 ESCOLA MUNICIPAL DILERMANDO CRUZ,33069220,6.2,0,1,0,3482.447864608763,0312503 CIEP CORONEL SARMENTO,33088489,5.3
0313022 ESCOLA MUNICIPAL PROFESSOR AUGUSTO PAULINO FILHO,33073155,6.2,1,0,1,3844.9383878321187,0312503 CIEP CORONEL SARMENTO,33088489,5.3
0410021 ESCOLA MUNICIPAL BRASIL,33069158,6.4,0,1,0,3913.0632798256042,0312503 CIEP CORONEL SARMENTO,33088489,5.3
0313038 ESCOLA MUNICIPAL LONDRES,33072949,6.2,0,1,0,4003.5922404038993,0312503 CIEP CORONEL SARMENTO,33088489,5.3
