nome_escola,cod_inep,ideb,pessimo_pra_bom_bin,ruim_pra_bom_bin,melhora_com_final_bom_bin,distancia,escola_risco,cod_inep_risco,ideb_2017_risco
0312027 ESCOLA MUNICIPAL PROFESSOR AFONSO VARZEA,33073139,6.1,0,1,0,253.61632675544328,0312022 ESCOLA MUNICIPAL RUBENS BERARDO,33073228,4.9
0312021 ESCOLA MUNICIPAL EURICO VILLELA,33072728,6.1,1,0,1,665.3642609101729,0312022 ESCOLA MUNICIPAL RUBENS BERARDO,33073228,4.9
0312025 ESCOLA MUNICIPAL PROFESSORA ARMINDA MOREIRA PADOVA,33073147,6.1,0,1,0,707.465890394514,0312022 ESCOLA MUNICIPAL RUBENS BERARDO,33073228,4.9
0312015 ESCOLA MUNICIPAL BARAO DE MACAHUBAS,33072558,6.0,0,1,0,969.2481938782552,0312022 ESCOLA MUNICIPAL RUBENS BERARDO,33073228,4.9
0312005 ESCOLA MUNICIPAL D JOAO VI,33069212,6.6,1,0,1,1460.8176143659741,0312022 ESCOLA MUNICIPAL RUBENS BERARDO,33073228,4.9
0313027 ESCOLA MUNICIPAL JEAN MERMOZ,33072841,7.3,0,1,1,2165.096257785236,0312022 ESCOLA MUNICIPAL RUBENS BERARDO,33073228,4.9
0410004 ESCOLA MUNICIPAL PEDRO LESSA,33069379,6.2,0,1,0,2576.726197713391,0312022 ESCOLA MUNICIPAL RUBENS BERARDO,33073228,4.9
0410015 ESCOLA MUNICIPAL CLOVIS BEVILAQUA,33069190,6.6,0,1,1,2593.003262190525,0312022 ESCOLA MUNICIPAL RUBENS BERARDO,33073228,4.9
0313031 ESCOLA MUNICIPAL NOSSA SENHORA DE POMPEIA,33073040,6.2,0,1,0,2820.6142733191846,0312022 ESCOLA MUNICIPAL RUBENS BERARDO,33073228,4.9
0410202 CIEP YURI GAGARIN,33068755,6.3,1,0,1,2836.033026688354,0312022 ESCOLA MUNICIPAL RUBENS BERARDO,33073228,4.9
0410001 ESCOLA MUNICIPAL EMA NEGRAO DE LIMA,33069247,6.1,0,1,0,2852.2267935869772,0312022 ESCOLA MUNICIPAL RUBENS BERARDO,33073228,4.9
0410009 ESCOLA MUNICIPAL DILERMANDO CRUZ,33069220,6.2,0,1,0,3143.4924567915714,0312022 ESCOLA MUNICIPAL RUBENS BERARDO,33073228,4.9
0410021 ESCOLA MUNICIPAL BRASIL,33069158,6.4,0,1,0,3494.6791631744222,0312022 ESCOLA MUNICIPAL RUBENS BERARDO,33073228,4.9
0411007 ESCOLA MUNICIPAL ARIOSTO ESPINHEIRA,33070423,6.4,0,1,0,4212.116398246483,0312022 ESCOLA MUNICIPAL RUBENS BERARDO,33073228,4.9
0313022 ESCOLA MUNICIPAL PROFESSOR AUGUSTO PAULINO FILHO,33073155,6.2,1,0,1,4269.263157936989,0312022 ESCOLA MUNICIPAL RUBENS BERARDO,33073228,4.9
