nome_escola,cod_inep,ideb,pessimo_pra_bom_bin,ruim_pra_bom_bin,melhora_com_final_bom_bin,distancia,escola_risco,cod_inep_risco,ideb_2017_risco
0312015 ESCOLA MUNICIPAL BARAO DE MACAHUBAS,33072558,6.0,0,1,0,1390.2983366405601,0312029 ESCOLA MUNICIPAL JOSE MARTI,33072892,5.3
0515044 ESCOLA MUNICIPAL ESPIRITO SANTO,33076081,6.5,0,1,0,2235.472689435424,0312029 ESCOLA MUNICIPAL JOSE MARTI,33072892,5.3
0312027 ESCOLA MUNICIPAL PROFESSOR AFONSO VARZEA,33073139,6.1,0,1,0,2389.548743441311,0312029 ESCOLA MUNICIPAL JOSE MARTI,33072892,5.3
0312021 ESCOLA MUNICIPAL EURICO VILLELA,33072728,6.1,1,0,1,2506.68267094707,0312029 ESCOLA MUNICIPAL JOSE MARTI,33072892,5.3
0312025 ESCOLA MUNICIPAL PROFESSORA ARMINDA MOREIRA PADOVA,33073147,6.1,0,1,0,2721.079932633411,0312029 ESCOLA MUNICIPAL JOSE MARTI,33072892,5.3
0313031 ESCOLA MUNICIPAL NOSSA SENHORA DE POMPEIA,33073040,6.2,0,1,0,3093.752071567424,0312029 ESCOLA MUNICIPAL JOSE MARTI,33072892,5.3
0313027 ESCOLA MUNICIPAL JEAN MERMOZ,33072841,7.3,0,1,1,3113.3606163558734,0312029 ESCOLA MUNICIPAL JOSE MARTI,33072892,5.3
0515049 ESCOLA MUNICIPAL CINCO DE JULHO,33076065,6.2,1,0,1,3227.4320141560443,0312029 ESCOLA MUNICIPAL JOSE MARTI,33072892,5.3
0313041 ESCOLA MUNICIPAL TOBIAS BARRETO,33073317,6.6,0,1,0,3337.7280919296472,0312029 ESCOLA MUNICIPAL JOSE MARTI,33072892,5.3
0515053 ESCOLA MUNICIPAL SENADOR FRANCISCO GALLOTTI,33076448,6.4,0,1,1,3451.212289881204,0312029 ESCOLA MUNICIPAL JOSE MARTI,33072892,5.3
0515503 CIEP METALURGICO BENEDITO CERQUEIRA,33075077,6.0,1,0,1,3503.6074875182007,0312029 ESCOLA MUNICIPAL JOSE MARTI,33072892,5.3
0313035 ESCOLA MUNICIPAL EDGAR SUSSEKIND DE MENDONCA,33072698,6.0,0,1,0,3545.305881620534,0312029 ESCOLA MUNICIPAL JOSE MARTI,33072892,5.3
0312005 ESCOLA MUNICIPAL D JOAO VI,33069212,6.6,1,0,1,3564.5629758357622,0312029 ESCOLA MUNICIPAL JOSE MARTI,33072892,5.3
0313038 ESCOLA MUNICIPAL LONDRES,33072949,6.2,0,1,0,3654.150217482185,0312029 ESCOLA MUNICIPAL JOSE MARTI,33072892,5.3
0515037 ESCOLA MUNICIPAL HAITI,33076162,6.2,0,1,0,3678.5020396003974,0312029 ESCOLA MUNICIPAL JOSE MARTI,33072892,5.3
