nome_escola,cod_inep,ideb,pessimo_pra_bom_bin,ruim_pra_bom_bin,melhora_com_final_bom_bin,distancia,escola_risco,cod_inep_risco,ideb_2017_risco
0312015 ESCOLA MUNICIPAL BARAO DE MACAHUBAS,33072558,6.0,0,1,0,605.4670062102563,0312023 ESCOLA MUNICIPAL JOAQUIM RIBEIRO,33072868,5.1
0312021 ESCOLA MUNICIPAL EURICO VILLELA,33072728,6.1,1,0,1,1490.5142053341024,0312023 ESCOLA MUNICIPAL JOAQUIM RIBEIRO,33072868,5.1
0312025 ESCOLA MUNICIPAL PROFESSORA ARMINDA MOREIRA PADOVA,33073147,6.1,0,1,0,1753.3183727445662,0312023 ESCOLA MUNICIPAL JOAQUIM RIBEIRO,33072868,5.1
0313027 ESCOLA MUNICIPAL JEAN MERMOZ,33072841,7.3,0,1,1,1757.2585191010392,0312023 ESCOLA MUNICIPAL JOAQUIM RIBEIRO,33072868,5.1
0312027 ESCOLA MUNICIPAL PROFESSOR AFONSO VARZEA,33073139,6.1,0,1,0,1782.915898764307,0312023 ESCOLA MUNICIPAL JOAQUIM RIBEIRO,33072868,5.1
0313031 ESCOLA MUNICIPAL NOSSA SENHORA DE POMPEIA,33073040,6.2,0,1,0,1849.7583027254068,0312023 ESCOLA MUNICIPAL JOAQUIM RIBEIRO,33072868,5.1
0312005 ESCOLA MUNICIPAL D JOAO VI,33069212,6.6,1,0,1,2563.7389493425935,0312023 ESCOLA MUNICIPAL JOAQUIM RIBEIRO,33072868,5.1
0313038 ESCOLA MUNICIPAL LONDRES,33072949,6.2,0,1,0,2993.072174072488,0312023 ESCOLA MUNICIPAL JOAQUIM RIBEIRO,33072868,5.1
0313041 ESCOLA MUNICIPAL TOBIAS BARRETO,33073317,6.6,0,1,0,3040.722002579654,0312023 ESCOLA MUNICIPAL JOAQUIM RIBEIRO,33072868,5.1
0313035 ESCOLA MUNICIPAL EDGAR SUSSEKIND DE MENDONCA,33072698,6.0,0,1,0,3132.411421813809,0312023 ESCOLA MUNICIPAL JOAQUIM RIBEIRO,33072868,5.1
0313022 ESCOLA MUNICIPAL PROFESSOR AUGUSTO PAULINO FILHO,33073155,6.2,1,0,1,3249.056829973815,0312023 ESCOLA MUNICIPAL JOAQUIM RIBEIRO,33072868,5.1
0515044 ESCOLA MUNICIPAL ESPIRITO SANTO,33076081,6.5,0,1,0,3262.200816711941,0312023 ESCOLA MUNICIPAL JOAQUIM RIBEIRO,33072868,5.1
0410001 ESCOLA MUNICIPAL EMA NEGRAO DE LIMA,33069247,6.1,0,1,0,3645.39850985151,0312023 ESCOLA MUNICIPAL JOAQUIM RIBEIRO,33072868,5.1
0410004 ESCOLA MUNICIPAL PEDRO LESSA,33069379,6.2,0,1,0,4049.3343565854525,0312023 ESCOLA MUNICIPAL JOAQUIM RIBEIRO,33072868,5.1
0410015 ESCOLA MUNICIPAL CLOVIS BEVILAQUA,33069190,6.6,0,1,1,4055.3137339914497,0312023 ESCOLA MUNICIPAL JOAQUIM RIBEIRO,33072868,5.1
