nome_escola,cod_inep,ideb,pessimo_pra_bom_bin,ruim_pra_bom_bin,melhora_com_final_bom_bin,distancia,escola_risco,cod_inep_risco,ideb_2017_risco
0209023 ESCOLA MUNICIPAL PANAMA,33068364,6.7,1,0,1,1605.607232540745,0313008 ESCOLA MUNICIPAL DOUTOR MARIO AUGUSTO TEIXEIRA DE FREITAS,33072680,5.2
0209019 ESCOLA MUNICIPAL AFRANIO PEIXOTO,33068216,6.7,0,1,1,2000.2113231650246,0313008 ESCOLA MUNICIPAL DOUTOR MARIO AUGUSTO TEIXEIRA DE FREITAS,33072680,5.2
0313022 ESCOLA MUNICIPAL PROFESSOR AUGUSTO PAULINO FILHO,33073155,6.2,1,0,1,2125.05419252054,0313008 ESCOLA MUNICIPAL DOUTOR MARIO AUGUSTO TEIXEIRA DE FREITAS,33072680,5.2
0313031 ESCOLA MUNICIPAL NOSSA SENHORA DE POMPEIA,33073040,6.2,0,1,0,3043.3430166237067,0313008 ESCOLA MUNICIPAL DOUTOR MARIO AUGUSTO TEIXEIRA DE FREITAS,33072680,5.2
0313027 ESCOLA MUNICIPAL JEAN MERMOZ,33072841,7.3,0,1,1,3243.097759099139,0313008 ESCOLA MUNICIPAL DOUTOR MARIO AUGUSTO TEIXEIRA DE FREITAS,33072680,5.2
0208016 ESCOLA MUNICIPAL LEITAO DA CUNHA,33068321,6.6,0,1,0,3488.5558433443907,0313008 ESCOLA MUNICIPAL DOUTOR MARIO AUGUSTO TEIXEIRA DE FREITAS,33072680,5.2
0208502 CIEP DOUTOR ANTOINE MAGARINOS TORRES FILHO,33066507,6.0,1,0,1,3591.09854214859,0313008 ESCOLA MUNICIPAL DOUTOR MARIO AUGUSTO TEIXEIRA DE FREITAS,33072680,5.2
0208007 ESCOLA MUNICIPAL BARAO DE ITACURUSSA,33066981,6.4,0,1,1,3701.1381966104354,0313008 ESCOLA MUNICIPAL DOUTOR MARIO AUGUSTO TEIXEIRA DE FREITAS,33072680,5.2
0313038 ESCOLA MUNICIPAL LONDRES,33072949,6.2,0,1,0,3800.0850771946853,0313008 ESCOLA MUNICIPAL DOUTOR MARIO AUGUSTO TEIXEIRA DE FREITAS,33072680,5.2
0410001 ESCOLA MUNICIPAL EMA NEGRAO DE LIMA,33069247,6.1,0,1,0,4008.8309227512564,0313008 ESCOLA MUNICIPAL DOUTOR MARIO AUGUSTO TEIXEIRA DE FREITAS,33072680,5.2
0107501 ESCOLA MUNICIPAL EDMUNDO BITTENCOURT,33066248,6.3,0,1,1,4053.908887637004,0313008 ESCOLA MUNICIPAL DOUTOR MARIO AUGUSTO TEIXEIRA DE FREITAS,33072680,5.2
0107004 ESCOLA MUNICIPAL FLORIANO PEIXOTO,33066256,7.2,0,1,1,4352.38953344666,0313008 ESCOLA MUNICIPAL DOUTOR MARIO AUGUSTO TEIXEIRA DE FREITAS,33072680,5.2
0209004 ESCOLA MUNICIPAL CONSELHEIRO MAYRINK,33067031,6.7,0,1,0,4382.761810688706,0313008 ESCOLA MUNICIPAL DOUTOR MARIO AUGUSTO TEIXEIRA DE FREITAS,33072680,5.2
0313035 ESCOLA MUNICIPAL EDGAR SUSSEKIND DE MENDONCA,33072698,6.0,0,1,0,4459.467558815789,0313008 ESCOLA MUNICIPAL DOUTOR MARIO AUGUSTO TEIXEIRA DE FREITAS,33072680,5.2
0208021 ESCOLA MUNICIPAL MARIO FACCINI,33067163,6.5,0,1,0,4476.242046104005,0313008 ESCOLA MUNICIPAL DOUTOR MARIO AUGUSTO TEIXEIRA DE FREITAS,33072680,5.2
