nome_escola,cod_inep,ideb,pessimo_pra_bom_bin,ruim_pra_bom_bin,melhora_com_final_bom_bin,distancia,escola_risco,cod_inep_risco,ideb_2017_risco
0313041 ESCOLA MUNICIPAL TOBIAS BARRETO,33073317,6.6,0,1,0,1113.959812871782,0313049 ESCOLA MUNICIPAL VIRGILIO DE MELO FRANCO,33073325,5.0
0313035 ESCOLA MUNICIPAL EDGAR SUSSEKIND DE MENDONCA,33072698,6.0,0,1,0,1221.5408105573629,0313049 ESCOLA MUNICIPAL VIRGILIO DE MELO FRANCO,33073325,5.0
0515041 ESCOLA MUNICIPAL OSWALDO TEIXEIRA,33076278,6.2,0,1,0,1372.740878555767,0313049 ESCOLA MUNICIPAL VIRGILIO DE MELO FRANCO,33073325,5.0
0515037 ESCOLA MUNICIPAL HAITI,33076162,6.2,0,1,0,1805.8475160415842,0313049 ESCOLA MUNICIPAL VIRGILIO DE MELO FRANCO,33073325,5.0
0313038 ESCOLA MUNICIPAL LONDRES,33072949,6.2,0,1,0,1840.096372273448,0313049 ESCOLA MUNICIPAL VIRGILIO DE MELO FRANCO,33073325,5.0
0515053 ESCOLA MUNICIPAL SENADOR FRANCISCO GALLOTTI,33076448,6.4,0,1,1,2421.638127953667,0313049 ESCOLA MUNICIPAL VIRGILIO DE MELO FRANCO,33073325,5.0
0515502 CIEP PROFESSOR MANOEL MAURICIO DE ALBUQUERQUE,33075069,6.1,1,0,1,2631.9501179937224,0313049 ESCOLA MUNICIPAL VIRGILIO DE MELO FRANCO,33073325,5.0
0515049 ESCOLA MUNICIPAL CINCO DE JULHO,33076065,6.2,1,0,1,3206.320117462651,0313049 ESCOLA MUNICIPAL VIRGILIO DE MELO FRANCO,33073325,5.0
0515044 ESCOLA MUNICIPAL ESPIRITO SANTO,33076081,6.5,0,1,0,3275.7269890411303,0313049 ESCOLA MUNICIPAL VIRGILIO DE MELO FRANCO,33073325,5.0
0515503 CIEP METALURGICO BENEDITO CERQUEIRA,33075077,6.0,1,0,1,3308.9525956698776,0313049 ESCOLA MUNICIPAL VIRGILIO DE MELO FRANCO,33073325,5.0
0313022 ESCOLA MUNICIPAL PROFESSOR AUGUSTO PAULINO FILHO,33073155,6.2,1,0,1,3507.584580893367,0313049 ESCOLA MUNICIPAL VIRGILIO DE MELO FRANCO,33073325,5.0
0313031 ESCOLA MUNICIPAL NOSSA SENHORA DE POMPEIA,33073040,6.2,0,1,0,3712.601674965418,0313049 ESCOLA MUNICIPAL VIRGILIO DE MELO FRANCO,33073325,5.0
0716061 ESCOLA MUNICIPAL MORVAN DE FIGUEIREDO,33078173,6.3,1,0,1,3900.029700809374,0313049 ESCOLA MUNICIPAL VIRGILIO DE MELO FRANCO,33073325,5.0
0313027 ESCOLA MUNICIPAL JEAN MERMOZ,33072841,7.3,0,1,1,4611.166888767641,0313049 ESCOLA MUNICIPAL VIRGILIO DE MELO FRANCO,33073325,5.0
0515054 ESCOLA MUNICIPAL CARDEAL ARCOVERDE,33076049,6.3,0,1,1,4657.918505978791,0313049 ESCOLA MUNICIPAL VIRGILIO DE MELO FRANCO,33073325,5.0
