nome_escola,cod_inep,ideb,pessimo_pra_bom_bin,ruim_pra_bom_bin,melhora_com_final_bom_bin,distancia,escola_risco,cod_inep_risco,ideb_2017_risco
0313031 ESCOLA MUNICIPAL NOSSA SENHORA DE POMPEIA,33073040,6.2,0,1,0,853.1794128835747,0313029 ESCOLA MUNICIPAL THOMAS MANN,33073309,5.3
0313027 ESCOLA MUNICIPAL JEAN MERMOZ,33072841,7.3,0,1,1,860.7627818694398,0313029 ESCOLA MUNICIPAL THOMAS MANN,33073309,5.3
0313022 ESCOLA MUNICIPAL PROFESSOR AUGUSTO PAULINO FILHO,33073155,6.2,1,0,1,1504.0888682039365,0313029 ESCOLA MUNICIPAL THOMAS MANN,33073309,5.3
0312021 ESCOLA MUNICIPAL EURICO VILLELA,33072728,6.1,1,0,1,2414.0937101036393,0313029 ESCOLA MUNICIPAL THOMAS MANN,33073309,5.3
0312025 ESCOLA MUNICIPAL PROFESSORA ARMINDA MOREIRA PADOVA,33073147,6.1,0,1,0,2551.793135374684,0313029 ESCOLA MUNICIPAL THOMAS MANN,33073309,5.3
0313038 ESCOLA MUNICIPAL LONDRES,33072949,6.2,0,1,0,2653.9263968791256,0313029 ESCOLA MUNICIPAL THOMAS MANN,33073309,5.3
0410001 ESCOLA MUNICIPAL EMA NEGRAO DE LIMA,33069247,6.1,0,1,0,2733.790279262046,0313029 ESCOLA MUNICIPAL THOMAS MANN,33073309,5.3
0312005 ESCOLA MUNICIPAL D JOAO VI,33069212,6.6,1,0,1,2736.725147629945,0313029 ESCOLA MUNICIPAL THOMAS MANN,33073309,5.3
0312015 ESCOLA MUNICIPAL BARAO DE MACAHUBAS,33072558,6.0,0,1,0,2748.218629317611,0313029 ESCOLA MUNICIPAL THOMAS MANN,33073309,5.3
0312027 ESCOLA MUNICIPAL PROFESSOR AFONSO VARZEA,33073139,6.1,0,1,0,3176.3997049994223,0313029 ESCOLA MUNICIPAL THOMAS MANN,33073309,5.3
0313035 ESCOLA MUNICIPAL EDGAR SUSSEKIND DE MENDONCA,33072698,6.0,0,1,0,3229.407213434669,0313029 ESCOLA MUNICIPAL THOMAS MANN,33073309,5.3
0313041 ESCOLA MUNICIPAL TOBIAS BARRETO,33073317,6.6,0,1,0,3385.3069834057246,0313029 ESCOLA MUNICIPAL THOMAS MANN,33073309,5.3
0209023 ESCOLA MUNICIPAL PANAMA,33068364,6.7,1,0,1,4010.77943534313,0313029 ESCOLA MUNICIPAL THOMAS MANN,33073309,5.3
0107501 ESCOLA MUNICIPAL EDMUNDO BITTENCOURT,33066248,6.3,0,1,1,4307.132439321362,0313029 ESCOLA MUNICIPAL THOMAS MANN,33073309,5.3
0209019 ESCOLA MUNICIPAL AFRANIO PEIXOTO,33068216,6.7,0,1,1,4415.891014670535,0313029 ESCOLA MUNICIPAL THOMAS MANN,33073309,5.3
