nome_escola,cod_inep,ideb,pessimo_pra_bom_bin,ruim_pra_bom_bin,melhora_com_final_bom_bin,distancia,escola_risco,cod_inep_risco,ideb_2017_risco
0515044 ESCOLA MUNICIPAL ESPIRITO SANTO,33076081,6.5,0,1,0,1397.2017603294005,0313044 ESCOLA MUNICIPAL JOAO KOPKE,33072850,5.3
0515037 ESCOLA MUNICIPAL HAITI,33076162,6.2,0,1,0,1585.2254805406099,0313044 ESCOLA MUNICIPAL JOAO KOPKE,33072850,5.3
0515053 ESCOLA MUNICIPAL SENADOR FRANCISCO GALLOTTI,33076448,6.4,0,1,1,1606.6128623028633,0313044 ESCOLA MUNICIPAL JOAO KOPKE,33072850,5.3
0313041 ESCOLA MUNICIPAL TOBIAS BARRETO,33073317,6.6,0,1,0,1687.6524618618093,0313044 ESCOLA MUNICIPAL JOAO KOPKE,33072850,5.3
0515049 ESCOLA MUNICIPAL CINCO DE JULHO,33076065,6.2,1,0,1,1896.6875545935743,0313044 ESCOLA MUNICIPAL JOAO KOPKE,33072850,5.3
0313035 ESCOLA MUNICIPAL EDGAR SUSSEKIND DE MENDONCA,33072698,6.0,0,1,0,2001.5674153004315,0313044 ESCOLA MUNICIPAL JOAO KOPKE,33072850,5.3
0515041 ESCOLA MUNICIPAL OSWALDO TEIXEIRA,33076278,6.2,0,1,0,2004.5470649120346,0313044 ESCOLA MUNICIPAL JOAO KOPKE,33072850,5.3
0515503 CIEP METALURGICO BENEDITO CERQUEIRA,33075077,6.0,1,0,1,2140.5014153334223,0313044 ESCOLA MUNICIPAL JOAO KOPKE,33072850,5.3
0515502 CIEP PROFESSOR MANOEL MAURICIO DE ALBUQUERQUE,33075069,6.1,1,0,1,2295.932949470277,0313044 ESCOLA MUNICIPAL JOAO KOPKE,33072850,5.3
0313038 ESCOLA MUNICIPAL LONDRES,33072949,6.2,0,1,0,2465.8232124076812,0313044 ESCOLA MUNICIPAL JOAO KOPKE,33072850,5.3
0312015 ESCOLA MUNICIPAL BARAO DE MACAHUBAS,33072558,6.0,0,1,0,3087.467822799267,0313044 ESCOLA MUNICIPAL JOAO KOPKE,33072850,5.3
0313031 ESCOLA MUNICIPAL NOSSA SENHORA DE POMPEIA,33073040,6.2,0,1,0,3269.2706528659346,0313044 ESCOLA MUNICIPAL JOAO KOPKE,33072850,5.3
0313027 ESCOLA MUNICIPAL JEAN MERMOZ,33072841,7.3,0,1,1,3869.2127878027018,0313044 ESCOLA MUNICIPAL JOAO KOPKE,33072850,5.3
0313022 ESCOLA MUNICIPAL PROFESSOR AUGUSTO PAULINO FILHO,33073155,6.2,1,0,1,3911.149639633275,0313044 ESCOLA MUNICIPAL JOAO KOPKE,33072850,5.3
0515054 ESCOLA MUNICIPAL CARDEAL ARCOVERDE,33076049,6.3,0,1,1,4051.136544373899,0313044 ESCOLA MUNICIPAL JOAO KOPKE,33072850,5.3
