nome_escola,cod_inep,ideb,pessimo_pra_bom_bin,ruim_pra_bom_bin,melhora_com_final_bom_bin,distancia,escola_risco,cod_inep_risco,ideb_2017_risco
0313022 ESCOLA MUNICIPAL PROFESSOR AUGUSTO PAULINO FILHO,33073155,6.2,1,0,1,794.2367770462159,0313011 ESCOLA MUNICIPAL JOSE EDUARDO DE MACEDO SOARES,33072876,4.8
0313038 ESCOLA MUNICIPAL LONDRES,33072949,6.2,0,1,0,1585.2085046217703,0313011 ESCOLA MUNICIPAL JOSE EDUARDO DE MACEDO SOARES,33072876,4.8
0313031 ESCOLA MUNICIPAL NOSSA SENHORA DE POMPEIA,33073040,6.2,0,1,0,2164.5756086483398,0313011 ESCOLA MUNICIPAL JOSE EDUARDO DE MACEDO SOARES,33072876,4.8
0313035 ESCOLA MUNICIPAL EDGAR SUSSEKIND DE MENDONCA,33072698,6.0,0,1,0,2198.498570053901,0313011 ESCOLA MUNICIPAL JOSE EDUARDO DE MACEDO SOARES,33072876,4.8
0313041 ESCOLA MUNICIPAL TOBIAS BARRETO,33073317,6.6,0,1,0,2509.9961450192186,0313011 ESCOLA MUNICIPAL JOSE EDUARDO DE MACEDO SOARES,33072876,4.8
0313027 ESCOLA MUNICIPAL JEAN MERMOZ,33072841,7.3,0,1,1,2996.8692611107826,0313011 ESCOLA MUNICIPAL JOSE EDUARDO DE MACEDO SOARES,33072876,4.8
0209023 ESCOLA MUNICIPAL PANAMA,33068364,6.7,1,0,1,3647.59966050205,0313011 ESCOLA MUNICIPAL JOSE EDUARDO DE MACEDO SOARES,33072876,4.8
0209019 ESCOLA MUNICIPAL AFRANIO PEIXOTO,33068216,6.7,0,1,1,3892.2173368704266,0313011 ESCOLA MUNICIPAL JOSE EDUARDO DE MACEDO SOARES,33072876,4.8
0312015 ESCOLA MUNICIPAL BARAO DE MACAHUBAS,33072558,6.0,0,1,0,4371.855558479272,0313011 ESCOLA MUNICIPAL JOSE EDUARDO DE MACEDO SOARES,33072876,4.8
0312021 ESCOLA MUNICIPAL EURICO VILLELA,33072728,6.1,1,0,1,4480.39634855488,0313011 ESCOLA MUNICIPAL JOSE EDUARDO DE MACEDO SOARES,33072876,4.8
0515041 ESCOLA MUNICIPAL OSWALDO TEIXEIRA,33076278,6.2,0,1,0,4515.247521113646,0313011 ESCOLA MUNICIPAL JOSE EDUARDO DE MACEDO SOARES,33072876,4.8
0312025 ESCOLA MUNICIPAL PROFESSORA ARMINDA MOREIRA PADOVA,33073147,6.1,0,1,0,4676.189272527988,0313011 ESCOLA MUNICIPAL JOSE EDUARDO DE MACEDO SOARES,33072876,4.8
0515037 ESCOLA MUNICIPAL HAITI,33076162,6.2,0,1,0,4760.531503358718,0313011 ESCOLA MUNICIPAL JOSE EDUARDO DE MACEDO SOARES,33072876,4.8
0410001 ESCOLA MUNICIPAL EMA NEGRAO DE LIMA,33069247,6.1,0,1,0,4974.387008662254,0313011 ESCOLA MUNICIPAL JOSE EDUARDO DE MACEDO SOARES,33072876,4.8
0312005 ESCOLA MUNICIPAL D JOAO VI,33069212,6.6,1,0,1,5003.636963262105,0313011 ESCOLA MUNICIPAL JOSE EDUARDO DE MACEDO SOARES,33072876,4.8
