nome_escola,cod_inep,ideb,pessimo_pra_bom_bin,ruim_pra_bom_bin,melhora_com_final_bom_bin,distancia,escola_risco,cod_inep_risco,ideb_2017_risco
0107501 ESCOLA MUNICIPAL EDMUNDO BITTENCOURT,33066248,6.3,0,1,1,2196.7899499719056,0313003 ESCOLA MUNICIPAL PARETO,33073090,5.3
0410001 ESCOLA MUNICIPAL EMA NEGRAO DE LIMA,33069247,6.1,0,1,0,2601.978721456821,0313003 ESCOLA MUNICIPAL PARETO,33073090,5.3
0209023 ESCOLA MUNICIPAL PANAMA,33068364,6.7,1,0,1,2628.1350476831813,0313003 ESCOLA MUNICIPAL PARETO,33073090,5.3
0107004 ESCOLA MUNICIPAL FLORIANO PEIXOTO,33066256,7.2,0,1,1,2639.4097974611313,0313003 ESCOLA MUNICIPAL PARETO,33073090,5.3
0107005 ESCOLA MUNICIPAL JOAO DE CAMARGO,33066299,6.5,0,1,0,2679.4520071497413,0313003 ESCOLA MUNICIPAL PARETO,33073090,5.3
0208016 ESCOLA MUNICIPAL LEITAO DA CUNHA,33068321,6.6,0,1,0,3026.4761378057747,0313003 ESCOLA MUNICIPAL PARETO,33073090,5.3
0209019 ESCOLA MUNICIPAL AFRANIO PEIXOTO,33068216,6.7,0,1,1,3056.9830988532926,0313003 ESCOLA MUNICIPAL PARETO,33073090,5.3
0313027 ESCOLA MUNICIPAL JEAN MERMOZ,33072841,7.3,0,1,1,3091.1075434409936,0313003 ESCOLA MUNICIPAL PARETO,33073090,5.3
0313022 ESCOLA MUNICIPAL PROFESSOR AUGUSTO PAULINO FILHO,33073155,6.2,1,0,1,3305.5388587884777,0313003 ESCOLA MUNICIPAL PARETO,33073090,5.3
0209004 ESCOLA MUNICIPAL CONSELHEIRO MAYRINK,33067031,6.7,0,1,0,3350.068916545732,0313003 ESCOLA MUNICIPAL PARETO,33073090,5.3
0313031 ESCOLA MUNICIPAL NOSSA SENHORA DE POMPEIA,33073040,6.2,0,1,0,3449.2628502631487,0313003 ESCOLA MUNICIPAL PARETO,33073090,5.3
0209001 ESCOLA MUNICIPAL BENEDITO OTTONI,33066990,7.1,0,1,1,3665.3679374096646,0313003 ESCOLA MUNICIPAL PARETO,33073090,5.3
0312005 ESCOLA MUNICIPAL D JOAO VI,33069212,6.6,1,0,1,3729.110860441085,0313003 ESCOLA MUNICIPAL PARETO,33073090,5.3
0208007 ESCOLA MUNICIPAL BARAO DE ITACURUSSA,33066981,6.4,0,1,1,4033.551590703739,0313003 ESCOLA MUNICIPAL PARETO,33073090,5.3
0312025 ESCOLA MUNICIPAL PROFESSORA ARMINDA MOREIRA PADOVA,33073147,6.1,0,1,0,4130.066573352363,0313003 ESCOLA MUNICIPAL PARETO,33073090,5.3
