nome_escola,cod_inep,ideb,pessimo_pra_bom_bin,ruim_pra_bom_bin,melhora_com_final_bom_bin,distancia,escola_risco,cod_inep_risco,ideb_2017_risco
0313022 ESCOLA MUNICIPAL PROFESSOR AUGUSTO PAULINO FILHO,33073155,6.2,1,0,1,1542.089561396627,0313013 ESCOLA MUNICIPAL MINISTRO GAMA FILHO,33073031,4.5
0313038 ESCOLA MUNICIPAL LONDRES,33072949,6.2,0,1,0,2116.853340681608,0313013 ESCOLA MUNICIPAL MINISTRO GAMA FILHO,33073031,4.5
0313035 ESCOLA MUNICIPAL EDGAR SUSSEKIND DE MENDONCA,33072698,6.0,0,1,0,2628.9388189084016,0313013 ESCOLA MUNICIPAL MINISTRO GAMA FILHO,33073031,4.5
0313031 ESCOLA MUNICIPAL NOSSA SENHORA DE POMPEIA,33073040,6.2,0,1,0,2953.1310120410667,0313013 ESCOLA MUNICIPAL MINISTRO GAMA FILHO,33073031,4.5
0313041 ESCOLA MUNICIPAL TOBIAS BARRETO,33073317,6.6,0,1,0,2955.0552953642814,0313013 ESCOLA MUNICIPAL MINISTRO GAMA FILHO,33073031,4.5
0209023 ESCOLA MUNICIPAL PANAMA,33068364,6.7,1,0,1,3486.619812855558,0313013 ESCOLA MUNICIPAL MINISTRO GAMA FILHO,33073031,4.5
0209019 ESCOLA MUNICIPAL AFRANIO PEIXOTO,33068216,6.7,0,1,1,3649.6881049381486,0313013 ESCOLA MUNICIPAL MINISTRO GAMA FILHO,33073031,4.5
0313027 ESCOLA MUNICIPAL JEAN MERMOZ,33072841,7.3,0,1,1,3764.590639891611,0313013 ESCOLA MUNICIPAL MINISTRO GAMA FILHO,33073031,4.5
0208502 CIEP DOUTOR ANTOINE MAGARINOS TORRES FILHO,33066507,6.0,1,0,1,4655.512661781489,0313013 ESCOLA MUNICIPAL MINISTRO GAMA FILHO,33073031,4.5
0515041 ESCOLA MUNICIPAL OSWALDO TEIXEIRA,33076278,6.2,0,1,0,4770.808453773936,0313013 ESCOLA MUNICIPAL MINISTRO GAMA FILHO,33073031,4.5
0208021 ESCOLA MUNICIPAL MARIO FACCINI,33067163,6.5,0,1,0,4838.409827251046,0313013 ESCOLA MUNICIPAL MINISTRO GAMA FILHO,33073031,4.5
0515037 ESCOLA MUNICIPAL HAITI,33076162,6.2,0,1,0,5110.343960237709,0313013 ESCOLA MUNICIPAL MINISTRO GAMA FILHO,33073031,4.5
0312015 ESCOLA MUNICIPAL BARAO DE MACAHUBAS,33072558,6.0,0,1,0,5157.968255616295,0313013 ESCOLA MUNICIPAL MINISTRO GAMA FILHO,33073031,4.5
0312021 ESCOLA MUNICIPAL EURICO VILLELA,33072728,6.1,1,0,1,5264.4163074901235,0313013 ESCOLA MUNICIPAL MINISTRO GAMA FILHO,33073031,4.5
0312025 ESCOLA MUNICIPAL PROFESSORA ARMINDA MOREIRA PADOVA,33073147,6.1,0,1,0,5455.899248677699,0313013 ESCOLA MUNICIPAL MINISTRO GAMA FILHO,33073031,4.5
