nome_escola,cod_inep,ideb,pessimo_pra_bom_bin,ruim_pra_bom_bin,melhora_com_final_bom_bin,distancia,escola_risco,cod_inep_risco,ideb_2017_risco
0313022 ESCOLA MUNICIPAL PROFESSOR AUGUSTO PAULINO FILHO,33073155,6.2,1,0,1,833.0129373365793,0313503 ESCOLA MUNICIPAL LINS DE VASCONCELOS,33071179,5.4
0313038 ESCOLA MUNICIPAL LONDRES,33072949,6.2,0,1,0,2131.928231588641,0313503 ESCOLA MUNICIPAL LINS DE VASCONCELOS,33071179,5.4
0313031 ESCOLA MUNICIPAL NOSSA SENHORA DE POMPEIA,33073040,6.2,0,1,0,2286.1093449973773,0313503 ESCOLA MUNICIPAL LINS DE VASCONCELOS,33071179,5.4
0313035 ESCOLA MUNICIPAL EDGAR SUSSEKIND DE MENDONCA,33072698,6.0,0,1,0,2762.9966216405596,0313503 ESCOLA MUNICIPAL LINS DE VASCONCELOS,33071179,5.4
0313027 ESCOLA MUNICIPAL JEAN MERMOZ,33072841,7.3,0,1,1,2991.024408529529,0313503 ESCOLA MUNICIPAL LINS DE VASCONCELOS,33071179,5.4
0313041 ESCOLA MUNICIPAL TOBIAS BARRETO,33073317,6.6,0,1,0,3068.433513965117,0313503 ESCOLA MUNICIPAL LINS DE VASCONCELOS,33071179,5.4
0209023 ESCOLA MUNICIPAL PANAMA,33068364,6.7,1,0,1,3074.324514989482,0313503 ESCOLA MUNICIPAL LINS DE VASCONCELOS,33071179,5.4
0209019 ESCOLA MUNICIPAL AFRANIO PEIXOTO,33068216,6.7,0,1,1,3331.9195267854307,0313503 ESCOLA MUNICIPAL LINS DE VASCONCELOS,33071179,5.4
0312021 ESCOLA MUNICIPAL EURICO VILLELA,33072728,6.1,1,0,1,4531.767555484834,0313503 ESCOLA MUNICIPAL LINS DE VASCONCELOS,33071179,5.4
0312015 ESCOLA MUNICIPAL BARAO DE MACAHUBAS,33072558,6.0,0,1,0,4565.524328015132,0313503 ESCOLA MUNICIPAL LINS DE VASCONCELOS,33071179,5.4
0208502 CIEP DOUTOR ANTOINE MAGARINOS TORRES FILHO,33066507,6.0,1,0,1,4598.830430736158,0313503 ESCOLA MUNICIPAL LINS DE VASCONCELOS,33071179,5.4
0312025 ESCOLA MUNICIPAL PROFESSORA ARMINDA MOREIRA PADOVA,33073147,6.1,0,1,0,4703.07013739597,0313503 ESCOLA MUNICIPAL LINS DE VASCONCELOS,33071179,5.4
0410001 ESCOLA MUNICIPAL EMA NEGRAO DE LIMA,33069247,6.1,0,1,0,4742.618732205238,0313503 ESCOLA MUNICIPAL LINS DE VASCONCELOS,33071179,5.4
0312005 ESCOLA MUNICIPAL D JOAO VI,33069212,6.6,1,0,1,4934.523434679654,0313503 ESCOLA MUNICIPAL LINS DE VASCONCELOS,33071179,5.4
0208021 ESCOLA MUNICIPAL MARIO FACCINI,33067163,6.5,0,1,0,5035.497774013672,0313503 ESCOLA MUNICIPAL LINS DE VASCONCELOS,33071179,5.4
