nome_escola,cod_inep,ideb,pessimo_pra_bom_bin,ruim_pra_bom_bin,melhora_com_final_bom_bin,distancia,escola_risco,cod_inep_risco,ideb_2017_risco
0313027 ESCOLA MUNICIPAL JEAN MERMOZ,33072841,7.3,0,1,1,1382.8477185610486,0313502 CIEP CHANCELER WILLY BRANDT,33071322,5.0
0313031 ESCOLA MUNICIPAL NOSSA SENHORA DE POMPEIA,33073040,6.2,0,1,0,1808.276556222449,0313502 CIEP CHANCELER WILLY BRANDT,33071322,5.0
0410001 ESCOLA MUNICIPAL EMA NEGRAO DE LIMA,33069247,6.1,0,1,0,2073.0352509508043,0313502 CIEP CHANCELER WILLY BRANDT,33071322,5.0
0313022 ESCOLA MUNICIPAL PROFESSOR AUGUSTO PAULINO FILHO,33073155,6.2,1,0,1,2192.247980136157,0313502 CIEP CHANCELER WILLY BRANDT,33071322,5.0
0312005 ESCOLA MUNICIPAL D JOAO VI,33069212,6.6,1,0,1,2560.1245599988006,0313502 CIEP CHANCELER WILLY BRANDT,33071322,5.0
0312021 ESCOLA MUNICIPAL EURICO VILLELA,33072728,6.1,1,0,1,2640.9945733054756,0313502 CIEP CHANCELER WILLY BRANDT,33071322,5.0
0312025 ESCOLA MUNICIPAL PROFESSORA ARMINDA MOREIRA PADOVA,33073147,6.1,0,1,0,2685.897277942489,0313502 CIEP CHANCELER WILLY BRANDT,33071322,5.0
0312015 ESCOLA MUNICIPAL BARAO DE MACAHUBAS,33072558,6.0,0,1,0,3298.0592419727795,0313502 CIEP CHANCELER WILLY BRANDT,33071322,5.0
0107501 ESCOLA MUNICIPAL EDMUNDO BITTENCOURT,33066248,6.3,0,1,1,3342.7230740012674,0313502 CIEP CHANCELER WILLY BRANDT,33071322,5.0
0312027 ESCOLA MUNICIPAL PROFESSOR AFONSO VARZEA,33073139,6.1,0,1,0,3390.128452174385,0313502 CIEP CHANCELER WILLY BRANDT,33071322,5.0
0313038 ESCOLA MUNICIPAL LONDRES,33072949,6.2,0,1,0,3579.141219847822,0313502 CIEP CHANCELER WILLY BRANDT,33071322,5.0
0209023 ESCOLA MUNICIPAL PANAMA,33068364,6.7,1,0,1,3616.693511518652,0313502 CIEP CHANCELER WILLY BRANDT,33071322,5.0
0107005 ESCOLA MUNICIPAL JOAO DE CAMARGO,33066299,6.5,0,1,0,3786.9889378112125,0313502 CIEP CHANCELER WILLY BRANDT,33071322,5.0
0209019 ESCOLA MUNICIPAL AFRANIO PEIXOTO,33068216,6.7,0,1,1,4050.6178029193225,0313502 CIEP CHANCELER WILLY BRANDT,33071322,5.0
0107004 ESCOLA MUNICIPAL FLORIANO PEIXOTO,33066256,7.2,0,1,1,4072.1868983191316,0313502 CIEP CHANCELER WILLY BRANDT,33071322,5.0
