nome_escola,cod_inep,ideb,pessimo_pra_bom_bin,ruim_pra_bom_bin,melhora_com_final_bom_bin,distancia,escola_risco,cod_inep_risco,ideb_2017_risco
0410001 ESCOLA MUNICIPAL EMA NEGRAO DE LIMA,33069247,6.1,0,1,0,632.5686188882454,0328501 CIEP VINICIUS DE MORAES,33071357,4.8
0312005 ESCOLA MUNICIPAL D JOAO VI,33069212,6.6,1,0,1,1802.715924952178,0328501 CIEP VINICIUS DE MORAES,33071357,4.8
0313027 ESCOLA MUNICIPAL JEAN MERMOZ,33072841,7.3,0,1,1,2154.773998801774,0328501 CIEP VINICIUS DE MORAES,33071357,4.8
0312025 ESCOLA MUNICIPAL PROFESSORA ARMINDA MOREIRA PADOVA,33073147,6.1,0,1,0,2390.276161038609,0328501 CIEP VINICIUS DE MORAES,33071357,4.8
0107501 ESCOLA MUNICIPAL EDMUNDO BITTENCOURT,33066248,6.3,0,1,1,2397.194555634418,0328501 CIEP VINICIUS DE MORAES,33071357,4.8
0312021 ESCOLA MUNICIPAL EURICO VILLELA,33072728,6.1,1,0,1,2501.6537241488636,0328501 CIEP VINICIUS DE MORAES,33071357,4.8
0107005 ESCOLA MUNICIPAL JOAO DE CAMARGO,33066299,6.5,0,1,0,2738.7373603973138,0328501 CIEP VINICIUS DE MORAES,33071357,4.8
0410004 ESCOLA MUNICIPAL PEDRO LESSA,33069379,6.2,0,1,0,2985.068919808964,0328501 CIEP VINICIUS DE MORAES,33071357,4.8
0313031 ESCOLA MUNICIPAL NOSSA SENHORA DE POMPEIA,33073040,6.2,0,1,0,2985.375411231274,0328501 CIEP VINICIUS DE MORAES,33071357,4.8
0312027 ESCOLA MUNICIPAL PROFESSOR AFONSO VARZEA,33073139,6.1,0,1,0,3065.5184760471316,0328501 CIEP VINICIUS DE MORAES,33071357,4.8
0107004 ESCOLA MUNICIPAL FLORIANO PEIXOTO,33066256,7.2,0,1,1,3314.791726608006,0328501 CIEP VINICIUS DE MORAES,33071357,4.8
0312015 ESCOLA MUNICIPAL BARAO DE MACAHUBAS,33072558,6.0,0,1,0,3525.365163934806,0328501 CIEP VINICIUS DE MORAES,33071357,4.8
0410202 CIEP YURI GAGARIN,33068755,6.3,1,0,1,3596.3167971630005,0328501 CIEP VINICIUS DE MORAES,33071357,4.8
0313022 ESCOLA MUNICIPAL PROFESSOR AUGUSTO PAULINO FILHO,33073155,6.2,1,0,1,3694.5402370391002,0328501 CIEP VINICIUS DE MORAES,33071357,4.8
0410009 ESCOLA MUNICIPAL DILERMANDO CRUZ,33069220,6.2,0,1,0,3782.4894409180106,0328501 CIEP VINICIUS DE MORAES,33071357,4.8
