nome_escola,cod_inep,ideb,pessimo_pra_bom_bin,ruim_pra_bom_bin,melhora_com_final_bom_bin,distancia,escola_risco,cod_inep_risco,ideb_2017_risco
0312027 ESCOLA MUNICIPAL PROFESSOR AFONSO VARZEA,33073139,6.1,0,1,0,529.5289567901038,0329001 ESCOLA MUNICIPAL PROFESSOR MOURAO FILHO,33069425,5.1
0312025 ESCOLA MUNICIPAL PROFESSORA ARMINDA MOREIRA PADOVA,33073147,6.1,0,1,0,950.9021216084791,0329001 ESCOLA MUNICIPAL PROFESSOR MOURAO FILHO,33069425,5.1
0312021 ESCOLA MUNICIPAL EURICO VILLELA,33072728,6.1,1,0,1,1122.4428961302726,0329001 ESCOLA MUNICIPAL PROFESSOR MOURAO FILHO,33069425,5.1
0312005 ESCOLA MUNICIPAL D JOAO VI,33069212,6.6,1,0,1,1229.5421597648415,0329001 ESCOLA MUNICIPAL PROFESSOR MOURAO FILHO,33069425,5.1
0312015 ESCOLA MUNICIPAL BARAO DE MACAHUBAS,33072558,6.0,0,1,0,1749.4836845511613,0329001 ESCOLA MUNICIPAL PROFESSOR MOURAO FILHO,33069425,5.1
0410004 ESCOLA MUNICIPAL PEDRO LESSA,33069379,6.2,0,1,0,1832.3303376621834,0329001 ESCOLA MUNICIPAL PROFESSOR MOURAO FILHO,33069425,5.1
0410015 ESCOLA MUNICIPAL CLOVIS BEVILAQUA,33069190,6.6,0,1,1,1921.1744655891944,0329001 ESCOLA MUNICIPAL PROFESSOR MOURAO FILHO,33069425,5.1
0410202 CIEP YURI GAGARIN,33068755,6.3,1,0,1,2055.0903455155135,0329001 ESCOLA MUNICIPAL PROFESSOR MOURAO FILHO,33069425,5.1
0410009 ESCOLA MUNICIPAL DILERMANDO CRUZ,33069220,6.2,0,1,0,2362.343107749166,0329001 ESCOLA MUNICIPAL PROFESSOR MOURAO FILHO,33069425,5.1
0410001 ESCOLA MUNICIPAL EMA NEGRAO DE LIMA,33069247,6.1,0,1,0,2639.893479878678,0329001 ESCOLA MUNICIPAL PROFESSOR MOURAO FILHO,33069425,5.1
0313027 ESCOLA MUNICIPAL JEAN MERMOZ,33072841,7.3,0,1,1,2662.387157058295,0329001 ESCOLA MUNICIPAL PROFESSOR MOURAO FILHO,33069425,5.1
0410021 ESCOLA MUNICIPAL BRASIL,33069158,6.4,0,1,0,2795.019934050778,0329001 ESCOLA MUNICIPAL PROFESSOR MOURAO FILHO,33069425,5.1
0313031 ESCOLA MUNICIPAL NOSSA SENHORA DE POMPEIA,33073040,6.2,0,1,0,3443.5423336613553,0329001 ESCOLA MUNICIPAL PROFESSOR MOURAO FILHO,33069425,5.1
0411007 ESCOLA MUNICIPAL ARIOSTO ESPINHEIRA,33070423,6.4,0,1,0,3699.0543844233566,0329001 ESCOLA MUNICIPAL PROFESSOR MOURAO FILHO,33069425,5.1
0411015 ESCOLA MUNICIPAL SUICA,33070881,6.7,1,0,1,4443.893828818067,0329001 ESCOLA MUNICIPAL PROFESSOR MOURAO FILHO,33069425,5.1
