nome_escola,cod_inep,ideb,pessimo_pra_bom_bin,ruim_pra_bom_bin,melhora_com_final_bom_bin,distancia,escola_risco,cod_inep_risco,ideb_2017_risco
0410015 ESCOLA MUNICIPAL CLOVIS BEVILAQUA,33069190,6.6,0,1,1,1428.1092432725886,0410502 CIEP MAESTRO FRANCISCO MIGNONE,33068763,5.3
0312027 ESCOLA MUNICIPAL PROFESSOR AFONSO VARZEA,33073139,6.1,0,1,0,1794.030197600856,0410502 CIEP MAESTRO FRANCISCO MIGNONE,33068763,5.3
0410021 ESCOLA MUNICIPAL BRASIL,33069158,6.4,0,1,0,2223.2097486728935,0410502 CIEP MAESTRO FRANCISCO MIGNONE,33068763,5.3
0411007 ESCOLA MUNICIPAL ARIOSTO ESPINHEIRA,33070423,6.4,0,1,0,2392.56393474724,0410502 CIEP MAESTRO FRANCISCO MIGNONE,33068763,5.3
0312015 ESCOLA MUNICIPAL BARAO DE MACAHUBAS,33072558,6.0,0,1,0,2491.18811213617,0410502 CIEP MAESTRO FRANCISCO MIGNONE,33068763,5.3
0312025 ESCOLA MUNICIPAL PROFESSORA ARMINDA MOREIRA PADOVA,33073147,6.1,0,1,0,2493.720368272856,0410502 CIEP MAESTRO FRANCISCO MIGNONE,33068763,5.3
0312021 ESCOLA MUNICIPAL EURICO VILLELA,33072728,6.1,1,0,1,2558.5061626623174,0410502 CIEP MAESTRO FRANCISCO MIGNONE,33068763,5.3
0410202 CIEP YURI GAGARIN,33068755,6.3,1,0,1,2579.80118439165,0410502 CIEP MAESTRO FRANCISCO MIGNONE,33068763,5.3
0410004 ESCOLA MUNICIPAL PEDRO LESSA,33069379,6.2,0,1,0,2757.3443730827717,0410502 CIEP MAESTRO FRANCISCO MIGNONE,33068763,5.3
0410009 ESCOLA MUNICIPAL DILERMANDO CRUZ,33069220,6.2,0,1,0,2813.708871143846,0410502 CIEP MAESTRO FRANCISCO MIGNONE,33068763,5.3
0411023 ESCOLA MUNICIPAL MINISTRO PLINIO CASADO,33070717,6.1,0,1,0,2828.2612922468916,0410502 CIEP MAESTRO FRANCISCO MIGNONE,33068763,5.3
0312005 ESCOLA MUNICIPAL D JOAO VI,33069212,6.6,1,0,1,2882.9351925813107,0410502 CIEP MAESTRO FRANCISCO MIGNONE,33068763,5.3
0411015 ESCOLA MUNICIPAL SUICA,33070881,6.7,1,0,1,2907.4420034676505,0410502 CIEP MAESTRO FRANCISCO MIGNONE,33068763,5.3
0313027 ESCOLA MUNICIPAL JEAN MERMOZ,33072841,7.3,0,1,1,4087.475264843861,0410502 CIEP MAESTRO FRANCISCO MIGNONE,33068763,5.3
0410001 ESCOLA MUNICIPAL EMA NEGRAO DE LIMA,33069247,6.1,0,1,0,4264.692979677008,0410502 CIEP MAESTRO FRANCISCO MIGNONE,33068763,5.3
