nome_escola,cod_inep,ideb,pessimo_pra_bom_bin,ruim_pra_bom_bin,melhora_com_final_bom_bin,distancia,escola_risco,cod_inep_risco,ideb_2017_risco
0410001 ESCOLA MUNICIPAL EMA NEGRAO DE LIMA,33069247,6.1,0,1,0,539.6652757641826,0410026 ESCOLA MUNICIPAL PROFESSORA MARIA DE CERQUEIRA E SILVA,33069395,4.6
0312005 ESCOLA MUNICIPAL D JOAO VI,33069212,6.6,1,0,1,1969.0968702667044,0410026 ESCOLA MUNICIPAL PROFESSORA MARIA DE CERQUEIRA E SILVA,33069395,4.6
0107501 ESCOLA MUNICIPAL EDMUNDO BITTENCOURT,33066248,6.3,0,1,1,2034.1422671409357,0410026 ESCOLA MUNICIPAL PROFESSORA MARIA DE CERQUEIRA E SILVA,33069395,4.6
0107005 ESCOLA MUNICIPAL JOAO DE CAMARGO,33066299,6.5,0,1,0,2299.023761363258,0410026 ESCOLA MUNICIPAL PROFESSORA MARIA DE CERQUEIRA E SILVA,33069395,4.6
0312025 ESCOLA MUNICIPAL PROFESSORA ARMINDA MOREIRA PADOVA,33073147,6.1,0,1,0,2696.1447221197486,0410026 ESCOLA MUNICIPAL PROFESSORA MARIA DE CERQUEIRA E SILVA,33069395,4.6
0313027 ESCOLA MUNICIPAL JEAN MERMOZ,33072841,7.3,0,1,1,2742.539953439472,0410026 ESCOLA MUNICIPAL PROFESSORA MARIA DE CERQUEIRA E SILVA,33069395,4.6
0410004 ESCOLA MUNICIPAL PEDRO LESSA,33069379,6.2,0,1,0,2749.999261873168,0410026 ESCOLA MUNICIPAL PROFESSORA MARIA DE CERQUEIRA E SILVA,33069395,4.6
0312021 ESCOLA MUNICIPAL EURICO VILLELA,33072728,6.1,1,0,1,2854.78106956829,0410026 ESCOLA MUNICIPAL PROFESSORA MARIA DE CERQUEIRA E SILVA,33069395,4.6
0107004 ESCOLA MUNICIPAL FLORIANO PEIXOTO,33066256,7.2,0,1,1,2995.021580106505,0410026 ESCOLA MUNICIPAL PROFESSORA MARIA DE CERQUEIRA E SILVA,33069395,4.6
0312027 ESCOLA MUNICIPAL PROFESSOR AFONSO VARZEA,33073139,6.1,0,1,0,3310.824523204536,0410026 ESCOLA MUNICIPAL PROFESSORA MARIA DE CERQUEIRA E SILVA,33069395,4.6
0410202 CIEP YURI GAGARIN,33068755,6.3,1,0,1,3357.5751271526415,0410026 ESCOLA MUNICIPAL PROFESSORA MARIA DE CERQUEIRA E SILVA,33069395,4.6
0410009 ESCOLA MUNICIPAL DILERMANDO CRUZ,33069220,6.2,0,1,0,3502.1386354098636,0410026 ESCOLA MUNICIPAL PROFESSORA MARIA DE CERQUEIRA E SILVA,33069395,4.6
0313031 ESCOLA MUNICIPAL NOSSA SENHORA DE POMPEIA,33073040,6.2,0,1,0,3600.9271062554594,0410026 ESCOLA MUNICIPAL PROFESSORA MARIA DE CERQUEIRA E SILVA,33069395,4.6
0312015 ESCOLA MUNICIPAL BARAO DE MACAHUBAS,33072558,6.0,0,1,0,3939.113035029551,0410026 ESCOLA MUNICIPAL PROFESSORA MARIA DE CERQUEIRA E SILVA,33069395,4.6
0313022 ESCOLA MUNICIPAL PROFESSOR AUGUSTO PAULINO FILHO,33073155,6.2,1,0,1,4314.510607891802,0410026 ESCOLA MUNICIPAL PROFESSORA MARIA DE CERQUEIRA E SILVA,33069395,4.6
