nome_escola,cod_inep,ideb,pessimo_pra_bom_bin,ruim_pra_bom_bin,melhora_com_final_bom_bin,distancia,escola_risco,cod_inep_risco,ideb_2017_risco
0410001 ESCOLA MUNICIPAL EMA NEGRAO DE LIMA,33069247,6.1,0,1,0,103.77146827891167,0410002 ESCOLA MUNICIPAL ALBINO SOUZA CRUZ,33069093,4.4
0312005 ESCOLA MUNICIPAL D JOAO VI,33069212,6.6,1,0,1,1472.0150110752281,0410002 ESCOLA MUNICIPAL ALBINO SOUZA CRUZ,33069093,4.4
0312025 ESCOLA MUNICIPAL PROFESSORA ARMINDA MOREIRA PADOVA,33073147,6.1,0,1,0,2185.649348993532,0410002 ESCOLA MUNICIPAL ALBINO SOUZA CRUZ,33069093,4.4
0312021 ESCOLA MUNICIPAL EURICO VILLELA,33072728,6.1,1,0,1,2345.6542038244806,0410002 ESCOLA MUNICIPAL ALBINO SOUZA CRUZ,33069093,4.4
0313027 ESCOLA MUNICIPAL JEAN MERMOZ,33072841,7.3,0,1,1,2349.5283885332533,0410002 ESCOLA MUNICIPAL ALBINO SOUZA CRUZ,33069093,4.4
0410004 ESCOLA MUNICIPAL PEDRO LESSA,33069379,6.2,0,1,0,2467.2607914604996,0410002 ESCOLA MUNICIPAL ALBINO SOUZA CRUZ,33069093,4.4
0107501 ESCOLA MUNICIPAL EDMUNDO BITTENCOURT,33066248,6.3,0,1,1,2541.302530346795,0410002 ESCOLA MUNICIPAL ALBINO SOUZA CRUZ,33069093,4.4
0312027 ESCOLA MUNICIPAL PROFESSOR AFONSO VARZEA,33073139,6.1,0,1,0,2805.682948623086,0410002 ESCOLA MUNICIPAL ALBINO SOUZA CRUZ,33069093,4.4
0107005 ESCOLA MUNICIPAL JOAO DE CAMARGO,33066299,6.5,0,1,0,2808.838199223006,0410002 ESCOLA MUNICIPAL ALBINO SOUZA CRUZ,33069093,4.4
0410202 CIEP YURI GAGARIN,33068755,6.3,1,0,1,3079.4405746790862,0410002 ESCOLA MUNICIPAL ALBINO SOUZA CRUZ,33069093,4.4
0313031 ESCOLA MUNICIPAL NOSSA SENHORA DE POMPEIA,33073040,6.2,0,1,0,3252.8644681829774,0410002 ESCOLA MUNICIPAL ALBINO SOUZA CRUZ,33069093,4.4
0410009 ESCOLA MUNICIPAL DILERMANDO CRUZ,33069220,6.2,0,1,0,3258.782078504936,0410002 ESCOLA MUNICIPAL ALBINO SOUZA CRUZ,33069093,4.4
0312015 ESCOLA MUNICIPAL BARAO DE MACAHUBAS,33072558,6.0,0,1,0,3435.7883263030626,0410002 ESCOLA MUNICIPAL ALBINO SOUZA CRUZ,33069093,4.4
0107004 ESCOLA MUNICIPAL FLORIANO PEIXOTO,33066256,7.2,0,1,1,3498.6685173758437,0410002 ESCOLA MUNICIPAL ALBINO SOUZA CRUZ,33069093,4.4
0410015 ESCOLA MUNICIPAL CLOVIS BEVILAQUA,33069190,6.6,0,1,1,4025.8932286019926,0410002 ESCOLA MUNICIPAL ALBINO SOUZA CRUZ,33069093,4.4
