nome_escola,cod_inep,ideb,pessimo_pra_bom_bin,ruim_pra_bom_bin,melhora_com_final_bom_bin,distancia,escola_risco,cod_inep_risco,ideb_2017_risco
0410015 ESCOLA MUNICIPAL CLOVIS BEVILAQUA,33069190,6.6,0,1,1,913.1838730322534,0410023 ESCOLA MUNICIPAL LUIZ CESAR SAYAO GARCEZ,33069301,5.3
0410021 ESCOLA MUNICIPAL BRASIL,33069158,6.4,0,1,0,1566.8021948932924,0410023 ESCOLA MUNICIPAL LUIZ CESAR SAYAO GARCEZ,33069301,5.3
0411007 ESCOLA MUNICIPAL ARIOSTO ESPINHEIRA,33070423,6.4,0,1,0,1758.298993895053,0410023 ESCOLA MUNICIPAL LUIZ CESAR SAYAO GARCEZ,33069301,5.3
0410202 CIEP YURI GAGARIN,33068755,6.3,1,0,1,2263.814193061371,0410023 ESCOLA MUNICIPAL LUIZ CESAR SAYAO GARCEZ,33069301,5.3
0312027 ESCOLA MUNICIPAL PROFESSOR AFONSO VARZEA,33073139,6.1,0,1,0,2281.364729548991,0410023 ESCOLA MUNICIPAL LUIZ CESAR SAYAO GARCEZ,33069301,5.3
0410009 ESCOLA MUNICIPAL DILERMANDO CRUZ,33069220,6.2,0,1,0,2442.150380616249,0410023 ESCOLA MUNICIPAL LUIZ CESAR SAYAO GARCEZ,33069301,5.3
0411015 ESCOLA MUNICIPAL SUICA,33070881,6.7,1,0,1,2442.8402062837563,0410023 ESCOLA MUNICIPAL LUIZ CESAR SAYAO GARCEZ,33069301,5.3
0410004 ESCOLA MUNICIPAL PEDRO LESSA,33069379,6.2,0,1,0,2586.7941366798227,0410023 ESCOLA MUNICIPAL LUIZ CESAR SAYAO GARCEZ,33069301,5.3
0411023 ESCOLA MUNICIPAL MINISTRO PLINIO CASADO,33070717,6.1,0,1,0,2787.1406056091787,0410023 ESCOLA MUNICIPAL LUIZ CESAR SAYAO GARCEZ,33069301,5.3
0312025 ESCOLA MUNICIPAL PROFESSORA ARMINDA MOREIRA PADOVA,33073147,6.1,0,1,0,2927.6568932118917,0410023 ESCOLA MUNICIPAL LUIZ CESAR SAYAO GARCEZ,33069301,5.3
0312021 ESCOLA MUNICIPAL EURICO VILLELA,33072728,6.1,1,0,1,3041.6840050419746,0410023 ESCOLA MUNICIPAL LUIZ CESAR SAYAO GARCEZ,33069301,5.3
0312015 ESCOLA MUNICIPAL BARAO DE MACAHUBAS,33072558,6.0,0,1,0,3138.3827410815757,0410023 ESCOLA MUNICIPAL LUIZ CESAR SAYAO GARCEZ,33069301,5.3
0312005 ESCOLA MUNICIPAL D JOAO VI,33069212,6.6,1,0,1,3147.8752535572967,0410023 ESCOLA MUNICIPAL LUIZ CESAR SAYAO GARCEZ,33069301,5.3
0410001 ESCOLA MUNICIPAL EMA NEGRAO DE LIMA,33069247,6.1,0,1,0,4438.303106926678,0410023 ESCOLA MUNICIPAL LUIZ CESAR SAYAO GARCEZ,33069301,5.3
0313027 ESCOLA MUNICIPAL JEAN MERMOZ,33072841,7.3,0,1,1,4598.890974428417,0410023 ESCOLA MUNICIPAL LUIZ CESAR SAYAO GARCEZ,33069301,5.3
