nome_escola,cod_inep,ideb,pessimo_pra_bom_bin,ruim_pra_bom_bin,melhora_com_final_bom_bin,distancia,escola_risco,cod_inep_risco,ideb_2017_risco
0410015 ESCOLA MUNICIPAL CLOVIS BEVILAQUA,33069190,6.6,0,1,1,1685.946784046424,0410020 ESCOLA MUNICIPAL JORACY CAMARGO,33069280,4.9
0411007 ESCOLA MUNICIPAL ARIOSTO ESPINHEIRA,33070423,6.4,0,1,0,2012.1397426982069,0410020 ESCOLA MUNICIPAL JORACY CAMARGO,33069280,4.9
0411023 ESCOLA MUNICIPAL MINISTRO PLINIO CASADO,33070717,6.1,0,1,0,2192.1956354506574,0410020 ESCOLA MUNICIPAL JORACY CAMARGO,33069280,4.9
0410021 ESCOLA MUNICIPAL BRASIL,33069158,6.4,0,1,0,2289.2427754026435,0410020 ESCOLA MUNICIPAL JORACY CAMARGO,33069280,4.9
0411015 ESCOLA MUNICIPAL SUICA,33070881,6.7,1,0,1,2343.079542694247,0410020 ESCOLA MUNICIPAL JORACY CAMARGO,33069280,4.9
0312027 ESCOLA MUNICIPAL PROFESSOR AFONSO VARZEA,33073139,6.1,0,1,0,2425.1321558241866,0410020 ESCOLA MUNICIPAL JORACY CAMARGO,33069280,4.9
0312015 ESCOLA MUNICIPAL BARAO DE MACAHUBAS,33072558,6.0,0,1,0,2998.7012284447655,0410020 ESCOLA MUNICIPAL JORACY CAMARGO,33069280,4.9
0410202 CIEP YURI GAGARIN,33068755,6.3,1,0,1,3005.054351730744,0410020 ESCOLA MUNICIPAL JORACY CAMARGO,33069280,4.9
0312025 ESCOLA MUNICIPAL PROFESSORA ARMINDA MOREIRA PADOVA,33073147,6.1,0,1,0,3132.2051791759914,0410020 ESCOLA MUNICIPAL JORACY CAMARGO,33069280,4.9
0312021 ESCOLA MUNICIPAL EURICO VILLELA,33072728,6.1,1,0,1,3183.751705935499,0410020 ESCOLA MUNICIPAL JORACY CAMARGO,33069280,4.9
0410009 ESCOLA MUNICIPAL DILERMANDO CRUZ,33069220,6.2,0,1,0,3200.6047271617954,0410020 ESCOLA MUNICIPAL JORACY CAMARGO,33069280,4.9
0410004 ESCOLA MUNICIPAL PEDRO LESSA,33069379,6.2,0,1,0,3270.481330990812,0410020 ESCOLA MUNICIPAL JORACY CAMARGO,33069280,4.9
0312005 ESCOLA MUNICIPAL D JOAO VI,33069212,6.6,1,0,1,3529.661885905268,0410020 ESCOLA MUNICIPAL JORACY CAMARGO,33069280,4.9
0313027 ESCOLA MUNICIPAL JEAN MERMOZ,33072841,7.3,0,1,1,4692.579364677963,0410020 ESCOLA MUNICIPAL JORACY CAMARGO,33069280,4.9
0514012 ESCOLA MUNICIPAL J CARLOS,33074470,6.7,0,1,0,4752.747175964356,0410020 ESCOLA MUNICIPAL JORACY CAMARGO,33069280,4.9
