nome_escola,cod_inep,ideb,pessimo_pra_bom_bin,ruim_pra_bom_bin,melhora_com_final_bom_bin,distancia,escola_risco,cod_inep_risco,ideb_2017_risco
0411015 ESCOLA MUNICIPAL SUICA,33070881,6.7,1,0,1,437.3858780710038,0411017 ESCOLA MUNICIPAL MINISTRO AFRANIO COSTA,33070709,5.3
0411007 ESCOLA MUNICIPAL ARIOSTO ESPINHEIRA,33070423,6.4,0,1,0,1362.2581608640628,0411017 ESCOLA MUNICIPAL MINISTRO AFRANIO COSTA,33070709,5.3
0411023 ESCOLA MUNICIPAL MINISTRO PLINIO CASADO,33070717,6.1,0,1,0,2037.2487071730877,0411017 ESCOLA MUNICIPAL MINISTRO AFRANIO COSTA,33070709,5.3
0410021 ESCOLA MUNICIPAL BRASIL,33069158,6.4,0,1,0,2944.84609706564,0411017 ESCOLA MUNICIPAL MINISTRO AFRANIO COSTA,33070709,5.3
0410015 ESCOLA MUNICIPAL CLOVIS BEVILAQUA,33069190,6.6,0,1,1,3258.428336910893,0411017 ESCOLA MUNICIPAL MINISTRO AFRANIO COSTA,33070709,5.3
0514012 ESCOLA MUNICIPAL J CARLOS,33074470,6.7,0,1,0,4024.222255972217,0411017 ESCOLA MUNICIPAL MINISTRO AFRANIO COSTA,33070709,5.3
0410202 CIEP YURI GAGARIN,33068755,6.3,1,0,1,4500.895181688157,0411017 ESCOLA MUNICIPAL MINISTRO AFRANIO COSTA,33070709,5.3
0410009 ESCOLA MUNICIPAL DILERMANDO CRUZ,33069220,6.2,0,1,0,4511.945950889301,0411017 ESCOLA MUNICIPAL MINISTRO AFRANIO COSTA,33070709,5.3
1120025 ESCOLA MUNICIPAL ALBERTO DE OLIVEIRA,33085919,6.3,1,0,1,4818.2156074796185,0411017 ESCOLA MUNICIPAL MINISTRO AFRANIO COSTA,33070709,5.3
0410004 ESCOLA MUNICIPAL PEDRO LESSA,33069379,6.2,0,1,0,5029.048566213157,0411017 ESCOLA MUNICIPAL MINISTRO AFRANIO COSTA,33070709,5.3
0431023 ESCOLA MUNICIPAL PRESIDENTE GRONCHI,33070776,6.2,0,1,0,5045.051656747542,0411017 ESCOLA MUNICIPAL MINISTRO AFRANIO COSTA,33070709,5.3
0312027 ESCOLA MUNICIPAL PROFESSOR AFONSO VARZEA,33073139,6.1,0,1,0,5107.129025553358,0411017 ESCOLA MUNICIPAL MINISTRO AFRANIO COSTA,33070709,5.3
0514026 ESCOLA MUNICIPAL FRANCISCO SERTORIO PORTINHO,33074429,6.0,0,1,0,5425.052594143475,0411017 ESCOLA MUNICIPAL MINISTRO AFRANIO COSTA,33070709,5.3
0312025 ESCOLA MUNICIPAL PROFESSORA ARMINDA MOREIRA PADOVA,33073147,6.1,0,1,0,5775.487695659064,0411017 ESCOLA MUNICIPAL MINISTRO AFRANIO COSTA,33070709,5.3
0312015 ESCOLA MUNICIPAL BARAO DE MACAHUBAS,33072558,6.0,0,1,0,5778.44869206409,0411017 ESCOLA MUNICIPAL MINISTRO AFRANIO COSTA,33070709,5.3
