nome_escola,cod_inep,ideb,pessimo_pra_bom_bin,ruim_pra_bom_bin,melhora_com_final_bom_bin,distancia,escola_risco,cod_inep_risco,ideb_2017_risco
0411023 ESCOLA MUNICIPAL MINISTRO PLINIO CASADO,33070717,6.1,0,1,0,1788.4028504351961,0411004 ESCOLA MUNICIPAL LEONOR COELHO PEREIRA,33070660,5.4
0411007 ESCOLA MUNICIPAL ARIOSTO ESPINHEIRA,33070423,6.4,0,1,0,1969.2254220062105,0411004 ESCOLA MUNICIPAL LEONOR COELHO PEREIRA,33070660,5.4
0410015 ESCOLA MUNICIPAL CLOVIS BEVILAQUA,33069190,6.6,0,1,1,2016.551130850462,0411004 ESCOLA MUNICIPAL LEONOR COELHO PEREIRA,33070660,5.4
0411015 ESCOLA MUNICIPAL SUICA,33070881,6.7,1,0,1,2106.328548118498,0411004 ESCOLA MUNICIPAL LEONOR COELHO PEREIRA,33070660,5.4
0410021 ESCOLA MUNICIPAL BRASIL,33069158,6.4,0,1,0,2521.2634174794484,0411004 ESCOLA MUNICIPAL LEONOR COELHO PEREIRA,33070660,5.4
0312027 ESCOLA MUNICIPAL PROFESSOR AFONSO VARZEA,33073139,6.1,0,1,0,2788.365100347339,0411004 ESCOLA MUNICIPAL LEONOR COELHO PEREIRA,33070660,5.4
0312015 ESCOLA MUNICIPAL BARAO DE MACAHUBAS,33072558,6.0,0,1,0,3267.0190839242136,0411004 ESCOLA MUNICIPAL LEONOR COELHO PEREIRA,33070660,5.4
0410202 CIEP YURI GAGARIN,33068755,6.3,1,0,1,3370.1388740586112,0411004 ESCOLA MUNICIPAL LEONOR COELHO PEREIRA,33070660,5.4
0312025 ESCOLA MUNICIPAL PROFESSORA ARMINDA MOREIRA PADOVA,33073147,6.1,0,1,0,3501.0619069752056,0411004 ESCOLA MUNICIPAL LEONOR COELHO PEREIRA,33070660,5.4
0312021 ESCOLA MUNICIPAL EURICO VILLELA,33072728,6.1,1,0,1,3538.222798725202,0411004 ESCOLA MUNICIPAL LEONOR COELHO PEREIRA,33070660,5.4
0410009 ESCOLA MUNICIPAL DILERMANDO CRUZ,33069220,6.2,0,1,0,3551.684990028096,0411004 ESCOLA MUNICIPAL LEONOR COELHO PEREIRA,33070660,5.4
0410004 ESCOLA MUNICIPAL PEDRO LESSA,33069379,6.2,0,1,0,3659.390338110449,0411004 ESCOLA MUNICIPAL LEONOR COELHO PEREIRA,33070660,5.4
0312005 ESCOLA MUNICIPAL D JOAO VI,33069212,6.6,1,0,1,3925.3861836048522,0411004 ESCOLA MUNICIPAL LEONOR COELHO PEREIRA,33070660,5.4
0514012 ESCOLA MUNICIPAL J CARLOS,33074470,6.7,0,1,0,4351.071909900432,0411004 ESCOLA MUNICIPAL LEONOR COELHO PEREIRA,33070660,5.4
0515044 ESCOLA MUNICIPAL ESPIRITO SANTO,33076081,6.5,0,1,0,4885.775396921941,0411004 ESCOLA MUNICIPAL LEONOR COELHO PEREIRA,33070660,5.4
