nome_escola,cod_inep,ideb,pessimo_pra_bom_bin,ruim_pra_bom_bin,melhora_com_final_bom_bin,distancia,escola_risco,cod_inep_risco,ideb_2017_risco
0411023 ESCOLA MUNICIPAL MINISTRO PLINIO CASADO,33070717,6.1,0,1,0,1837.3667840043743,0411001 ESCOLA MUNICIPAL MONSENHOR ROCHA,33070725,5.2
0410015 ESCOLA MUNICIPAL CLOVIS BEVILAQUA,33069190,6.6,0,1,1,1988.684289986471,0411001 ESCOLA MUNICIPAL MONSENHOR ROCHA,33070725,5.2
0411007 ESCOLA MUNICIPAL ARIOSTO ESPINHEIRA,33070423,6.4,0,1,0,1992.1642985658843,0411001 ESCOLA MUNICIPAL MONSENHOR ROCHA,33070725,5.2
0411015 ESCOLA MUNICIPAL SUICA,33070881,6.7,1,0,1,2150.0120005258796,0411001 ESCOLA MUNICIPAL MONSENHOR ROCHA,33070725,5.2
0410021 ESCOLA MUNICIPAL BRASIL,33069158,6.4,0,1,0,2509.5225224429323,0411001 ESCOLA MUNICIPAL MONSENHOR ROCHA,33070725,5.2
0312027 ESCOLA MUNICIPAL PROFESSOR AFONSO VARZEA,33073139,6.1,0,1,0,2736.2875499023226,0411001 ESCOLA MUNICIPAL MONSENHOR ROCHA,33070725,5.2
0312015 ESCOLA MUNICIPAL BARAO DE MACAHUBAS,33072558,6.0,0,1,0,3218.3137501649403,0411001 ESCOLA MUNICIPAL MONSENHOR ROCHA,33070725,5.2
0410202 CIEP YURI GAGARIN,33068755,6.3,1,0,1,3336.4369913245323,0411001 ESCOLA MUNICIPAL MONSENHOR ROCHA,33070725,5.2
0312025 ESCOLA MUNICIPAL PROFESSORA ARMINDA MOREIRA PADOVA,33073147,6.1,0,1,0,3449.017889794636,0411001 ESCOLA MUNICIPAL MONSENHOR ROCHA,33070725,5.2
0312021 ESCOLA MUNICIPAL EURICO VILLELA,33072728,6.1,1,0,1,3486.174943163873,0411001 ESCOLA MUNICIPAL MONSENHOR ROCHA,33070725,5.2
0410009 ESCOLA MUNICIPAL DILERMANDO CRUZ,33069220,6.2,0,1,0,3520.918242707502,0411001 ESCOLA MUNICIPAL MONSENHOR ROCHA,33070725,5.2
0410004 ESCOLA MUNICIPAL PEDRO LESSA,33069379,6.2,0,1,0,3619.959288899098,0411001 ESCOLA MUNICIPAL MONSENHOR ROCHA,33070725,5.2
0312005 ESCOLA MUNICIPAL D JOAO VI,33069212,6.6,1,0,1,3874.7693247946004,0411001 ESCOLA MUNICIPAL MONSENHOR ROCHA,33070725,5.2
0514012 ESCOLA MUNICIPAL J CARLOS,33074470,6.7,0,1,0,4394.87204855866,0411001 ESCOLA MUNICIPAL MONSENHOR ROCHA,33070725,5.2
0515044 ESCOLA MUNICIPAL ESPIRITO SANTO,33076081,6.5,0,1,0,4865.6558558310435,0411001 ESCOLA MUNICIPAL MONSENHOR ROCHA,33070725,5.2
