nome_escola,cod_inep,ideb,pessimo_pra_bom_bin,ruim_pra_bom_bin,melhora_com_final_bom_bin,distancia,escola_risco,cod_inep_risco,ideb_2017_risco
0411023 ESCOLA MUNICIPAL MINISTRO PLINIO CASADO,33070717,6.1,0,1,0,610.5566884013798,0411011 ESCOLA MUNICIPAL PROFESSOR AUGUSTO MOTTA,33070792,5.2
0411015 ESCOLA MUNICIPAL SUICA,33070881,6.7,1,0,1,1300.217194167809,0411011 ESCOLA MUNICIPAL PROFESSOR AUGUSTO MOTTA,33070792,5.2
0411007 ESCOLA MUNICIPAL ARIOSTO ESPINHEIRA,33070423,6.4,0,1,0,1938.1214770278953,0411011 ESCOLA MUNICIPAL PROFESSOR AUGUSTO MOTTA,33070792,5.2
0410015 ESCOLA MUNICIPAL CLOVIS BEVILAQUA,33069190,6.6,0,1,1,3048.9693624652027,0411011 ESCOLA MUNICIPAL PROFESSOR AUGUSTO MOTTA,33070792,5.2
0410021 ESCOLA MUNICIPAL BRASIL,33069158,6.4,0,1,0,3212.9424700295813,0411011 ESCOLA MUNICIPAL PROFESSOR AUGUSTO MOTTA,33070792,5.2
0514012 ESCOLA MUNICIPAL J CARLOS,33074470,6.7,0,1,0,3218.9920608862117,0411011 ESCOLA MUNICIPAL PROFESSOR AUGUSTO MOTTA,33070792,5.2
0312027 ESCOLA MUNICIPAL PROFESSOR AFONSO VARZEA,33073139,6.1,0,1,0,4170.225256949111,0411011 ESCOLA MUNICIPAL PROFESSOR AUGUSTO MOTTA,33070792,5.2
0514026 ESCOLA MUNICIPAL FRANCISCO SERTORIO PORTINHO,33074429,6.0,0,1,0,4373.36537628523,0411011 ESCOLA MUNICIPAL PROFESSOR AUGUSTO MOTTA,33070792,5.2
0410202 CIEP YURI GAGARIN,33068755,6.3,1,0,1,4445.967045476223,0411011 ESCOLA MUNICIPAL PROFESSOR AUGUSTO MOTTA,33070792,5.2
0312015 ESCOLA MUNICIPAL BARAO DE MACAHUBAS,33072558,6.0,0,1,0,4564.326311107373,0411011 ESCOLA MUNICIPAL PROFESSOR AUGUSTO MOTTA,33070792,5.2
0410009 ESCOLA MUNICIPAL DILERMANDO CRUZ,33069220,6.2,0,1,0,4566.233760758987,0411011 ESCOLA MUNICIPAL PROFESSOR AUGUSTO MOTTA,33070792,5.2
0431023 ESCOLA MUNICIPAL PRESIDENTE GRONCHI,33070776,6.2,0,1,0,4593.505676709971,0411011 ESCOLA MUNICIPAL PROFESSOR AUGUSTO MOTTA,33070792,5.2
0410004 ESCOLA MUNICIPAL PEDRO LESSA,33069379,6.2,0,1,0,4835.937939339229,0411011 ESCOLA MUNICIPAL PROFESSOR AUGUSTO MOTTA,33070792,5.2
0312025 ESCOLA MUNICIPAL PROFESSORA ARMINDA MOREIRA PADOVA,33073147,6.1,0,1,0,4883.668425822674,0411011 ESCOLA MUNICIPAL PROFESSOR AUGUSTO MOTTA,33070792,5.2
0312021 ESCOLA MUNICIPAL EURICO VILLELA,33072728,6.1,1,0,1,4916.297091896182,0411011 ESCOLA MUNICIPAL PROFESSOR AUGUSTO MOTTA,33070792,5.2
