nome_escola,cod_inep,ideb,pessimo_pra_bom_bin,ruim_pra_bom_bin,melhora_com_final_bom_bin,distancia,escola_risco,cod_inep_risco,ideb_2017_risco
0411015 ESCOLA MUNICIPAL SUICA,33070881,6.7,1,0,1,1422.389644297302,0411049 ESCOLA MUNICIPAL CANTOR COMPOSITOR GONZAGUINHA,33070482,5.4
0411007 ESCOLA MUNICIPAL ARIOSTO ESPINHEIRA,33070423,6.4,0,1,0,1829.7904002182718,0411049 ESCOLA MUNICIPAL CANTOR COMPOSITOR GONZAGUINHA,33070482,5.4
0411023 ESCOLA MUNICIPAL MINISTRO PLINIO CASADO,33070717,6.1,0,1,0,3066.5103149109727,0411049 ESCOLA MUNICIPAL CANTOR COMPOSITOR GONZAGUINHA,33070482,5.4
0410021 ESCOLA MUNICIPAL BRASIL,33069158,6.4,0,1,0,3194.1279672538817,0411049 ESCOLA MUNICIPAL CANTOR COMPOSITOR GONZAGUINHA,33070482,5.4
0410015 ESCOLA MUNICIPAL CLOVIS BEVILAQUA,33069190,6.6,0,1,1,3746.3250566318225,0411049 ESCOLA MUNICIPAL CANTOR COMPOSITOR GONZAGUINHA,33070482,5.4
1120025 ESCOLA MUNICIPAL ALBERTO DE OLIVEIRA,33085919,6.3,1,0,1,3924.148364912446,0411049 ESCOLA MUNICIPAL CANTOR COMPOSITOR GONZAGUINHA,33070482,5.4
0410009 ESCOLA MUNICIPAL DILERMANDO CRUZ,33069220,6.2,0,1,0,4744.358833649446,0411049 ESCOLA MUNICIPAL CANTOR COMPOSITOR GONZAGUINHA,33070482,5.4
0514012 ESCOLA MUNICIPAL J CARLOS,33074470,6.7,0,1,0,4790.90552720222,0411049 ESCOLA MUNICIPAL CANTOR COMPOSITOR GONZAGUINHA,33070482,5.4
0410202 CIEP YURI GAGARIN,33068755,6.3,1,0,1,4800.18786968933,0411049 ESCOLA MUNICIPAL CANTOR COMPOSITOR GONZAGUINHA,33070482,5.4
0410004 ESCOLA MUNICIPAL PEDRO LESSA,33069379,6.2,0,1,0,5379.858370772468,0411049 ESCOLA MUNICIPAL CANTOR COMPOSITOR GONZAGUINHA,33070482,5.4
0431023 ESCOLA MUNICIPAL PRESIDENTE GRONCHI,33070776,6.2,0,1,0,5601.918682995865,0411049 ESCOLA MUNICIPAL CANTOR COMPOSITOR GONZAGUINHA,33070482,5.4
0312027 ESCOLA MUNICIPAL PROFESSOR AFONSO VARZEA,33073139,6.1,0,1,0,5843.199581200239,0411049 ESCOLA MUNICIPAL CANTOR COMPOSITOR GONZAGUINHA,33070482,5.4
0514026 ESCOLA MUNICIPAL FRANCISCO SERTORIO PORTINHO,33074429,6.0,0,1,0,6252.085273951968,0411049 ESCOLA MUNICIPAL CANTOR COMPOSITOR GONZAGUINHA,33070482,5.4
0312025 ESCOLA MUNICIPAL PROFESSORA ARMINDA MOREIRA PADOVA,33073147,6.1,0,1,0,6471.785151735368,0411049 ESCOLA MUNICIPAL CANTOR COMPOSITOR GONZAGUINHA,33070482,5.4
1120028 ESCOLA MUNICIPAL COMANDANTE GUILHERME FISCHER PRESSER,33086010,6.3,0,1,0,6506.15361181603,0411049 ESCOLA MUNICIPAL CANTOR COMPOSITOR GONZAGUINHA,33070482,5.4
