nome_escola,cod_inep,ideb,pessimo_pra_bom_bin,ruim_pra_bom_bin,melhora_com_final_bom_bin,distancia,escola_risco,cod_inep_risco,ideb_2017_risco
0411015 ESCOLA MUNICIPAL SUICA,33070881,6.7,1,0,1,1059.0882903675554,0411006 ESCOLA MUNICIPAL CONDE DE AGROLONGO,33070512,5.1
0411007 ESCOLA MUNICIPAL ARIOSTO ESPINHEIRA,33070423,6.4,0,1,0,1060.624614125544,0411006 ESCOLA MUNICIPAL CONDE DE AGROLONGO,33070512,5.1
0411023 ESCOLA MUNICIPAL MINISTRO PLINIO CASADO,33070717,6.1,0,1,0,1601.7397073296167,0411006 ESCOLA MUNICIPAL CONDE DE AGROLONGO,33070512,5.1
0410015 ESCOLA MUNICIPAL CLOVIS BEVILAQUA,33069190,6.6,0,1,1,2128.5579147865024,0411006 ESCOLA MUNICIPAL CONDE DE AGROLONGO,33070512,5.1
0410021 ESCOLA MUNICIPAL BRASIL,33069158,6.4,0,1,0,2219.8400897864567,0411006 ESCOLA MUNICIPAL CONDE DE AGROLONGO,33070512,5.1
0410202 CIEP YURI GAGARIN,33068755,6.3,1,0,1,3510.944283977146,0411006 ESCOLA MUNICIPAL CONDE DE AGROLONGO,33070512,5.1
0410009 ESCOLA MUNICIPAL DILERMANDO CRUZ,33069220,6.2,0,1,0,3609.458759733679,0411006 ESCOLA MUNICIPAL CONDE DE AGROLONGO,33070512,5.1
0312027 ESCOLA MUNICIPAL PROFESSOR AFONSO VARZEA,33073139,6.1,0,1,0,3647.0998447568986,0411006 ESCOLA MUNICIPAL CONDE DE AGROLONGO,33070512,5.1
0410004 ESCOLA MUNICIPAL PEDRO LESSA,33069379,6.2,0,1,0,3943.2029840738883,0411006 ESCOLA MUNICIPAL CONDE DE AGROLONGO,33070512,5.1
0514012 ESCOLA MUNICIPAL J CARLOS,33074470,6.7,0,1,0,4203.817554793461,0411006 ESCOLA MUNICIPAL CONDE DE AGROLONGO,33070512,5.1
0312015 ESCOLA MUNICIPAL BARAO DE MACAHUBAS,33072558,6.0,0,1,0,4282.59714688297,0411006 ESCOLA MUNICIPAL CONDE DE AGROLONGO,33070512,5.1
0312025 ESCOLA MUNICIPAL PROFESSORA ARMINDA MOREIRA PADOVA,33073147,6.1,0,1,0,4333.531661353504,0411006 ESCOLA MUNICIPAL CONDE DE AGROLONGO,33070512,5.1
0312021 ESCOLA MUNICIPAL EURICO VILLELA,33072728,6.1,1,0,1,4413.759251645774,0411006 ESCOLA MUNICIPAL CONDE DE AGROLONGO,33070512,5.1
0312005 ESCOLA MUNICIPAL D JOAO VI,33069212,6.6,1,0,1,4616.255468502231,0411006 ESCOLA MUNICIPAL CONDE DE AGROLONGO,33070512,5.1
0514026 ESCOLA MUNICIPAL FRANCISCO SERTORIO PORTINHO,33074429,6.0,0,1,0,5362.917948043012,0411006 ESCOLA MUNICIPAL CONDE DE AGROLONGO,33070512,5.1
