nome_escola,cod_inep,ideb,pessimo_pra_bom_bin,ruim_pra_bom_bin,melhora_com_final_bom_bin,distancia,escola_risco,cod_inep_risco,ideb_2017_risco
0411023 ESCOLA MUNICIPAL MINISTRO PLINIO CASADO,33070717,6.1,0,1,0,782.0390987911798,0411012 ESCOLA MUNICIPAL JOAO MARQUES DOS REIS,33070636,5.3
0514012 ESCOLA MUNICIPAL J CARLOS,33074470,6.7,0,1,0,2301.789295076691,0411012 ESCOLA MUNICIPAL JOAO MARQUES DOS REIS,33070636,5.3
0411015 ESCOLA MUNICIPAL SUICA,33070881,6.7,1,0,1,2557.973068964792,0411012 ESCOLA MUNICIPAL JOAO MARQUES DOS REIS,33070636,5.3
0514026 ESCOLA MUNICIPAL FRANCISCO SERTORIO PORTINHO,33074429,6.0,0,1,0,3188.461576900595,0411012 ESCOLA MUNICIPAL JOAO MARQUES DOS REIS,33070636,5.3
0411007 ESCOLA MUNICIPAL ARIOSTO ESPINHEIRA,33070423,6.4,0,1,0,3250.6317496585293,0411012 ESCOLA MUNICIPAL JOAO MARQUES DOS REIS,33070636,5.3
0431023 ESCOLA MUNICIPAL PRESIDENTE GRONCHI,33070776,6.2,0,1,0,3833.137745456756,0411012 ESCOLA MUNICIPAL JOAO MARQUES DOS REIS,33070636,5.3
0410015 ESCOLA MUNICIPAL CLOVIS BEVILAQUA,33069190,6.6,0,1,1,4074.6812587276895,0411012 ESCOLA MUNICIPAL JOAO MARQUES DOS REIS,33070636,5.3
0410021 ESCOLA MUNICIPAL BRASIL,33069158,6.4,0,1,0,4407.449894299405,0411012 ESCOLA MUNICIPAL JOAO MARQUES DOS REIS,33070636,5.3
0312027 ESCOLA MUNICIPAL PROFESSOR AFONSO VARZEA,33073139,6.1,0,1,0,4583.928570634995,0411012 ESCOLA MUNICIPAL JOAO MARQUES DOS REIS,33070636,5.3
0312015 ESCOLA MUNICIPAL BARAO DE MACAHUBAS,33072558,6.0,0,1,0,4630.813783670682,0411012 ESCOLA MUNICIPAL JOAO MARQUES DOS REIS,33070636,5.3
0515044 ESCOLA MUNICIPAL ESPIRITO SANTO,33076081,6.5,0,1,0,4660.726498797989,0411012 ESCOLA MUNICIPAL JOAO MARQUES DOS REIS,33070636,5.3
0312021 ESCOLA MUNICIPAL EURICO VILLELA,33072728,6.1,1,0,1,5255.675246842103,0411012 ESCOLA MUNICIPAL JOAO MARQUES DOS REIS,33070636,5.3
0312025 ESCOLA MUNICIPAL PROFESSORA ARMINDA MOREIRA PADOVA,33073147,6.1,0,1,0,5289.679836188396,0411012 ESCOLA MUNICIPAL JOAO MARQUES DOS REIS,33070636,5.3
0515049 ESCOLA MUNICIPAL CINCO DE JULHO,33076065,6.2,1,0,1,5348.390944099548,0411012 ESCOLA MUNICIPAL JOAO MARQUES DOS REIS,33070636,5.3
0410202 CIEP YURI GAGARIN,33068755,6.3,1,0,1,5453.617658338076,0411012 ESCOLA MUNICIPAL JOAO MARQUES DOS REIS,33070636,5.3
