nome_escola,cod_inep,ideb,pessimo_pra_bom_bin,ruim_pra_bom_bin,melhora_com_final_bom_bin,distancia,escola_risco,cod_inep_risco,ideb_2017_risco
0411007 ESCOLA MUNICIPAL ARIOSTO ESPINHEIRA,33070423,6.4,0,1,0,1357.9573887940744,0411202 CIEP GREGORIO BEZERRA,33069808,5.4
0411015 ESCOLA MUNICIPAL SUICA,33070881,6.7,1,0,1,1604.7953882894683,0411202 CIEP GREGORIO BEZERRA,33069808,5.4
0410015 ESCOLA MUNICIPAL CLOVIS BEVILAQUA,33069190,6.6,0,1,1,1788.642045955617,0411202 CIEP GREGORIO BEZERRA,33069808,5.4
0411023 ESCOLA MUNICIPAL MINISTRO PLINIO CASADO,33070717,6.1,0,1,0,1822.3750172662692,0411202 CIEP GREGORIO BEZERRA,33069808,5.4
0410021 ESCOLA MUNICIPAL BRASIL,33069158,6.4,0,1,0,2093.557025071367,0411202 CIEP GREGORIO BEZERRA,33069808,5.4
0312027 ESCOLA MUNICIPAL PROFESSOR AFONSO VARZEA,33073139,6.1,0,1,0,3105.1098952311795,0411202 CIEP GREGORIO BEZERRA,33069808,5.4
0410202 CIEP YURI GAGARIN,33068755,6.3,1,0,1,3186.2910591111176,0411202 CIEP GREGORIO BEZERRA,33069808,5.4
0410009 ESCOLA MUNICIPAL DILERMANDO CRUZ,33069220,6.2,0,1,0,3322.7371803946344,0411202 CIEP GREGORIO BEZERRA,33069808,5.4
0410004 ESCOLA MUNICIPAL PEDRO LESSA,33069379,6.2,0,1,0,3564.2547259667754,0411202 CIEP GREGORIO BEZERRA,33069808,5.4
0312015 ESCOLA MUNICIPAL BARAO DE MACAHUBAS,33072558,6.0,0,1,0,3740.109273782641,0411202 CIEP GREGORIO BEZERRA,33069808,5.4
0312025 ESCOLA MUNICIPAL PROFESSORA ARMINDA MOREIRA PADOVA,33073147,6.1,0,1,0,3796.545099915257,0411202 CIEP GREGORIO BEZERRA,33069808,5.4
0312021 ESCOLA MUNICIPAL EURICO VILLELA,33072728,6.1,1,0,1,3871.0558389836883,0411202 CIEP GREGORIO BEZERRA,33069808,5.4
0312005 ESCOLA MUNICIPAL D JOAO VI,33069212,6.6,1,0,1,4109.098821885031,0411202 CIEP GREGORIO BEZERRA,33069808,5.4
0514012 ESCOLA MUNICIPAL J CARLOS,33074470,6.7,0,1,0,4458.063422940731,0411202 CIEP GREGORIO BEZERRA,33069808,5.4
0313027 ESCOLA MUNICIPAL JEAN MERMOZ,33072841,7.3,0,1,1,5400.874624555042,0411202 CIEP GREGORIO BEZERRA,33069808,5.4
