nome_escola,cod_inep,ideb,pessimo_pra_bom_bin,ruim_pra_bom_bin,melhora_com_final_bom_bin,distancia,escola_risco,cod_inep_risco,ideb_2017_risco
0410015 ESCOLA MUNICIPAL CLOVIS BEVILAQUA,33069190,6.6,0,1,1,2028.8404296423553,0411502 CIEP DEPUTADO CARLOS BRANDAO MONTEIRO,33069816,3.9
0312027 ESCOLA MUNICIPAL PROFESSOR AFONSO VARZEA,33073139,6.1,0,1,0,2236.925113379155,0411502 CIEP DEPUTADO CARLOS BRANDAO MONTEIRO,33069816,3.9
0411023 ESCOLA MUNICIPAL MINISTRO PLINIO CASADO,33070717,6.1,0,1,0,2277.9325447771844,0411502 CIEP DEPUTADO CARLOS BRANDAO MONTEIRO,33069816,3.9
0411007 ESCOLA MUNICIPAL ARIOSTO ESPINHEIRA,33070423,6.4,0,1,0,2490.0020800197462,0411502 CIEP DEPUTADO CARLOS BRANDAO MONTEIRO,33069816,3.9
0312015 ESCOLA MUNICIPAL BARAO DE MACAHUBAS,33072558,6.0,0,1,0,2637.159265407087,0411502 CIEP DEPUTADO CARLOS BRANDAO MONTEIRO,33069816,3.9
0410021 ESCOLA MUNICIPAL BRASIL,33069158,6.4,0,1,0,2718.6424087013056,0411502 CIEP DEPUTADO CARLOS BRANDAO MONTEIRO,33069816,3.9
0411015 ESCOLA MUNICIPAL SUICA,33070881,6.7,1,0,1,2733.5095092890206,0411502 CIEP DEPUTADO CARLOS BRANDAO MONTEIRO,33069816,3.9
0312025 ESCOLA MUNICIPAL PROFESSORA ARMINDA MOREIRA PADOVA,33073147,6.1,0,1,0,2953.4586694386508,0411502 CIEP DEPUTADO CARLOS BRANDAO MONTEIRO,33069816,3.9
0312021 ESCOLA MUNICIPAL EURICO VILLELA,33072728,6.1,1,0,1,2966.427806415335,0411502 CIEP DEPUTADO CARLOS BRANDAO MONTEIRO,33069816,3.9
0410202 CIEP YURI GAGARIN,33068755,6.3,1,0,1,3257.8020347103657,0411502 CIEP DEPUTADO CARLOS BRANDAO MONTEIRO,33069816,3.9
0410004 ESCOLA MUNICIPAL PEDRO LESSA,33069379,6.2,0,1,0,3446.7374616358966,0411502 CIEP DEPUTADO CARLOS BRANDAO MONTEIRO,33069816,3.9
0312005 ESCOLA MUNICIPAL D JOAO VI,33069212,6.6,1,0,1,3454.0311742987324,0411502 CIEP DEPUTADO CARLOS BRANDAO MONTEIRO,33069816,3.9
0410009 ESCOLA MUNICIPAL DILERMANDO CRUZ,33069220,6.2,0,1,0,3481.60704388878,0411502 CIEP DEPUTADO CARLOS BRANDAO MONTEIRO,33069816,3.9
0313027 ESCOLA MUNICIPAL JEAN MERMOZ,33072841,7.3,0,1,1,4421.505032487742,0411502 CIEP DEPUTADO CARLOS BRANDAO MONTEIRO,33069816,3.9
0515044 ESCOLA MUNICIPAL ESPIRITO SANTO,33076081,6.5,0,1,0,4435.394069255887,0411502 CIEP DEPUTADO CARLOS BRANDAO MONTEIRO,33069816,3.9
