nome_escola,cod_inep,ideb,pessimo_pra_bom_bin,ruim_pra_bom_bin,melhora_com_final_bom_bin,distancia,escola_risco,cod_inep_risco,ideb_2017_risco
0410004 ESCOLA MUNICIPAL PEDRO LESSA,33069379,6.2,0,1,0,2098.1632722842915,0430201 CIEP MINISTRO GUSTAVO CAPANEMA,33068771,5.1
0410001 ESCOLA MUNICIPAL EMA NEGRAO DE LIMA,33069247,6.1,0,1,0,2138.1220611698677,0430201 CIEP MINISTRO GUSTAVO CAPANEMA,33068771,5.1
0410009 ESCOLA MUNICIPAL DILERMANDO CRUZ,33069220,6.2,0,1,0,2445.726746580072,0430201 CIEP MINISTRO GUSTAVO CAPANEMA,33068771,5.1
0410202 CIEP YURI GAGARIN,33068755,6.3,1,0,1,2491.8613740338606,0430201 CIEP MINISTRO GUSTAVO CAPANEMA,33068771,5.1
0107005 ESCOLA MUNICIPAL JOAO DE CAMARGO,33066299,6.5,0,1,0,2684.6229976281234,0430201 CIEP MINISTRO GUSTAVO CAPANEMA,33068771,5.1
0107501 ESCOLA MUNICIPAL EDMUNDO BITTENCOURT,33066248,6.3,0,1,1,2807.674518849092,0430201 CIEP MINISTRO GUSTAVO CAPANEMA,33068771,5.1
0312005 ESCOLA MUNICIPAL D JOAO VI,33069212,6.6,1,0,1,2846.0872648142013,0430201 CIEP MINISTRO GUSTAVO CAPANEMA,33068771,5.1
0107004 ESCOLA MUNICIPAL FLORIANO PEIXOTO,33066256,7.2,0,1,1,3615.8066333094016,0430201 CIEP MINISTRO GUSTAVO CAPANEMA,33068771,5.1
0312025 ESCOLA MUNICIPAL PROFESSORA ARMINDA MOREIRA PADOVA,33073147,6.1,0,1,0,3681.8795580095216,0430201 CIEP MINISTRO GUSTAVO CAPANEMA,33068771,5.1
0410015 ESCOLA MUNICIPAL CLOVIS BEVILAQUA,33069190,6.6,0,1,1,3873.8391529095848,0430201 CIEP MINISTRO GUSTAVO CAPANEMA,33068771,5.1
0312021 ESCOLA MUNICIPAL EURICO VILLELA,33072728,6.1,1,0,1,3930.592369370627,0430201 CIEP MINISTRO GUSTAVO CAPANEMA,33068771,5.1
0312027 ESCOLA MUNICIPAL PROFESSOR AFONSO VARZEA,33073139,6.1,0,1,0,4003.9013076216943,0430201 CIEP MINISTRO GUSTAVO CAPANEMA,33068771,5.1
0410021 ESCOLA MUNICIPAL BRASIL,33069158,6.4,0,1,0,4015.6386613941345,0430201 CIEP MINISTRO GUSTAVO CAPANEMA,33068771,5.1
0313027 ESCOLA MUNICIPAL JEAN MERMOZ,33072841,7.3,0,1,1,4484.2797453345665,0430201 CIEP MINISTRO GUSTAVO CAPANEMA,33068771,5.1
0312015 ESCOLA MUNICIPAL BARAO DE MACAHUBAS,33072558,6.0,0,1,0,5035.8704486879715,0430201 CIEP MINISTRO GUSTAVO CAPANEMA,33068771,5.1
