nome_escola,cod_inep,ideb,pessimo_pra_bom_bin,ruim_pra_bom_bin,melhora_com_final_bom_bin,distancia,escola_risco,cod_inep_risco,ideb_2017_risco
0410009 ESCOLA MUNICIPAL DILERMANDO CRUZ,33069220,6.2,0,1,0,1417.8974488449219,0430502 CIEP ELIS REGINA,33068739,5.1
0410004 ESCOLA MUNICIPAL PEDRO LESSA,33069379,6.2,0,1,0,1571.678903945307,0430502 CIEP ELIS REGINA,33068739,5.1
0410202 CIEP YURI GAGARIN,33068755,6.3,1,0,1,1610.3921372421394,0430502 CIEP ELIS REGINA,33068739,5.1
0410021 ESCOLA MUNICIPAL BRASIL,33069158,6.4,0,1,0,2858.2158144166083,0430502 CIEP ELIS REGINA,33068739,5.1
0410015 ESCOLA MUNICIPAL CLOVIS BEVILAQUA,33069190,6.6,0,1,1,2962.0477785985645,0430502 CIEP ELIS REGINA,33068739,5.1
0410001 ESCOLA MUNICIPAL EMA NEGRAO DE LIMA,33069247,6.1,0,1,0,3023.6993573297145,0430502 CIEP ELIS REGINA,33068739,5.1
0312005 ESCOLA MUNICIPAL D JOAO VI,33069212,6.6,1,0,1,3107.8109651894074,0430502 CIEP ELIS REGINA,33068739,5.1
0312025 ESCOLA MUNICIPAL PROFESSORA ARMINDA MOREIRA PADOVA,33073147,6.1,0,1,0,3820.7012622274624,0430502 CIEP ELIS REGINA,33068739,5.1
0312027 ESCOLA MUNICIPAL PROFESSOR AFONSO VARZEA,33073139,6.1,0,1,0,3894.8992120717335,0430502 CIEP ELIS REGINA,33068739,5.1
0107005 ESCOLA MUNICIPAL JOAO DE CAMARGO,33066299,6.5,0,1,0,4064.647653847435,0430502 CIEP ELIS REGINA,33068739,5.1
0312021 ESCOLA MUNICIPAL EURICO VILLELA,33072728,6.1,1,0,1,4088.1336142023897,0430502 CIEP ELIS REGINA,33068739,5.1
0107501 ESCOLA MUNICIPAL EDMUNDO BITTENCOURT,33066248,6.3,0,1,1,4193.952640051111,0430502 CIEP ELIS REGINA,33068739,5.1
0411007 ESCOLA MUNICIPAL ARIOSTO ESPINHEIRA,33070423,6.4,0,1,0,4441.150884031707,0430502 CIEP ELIS REGINA,33068739,5.1
0107004 ESCOLA MUNICIPAL FLORIANO PEIXOTO,33066256,7.2,0,1,1,4995.464461551061,0430502 CIEP ELIS REGINA,33068739,5.1
0313027 ESCOLA MUNICIPAL JEAN MERMOZ,33072841,7.3,0,1,1,5056.797480485138,0430502 CIEP ELIS REGINA,33068739,5.1
