nome_escola,cod_inep,ideb,pessimo_pra_bom_bin,ruim_pra_bom_bin,melhora_com_final_bom_bin,distancia,escola_risco,cod_inep_risco,ideb_2017_risco
0410001 ESCOLA MUNICIPAL EMA NEGRAO DE LIMA,33069247,6.1,0,1,0,1651.5669074676596,0430002 ESCOLA MUNICIPAL TEOTONIO VILELA,33069450,5.2
0107005 ESCOLA MUNICIPAL JOAO DE CAMARGO,33066299,6.5,0,1,0,1946.1407811994002,0430002 ESCOLA MUNICIPAL TEOTONIO VILELA,33069450,5.2
0107501 ESCOLA MUNICIPAL EDMUNDO BITTENCOURT,33066248,6.3,0,1,1,1996.4730314089545,0430002 ESCOLA MUNICIPAL TEOTONIO VILELA,33069450,5.2
0410004 ESCOLA MUNICIPAL PEDRO LESSA,33069379,6.2,0,1,0,2560.2435500180577,0430002 ESCOLA MUNICIPAL TEOTONIO VILELA,33069450,5.2
0312005 ESCOLA MUNICIPAL D JOAO VI,33069212,6.6,1,0,1,2743.1558768784835,0430002 ESCOLA MUNICIPAL TEOTONIO VILELA,33069450,5.2
0107004 ESCOLA MUNICIPAL FLORIANO PEIXOTO,33066256,7.2,0,1,1,2864.7612290635484,0430002 ESCOLA MUNICIPAL TEOTONIO VILELA,33069450,5.2
0410202 CIEP YURI GAGARIN,33068755,6.3,1,0,1,3064.7676448552647,0430002 ESCOLA MUNICIPAL TEOTONIO VILELA,33069450,5.2
0410009 ESCOLA MUNICIPAL DILERMANDO CRUZ,33069220,6.2,0,1,0,3085.949681770271,0430002 ESCOLA MUNICIPAL TEOTONIO VILELA,33069450,5.2
0312025 ESCOLA MUNICIPAL PROFESSORA ARMINDA MOREIRA PADOVA,33073147,6.1,0,1,0,3583.550134588198,0430002 ESCOLA MUNICIPAL TEOTONIO VILELA,33069450,5.2
0312021 ESCOLA MUNICIPAL EURICO VILLELA,33072728,6.1,1,0,1,3803.7274958970083,0430002 ESCOLA MUNICIPAL TEOTONIO VILELA,33069450,5.2
0312027 ESCOLA MUNICIPAL PROFESSOR AFONSO VARZEA,33073139,6.1,0,1,0,4039.9237737485937,0430002 ESCOLA MUNICIPAL TEOTONIO VILELA,33069450,5.2
0313027 ESCOLA MUNICIPAL JEAN MERMOZ,33072841,7.3,0,1,1,4057.582326677611,0430002 ESCOLA MUNICIPAL TEOTONIO VILELA,33069450,5.2
0410015 ESCOLA MUNICIPAL CLOVIS BEVILAQUA,33069190,6.6,0,1,1,4378.541382029768,0430002 ESCOLA MUNICIPAL TEOTONIO VILELA,33069450,5.2
0410021 ESCOLA MUNICIPAL BRASIL,33069158,6.4,0,1,0,4653.809902258394,0430002 ESCOLA MUNICIPAL TEOTONIO VILELA,33069450,5.2
0209001 ESCOLA MUNICIPAL BENEDITO OTTONI,33066990,7.1,0,1,1,4695.7470351878665,0430002 ESCOLA MUNICIPAL TEOTONIO VILELA,33069450,5.2
