nome_escola,cod_inep,ideb,pessimo_pra_bom_bin,ruim_pra_bom_bin,melhora_com_final_bom_bin,distancia,escola_risco,cod_inep_risco,ideb_2017_risco
0410004 ESCOLA MUNICIPAL PEDRO LESSA,33069379,6.2,0,1,0,1778.1657641899146,0430009 ESCOLA MUNICIPAL PROFESSOR PAULO FREIRE,33146071,5.4
0410009 ESCOLA MUNICIPAL DILERMANDO CRUZ,33069220,6.2,0,1,0,1996.9954568094993,0430009 ESCOLA MUNICIPAL PROFESSOR PAULO FREIRE,33146071,5.4
0410202 CIEP YURI GAGARIN,33068755,6.3,1,0,1,2082.886351516754,0430009 ESCOLA MUNICIPAL PROFESSOR PAULO FREIRE,33146071,5.4
0410001 ESCOLA MUNICIPAL EMA NEGRAO DE LIMA,33069247,6.1,0,1,0,2401.0882439955317,0430009 ESCOLA MUNICIPAL PROFESSOR PAULO FREIRE,33146071,5.4
0312005 ESCOLA MUNICIPAL D JOAO VI,33069212,6.6,1,0,1,2850.139220479029,0430009 ESCOLA MUNICIPAL PROFESSOR PAULO FREIRE,33146071,5.4
0107005 ESCOLA MUNICIPAL JOAO DE CAMARGO,33066299,6.5,0,1,0,3205.400201520424,0430009 ESCOLA MUNICIPAL PROFESSOR PAULO FREIRE,33146071,5.4
0107501 ESCOLA MUNICIPAL EDMUNDO BITTENCOURT,33066248,6.3,0,1,1,3328.6272427422573,0430009 ESCOLA MUNICIPAL PROFESSOR PAULO FREIRE,33146071,5.4
0410015 ESCOLA MUNICIPAL CLOVIS BEVILAQUA,33069190,6.6,0,1,1,3479.9578646244954,0430009 ESCOLA MUNICIPAL PROFESSOR PAULO FREIRE,33146071,5.4
0410021 ESCOLA MUNICIPAL BRASIL,33069158,6.4,0,1,0,3550.5831722944304,0430009 ESCOLA MUNICIPAL PROFESSOR PAULO FREIRE,33146071,5.4
0312025 ESCOLA MUNICIPAL PROFESSORA ARMINDA MOREIRA PADOVA,33073147,6.1,0,1,0,3654.0801183998897,0430009 ESCOLA MUNICIPAL PROFESSOR PAULO FREIRE,33146071,5.4
0312027 ESCOLA MUNICIPAL PROFESSOR AFONSO VARZEA,33073139,6.1,0,1,0,3886.2674669909748,0430009 ESCOLA MUNICIPAL PROFESSOR PAULO FREIRE,33146071,5.4
0312021 ESCOLA MUNICIPAL EURICO VILLELA,33072728,6.1,1,0,1,3913.9514498622366,0430009 ESCOLA MUNICIPAL PROFESSOR PAULO FREIRE,33146071,5.4
0107004 ESCOLA MUNICIPAL FLORIANO PEIXOTO,33066256,7.2,0,1,1,4136.613014207136,0430009 ESCOLA MUNICIPAL PROFESSOR PAULO FREIRE,33146071,5.4
0313027 ESCOLA MUNICIPAL JEAN MERMOZ,33072841,7.3,0,1,1,4641.527905449901,0430009 ESCOLA MUNICIPAL PROFESSOR PAULO FREIRE,33146071,5.4
0312015 ESCOLA MUNICIPAL BARAO DE MACAHUBAS,33072558,6.0,0,1,0,4986.755133479425,0430009 ESCOLA MUNICIPAL PROFESSOR PAULO FREIRE,33146071,5.4
