nome_escola,cod_inep,ideb,pessimo_pra_bom_bin,ruim_pra_bom_bin,melhora_com_final_bom_bin,distancia,escola_risco,cod_inep_risco,ideb_2017_risco
0410009 ESCOLA MUNICIPAL DILERMANDO CRUZ,33069220,6.2,0,1,0,1335.0690980899174,0430501 CIEP PRESIDENTE SAMORA MACHEL,33068801,4.3
0410004 ESCOLA MUNICIPAL PEDRO LESSA,33069379,6.2,0,1,0,1488.2647725501217,0430501 CIEP PRESIDENTE SAMORA MACHEL,33068801,4.3
0410202 CIEP YURI GAGARIN,33068755,6.3,1,0,1,1524.5901510678405,0430501 CIEP PRESIDENTE SAMORA MACHEL,33068801,4.3
0410021 ESCOLA MUNICIPAL BRASIL,33069158,6.4,0,1,0,2787.2980212175457,0430501 CIEP PRESIDENTE SAMORA MACHEL,33068801,4.3
0410015 ESCOLA MUNICIPAL CLOVIS BEVILAQUA,33069190,6.6,0,1,1,2879.218711151832,0430501 CIEP PRESIDENTE SAMORA MACHEL,33068801,4.3
0410001 ESCOLA MUNICIPAL EMA NEGRAO DE LIMA,33069247,6.1,0,1,0,2989.2924875300187,0430501 CIEP PRESIDENTE SAMORA MACHEL,33068801,4.3
0312005 ESCOLA MUNICIPAL D JOAO VI,33069212,6.6,1,0,1,3040.9584656192387,0430501 CIEP PRESIDENTE SAMORA MACHEL,33068801,4.3
0312025 ESCOLA MUNICIPAL PROFESSORA ARMINDA MOREIRA PADOVA,33073147,6.1,0,1,0,3747.060178619094,0430501 CIEP PRESIDENTE SAMORA MACHEL,33068801,4.3
0312027 ESCOLA MUNICIPAL PROFESSOR AFONSO VARZEA,33073139,6.1,0,1,0,3814.099223588404,0430501 CIEP PRESIDENTE SAMORA MACHEL,33068801,4.3
0312021 ESCOLA MUNICIPAL EURICO VILLELA,33072728,6.1,1,0,1,4014.534179391853,0430501 CIEP PRESIDENTE SAMORA MACHEL,33068801,4.3
0107005 ESCOLA MUNICIPAL JOAO DE CAMARGO,33066299,6.5,0,1,0,4094.778970168046,0430501 CIEP PRESIDENTE SAMORA MACHEL,33068801,4.3
0107501 ESCOLA MUNICIPAL EDMUNDO BITTENCOURT,33066248,6.3,0,1,1,4214.768099624511,0430501 CIEP PRESIDENTE SAMORA MACHEL,33068801,4.3
0411007 ESCOLA MUNICIPAL ARIOSTO ESPINHEIRA,33070423,6.4,0,1,0,4372.016758800139,0430501 CIEP PRESIDENTE SAMORA MACHEL,33068801,4.3
0313027 ESCOLA MUNICIPAL JEAN MERMOZ,33072841,7.3,0,1,1,4998.015900021159,0430501 CIEP PRESIDENTE SAMORA MACHEL,33068801,4.3
0312015 ESCOLA MUNICIPAL BARAO DE MACAHUBAS,33072558,6.0,0,1,0,4998.455492590963,0430501 CIEP PRESIDENTE SAMORA MACHEL,33068801,4.3
