nome_escola,cod_inep,ideb,pessimo_pra_bom_bin,ruim_pra_bom_bin,melhora_com_final_bom_bin,distancia,escola_risco,cod_inep_risco,ideb_2017_risco
0410009 ESCOLA MUNICIPAL DILERMANDO CRUZ,33069220,6.2,0,1,0,1306.4942032688305,0430206 CIEP HELIO SMIDT,33068747,4.8
0410202 CIEP YURI GAGARIN,33068755,6.3,1,0,1,1576.5661268095976,0430206 CIEP HELIO SMIDT,33068747,4.8
0410004 ESCOLA MUNICIPAL PEDRO LESSA,33069379,6.2,0,1,0,1754.1076355908617,0430206 CIEP HELIO SMIDT,33068747,4.8
0410021 ESCOLA MUNICIPAL BRASIL,33069158,6.4,0,1,0,2513.664094598377,0430206 CIEP HELIO SMIDT,33068747,4.8
0410015 ESCOLA MUNICIPAL CLOVIS BEVILAQUA,33069190,6.6,0,1,1,2784.6093132870724,0430206 CIEP HELIO SMIDT,33068747,4.8
0312005 ESCOLA MUNICIPAL D JOAO VI,33069212,6.6,1,0,1,3454.7653651858386,0430206 CIEP HELIO SMIDT,33068747,4.8
0410001 ESCOLA MUNICIPAL EMA NEGRAO DE LIMA,33069247,6.1,0,1,0,3537.492658510717,0430206 CIEP HELIO SMIDT,33068747,4.8
0411007 ESCOLA MUNICIPAL ARIOSTO ESPINHEIRA,33070423,6.4,0,1,0,4063.6774576956145,0430206 CIEP HELIO SMIDT,33068747,4.8
0312027 ESCOLA MUNICIPAL PROFESSOR AFONSO VARZEA,33073139,6.1,0,1,0,4076.4816256104787,0430206 CIEP HELIO SMIDT,33068747,4.8
0312025 ESCOLA MUNICIPAL PROFESSORA ARMINDA MOREIRA PADOVA,33073147,6.1,0,1,0,4098.918795323536,0430206 CIEP HELIO SMIDT,33068747,4.8
0312021 ESCOLA MUNICIPAL EURICO VILLELA,33072728,6.1,1,0,1,4364.887707440777,0430206 CIEP HELIO SMIDT,33068747,4.8
0107005 ESCOLA MUNICIPAL JOAO DE CAMARGO,33066299,6.5,0,1,0,4634.66969394027,0430206 CIEP HELIO SMIDT,33068747,4.8
0107501 ESCOLA MUNICIPAL EDMUNDO BITTENCOURT,33066248,6.3,0,1,1,4773.924494656176,0430206 CIEP HELIO SMIDT,33068747,4.8
1120025 ESCOLA MUNICIPAL ALBERTO DE OLIVEIRA,33085919,6.3,1,0,1,4907.7902775782895,0430206 CIEP HELIO SMIDT,33068747,4.8
0411015 ESCOLA MUNICIPAL SUICA,33070881,6.7,1,0,1,5166.456509694163,0430206 CIEP HELIO SMIDT,33068747,4.8
