nome_escola,cod_inep,ideb,pessimo_pra_bom_bin,ruim_pra_bom_bin,melhora_com_final_bom_bin,distancia,escola_risco,cod_inep_risco,ideb_2017_risco
0431023 ESCOLA MUNICIPAL PRESIDENTE GRONCHI,33070776,6.2,0,1,0,2029.937808274128,0431019 ESCOLA MUNICIPAL JORGE DE GOUVEA,33070644,4.5
0514012 ESCOLA MUNICIPAL J CARLOS,33074470,6.7,0,1,0,2510.5081296787257,0431019 ESCOLA MUNICIPAL JORGE DE GOUVEA,33070644,4.5
0514026 ESCOLA MUNICIPAL FRANCISCO SERTORIO PORTINHO,33074429,6.0,0,1,0,3739.023406753628,0431019 ESCOLA MUNICIPAL JORGE DE GOUVEA,33070644,4.5
0411023 ESCOLA MUNICIPAL MINISTRO PLINIO CASADO,33070717,6.1,0,1,0,3811.340377948296,0431019 ESCOLA MUNICIPAL JORGE DE GOUVEA,33070644,4.5
0411015 ESCOLA MUNICIPAL SUICA,33070881,6.7,1,0,1,4148.539713010988,0431019 ESCOLA MUNICIPAL JORGE DE GOUVEA,33070644,4.5
0411007 ESCOLA MUNICIPAL ARIOSTO ESPINHEIRA,33070423,6.4,0,1,0,5242.450203632591,0431019 ESCOLA MUNICIPAL JORGE DE GOUVEA,33070644,4.5
0625503 CIEP GLAUBER ROCHA,33086494,6.0,0,1,0,5342.266063107532,0431019 ESCOLA MUNICIPAL JORGE DE GOUVEA,33070644,4.5
0625022 ESCOLA MUNICIPAL MANUEL DE ABREU,33087180,6.1,0,1,0,5633.19622672376,0431019 ESCOLA MUNICIPAL JORGE DE GOUVEA,33070644,4.5
0625021 ESCOLA MUNICIPAL OCTAVIO TARQUINIO DE SOUZA,33087270,6.0,0,1,0,5683.854179842299,0431019 ESCOLA MUNICIPAL JORGE DE GOUVEA,33070644,4.5
0410021 ESCOLA MUNICIPAL BRASIL,33069158,6.4,0,1,0,6829.872341870489,0431019 ESCOLA MUNICIPAL JORGE DE GOUVEA,33070644,4.5
0410015 ESCOLA MUNICIPAL CLOVIS BEVILAQUA,33069190,6.6,0,1,1,6992.825911817224,0431019 ESCOLA MUNICIPAL JORGE DE GOUVEA,33070644,4.5
1120025 ESCOLA MUNICIPAL ALBERTO DE OLIVEIRA,33085919,6.3,1,0,1,7691.565746900775,0431019 ESCOLA MUNICIPAL JORGE DE GOUVEA,33070644,4.5
0515061 ESCOLA MUNICIPAL ASPIRANTE CARLOS ALFREDO,33075999,6.5,0,1,1,7903.754150951121,0431019 ESCOLA MUNICIPAL JORGE DE GOUVEA,33070644,4.5
0622021 ESCOLA MUNICIPAL ISAIAS ALVES,33087121,6.3,0,1,0,8067.1629357558795,0431019 ESCOLA MUNICIPAL JORGE DE GOUVEA,33070644,4.5
0312027 ESCOLA MUNICIPAL PROFESSOR AFONSO VARZEA,33073139,6.1,0,1,0,8306.799143657803,0431019 ESCOLA MUNICIPAL JORGE DE GOUVEA,33070644,4.5
