nome_escola,cod_inep,ideb,pessimo_pra_bom_bin,ruim_pra_bom_bin,melhora_com_final_bom_bin,distancia,escola_risco,cod_inep_risco,ideb_2017_risco
0431023 ESCOLA MUNICIPAL PRESIDENTE GRONCHI,33070776,6.2,0,1,0,2443.1691042507564,0431501 CIEP MESTRE CARTOLA AGENOR DE OLIVEIRA,33069824,5.2
0514012 ESCOLA MUNICIPAL J CARLOS,33074470,6.7,0,1,0,2475.0450454137217,0431501 CIEP MESTRE CARTOLA AGENOR DE OLIVEIRA,33069824,5.2
0411023 ESCOLA MUNICIPAL MINISTRO PLINIO CASADO,33070717,6.1,0,1,0,3253.9424090608686,0431501 CIEP MESTRE CARTOLA AGENOR DE OLIVEIRA,33069824,5.2
0411015 ESCOLA MUNICIPAL SUICA,33070881,6.7,1,0,1,3445.0899667606823,0431501 CIEP MESTRE CARTOLA AGENOR DE OLIVEIRA,33069824,5.2
0514026 ESCOLA MUNICIPAL FRANCISCO SERTORIO PORTINHO,33074429,6.0,0,1,0,3870.4179652441403,0431501 CIEP MESTRE CARTOLA AGENOR DE OLIVEIRA,33069824,5.2
0411007 ESCOLA MUNICIPAL ARIOSTO ESPINHEIRA,33070423,6.4,0,1,0,4534.47111368177,0431501 CIEP MESTRE CARTOLA AGENOR DE OLIVEIRA,33069824,5.2
0625503 CIEP GLAUBER ROCHA,33086494,6.0,0,1,0,5911.228921018375,0431501 CIEP MESTRE CARTOLA AGENOR DE OLIVEIRA,33069824,5.2
0410021 ESCOLA MUNICIPAL BRASIL,33069158,6.4,0,1,0,6122.86435444748,0431501 CIEP MESTRE CARTOLA AGENOR DE OLIVEIRA,33069824,5.2
0625021 ESCOLA MUNICIPAL OCTAVIO TARQUINIO DE SOUZA,33087270,6.0,0,1,0,6256.348661530373,0431501 CIEP MESTRE CARTOLA AGENOR DE OLIVEIRA,33069824,5.2
0625022 ESCOLA MUNICIPAL MANUEL DE ABREU,33087180,6.1,0,1,0,6259.5374071566075,0431501 CIEP MESTRE CARTOLA AGENOR DE OLIVEIRA,33069824,5.2
0410015 ESCOLA MUNICIPAL CLOVIS BEVILAQUA,33069190,6.6,0,1,1,6308.42847964467,0431501 CIEP MESTRE CARTOLA AGENOR DE OLIVEIRA,33069824,5.2
1120025 ESCOLA MUNICIPAL ALBERTO DE OLIVEIRA,33085919,6.3,1,0,1,7058.720595015781,0431501 CIEP MESTRE CARTOLA AGENOR DE OLIVEIRA,33069824,5.2
0410202 CIEP YURI GAGARIN,33068755,6.3,1,0,1,7634.027884626179,0431501 CIEP MESTRE CARTOLA AGENOR DE OLIVEIRA,33069824,5.2
0410009 ESCOLA MUNICIPAL DILERMANDO CRUZ,33069220,6.2,0,1,0,7673.3498666778005,0431501 CIEP MESTRE CARTOLA AGENOR DE OLIVEIRA,33069824,5.2
0312027 ESCOLA MUNICIPAL PROFESSOR AFONSO VARZEA,33073139,6.1,0,1,0,7702.570847215201,0431501 CIEP MESTRE CARTOLA AGENOR DE OLIVEIRA,33069824,5.2
