nome_escola,cod_inep,ideb,pessimo_pra_bom_bin,ruim_pra_bom_bin,melhora_com_final_bom_bin,distancia,escola_risco,cod_inep_risco,ideb_2017_risco
0411023 ESCOLA MUNICIPAL MINISTRO PLINIO CASADO,33070717,6.1,0,1,0,1390.6476281681107,0431009 ESCOLA MUNICIPAL RORAIMA,33070849,5.2
0411015 ESCOLA MUNICIPAL SUICA,33070881,6.7,1,0,1,1930.185360341776,0431009 ESCOLA MUNICIPAL RORAIMA,33070849,5.2
0514012 ESCOLA MUNICIPAL J CARLOS,33074470,6.7,0,1,0,2163.870866307937,0431009 ESCOLA MUNICIPAL RORAIMA,33070849,5.2
0411007 ESCOLA MUNICIPAL ARIOSTO ESPINHEIRA,33070423,6.4,0,1,0,3010.1994205142214,0431009 ESCOLA MUNICIPAL RORAIMA,33070849,5.2
0431023 ESCOLA MUNICIPAL PRESIDENTE GRONCHI,33070776,6.2,0,1,0,3200.6819925830646,0431009 ESCOLA MUNICIPAL RORAIMA,33070849,5.2
0514026 ESCOLA MUNICIPAL FRANCISCO SERTORIO PORTINHO,33074429,6.0,0,1,0,3615.7290809450205,0431009 ESCOLA MUNICIPAL RORAIMA,33070849,5.2
0410021 ESCOLA MUNICIPAL BRASIL,33069158,6.4,0,1,0,4545.186699189622,0431009 ESCOLA MUNICIPAL RORAIMA,33070849,5.2
0410015 ESCOLA MUNICIPAL CLOVIS BEVILAQUA,33069190,6.6,0,1,1,4580.481840900173,0431009 ESCOLA MUNICIPAL RORAIMA,33070849,5.2
0312027 ESCOLA MUNICIPAL PROFESSOR AFONSO VARZEA,33073139,6.1,0,1,0,5828.167610067059,0431009 ESCOLA MUNICIPAL RORAIMA,33070849,5.2
0410202 CIEP YURI GAGARIN,33068755,6.3,1,0,1,5952.858009451641,0431009 ESCOLA MUNICIPAL RORAIMA,33070849,5.2
0410009 ESCOLA MUNICIPAL DILERMANDO CRUZ,33069220,6.2,0,1,0,6031.342615256772,0431009 ESCOLA MUNICIPAL RORAIMA,33070849,5.2
0312015 ESCOLA MUNICIPAL BARAO DE MACAHUBAS,33072558,6.0,0,1,0,6148.684825061997,0431009 ESCOLA MUNICIPAL RORAIMA,33070849,5.2
0410004 ESCOLA MUNICIPAL PEDRO LESSA,33069379,6.2,0,1,0,6396.465262429387,0431009 ESCOLA MUNICIPAL RORAIMA,33070849,5.2
0515044 ESCOLA MUNICIPAL ESPIRITO SANTO,33076081,6.5,0,1,0,6486.615587322965,0431009 ESCOLA MUNICIPAL RORAIMA,33070849,5.2
0312025 ESCOLA MUNICIPAL PROFESSORA ARMINDA MOREIRA PADOVA,33073147,6.1,0,1,0,6542.985255490972,0431009 ESCOLA MUNICIPAL RORAIMA,33070849,5.2
