nome_escola,cod_inep,ideb,pessimo_pra_bom_bin,ruim_pra_bom_bin,melhora_com_final_bom_bin,distancia,escola_risco,cod_inep_risco,ideb_2017_risco
0431023 ESCOLA MUNICIPAL PRESIDENTE GRONCHI,33070776,6.2,0,1,0,1412.0145387161297,0431018 ESCOLA MUNICIPAL REPUBLICA DO LIBANO,33070830,4.9
0514012 ESCOLA MUNICIPAL J CARLOS,33074470,6.7,0,1,0,1504.8009593378993,0431018 ESCOLA MUNICIPAL REPUBLICA DO LIBANO,33070830,4.9
0514026 ESCOLA MUNICIPAL FRANCISCO SERTORIO PORTINHO,33074429,6.0,0,1,0,2797.1005249815707,0431018 ESCOLA MUNICIPAL REPUBLICA DO LIBANO,33070830,4.9
0411023 ESCOLA MUNICIPAL MINISTRO PLINIO CASADO,33070717,6.1,0,1,0,3137.995887646844,0431018 ESCOLA MUNICIPAL REPUBLICA DO LIBANO,33070830,4.9
0411015 ESCOLA MUNICIPAL SUICA,33070881,6.7,1,0,1,3875.9179490079227,0431018 ESCOLA MUNICIPAL REPUBLICA DO LIBANO,33070830,4.9
0625503 CIEP GLAUBER ROCHA,33086494,6.0,0,1,0,4962.750626344298,0431018 ESCOLA MUNICIPAL REPUBLICA DO LIBANO,33070830,4.9
0411007 ESCOLA MUNICIPAL ARIOSTO ESPINHEIRA,33070423,6.4,0,1,0,4974.599680245172,0431018 ESCOLA MUNICIPAL REPUBLICA DO LIBANO,33070830,4.9
0625021 ESCOLA MUNICIPAL OCTAVIO TARQUINIO DE SOUZA,33087270,6.0,0,1,0,5309.5654108829285,0431018 ESCOLA MUNICIPAL REPUBLICA DO LIBANO,33070830,4.9
0625022 ESCOLA MUNICIPAL MANUEL DE ABREU,33087180,6.1,0,1,0,5401.809762481739,0431018 ESCOLA MUNICIPAL REPUBLICA DO LIBANO,33070830,4.9
0410021 ESCOLA MUNICIPAL BRASIL,33069158,6.4,0,1,0,6529.82955462614,0431018 ESCOLA MUNICIPAL REPUBLICA DO LIBANO,33070830,4.9
0410015 ESCOLA MUNICIPAL CLOVIS BEVILAQUA,33069190,6.6,0,1,1,6566.490870150908,0431018 ESCOLA MUNICIPAL REPUBLICA DO LIBANO,33070830,4.9
0515061 ESCOLA MUNICIPAL ASPIRANTE CARLOS ALFREDO,33075999,6.5,0,1,1,6922.811433586512,0431018 ESCOLA MUNICIPAL REPUBLICA DO LIBANO,33070830,4.9
0622021 ESCOLA MUNICIPAL ISAIAS ALVES,33087121,6.3,0,1,0,7255.04607375323,0431018 ESCOLA MUNICIPAL REPUBLICA DO LIBANO,33070830,4.9
0515044 ESCOLA MUNICIPAL ESPIRITO SANTO,33076081,6.5,0,1,0,7364.669071546038,0431018 ESCOLA MUNICIPAL REPUBLICA DO LIBANO,33070830,4.9
0515018 ESCOLA MUNICIPAL VIRIATO CORREA,33076456,6.4,0,1,0,7572.285505881913,0431018 ESCOLA MUNICIPAL REPUBLICA DO LIBANO,33070830,4.9
