nome_escola,cod_inep,ideb,pessimo_pra_bom_bin,ruim_pra_bom_bin,melhora_com_final_bom_bin,distancia,escola_risco,cod_inep_risco,ideb_2017_risco
0514012 ESCOLA MUNICIPAL J CARLOS,33074470,6.7,0,1,0,908.5671496627195,0431006 ESCOLA MUNICIPAL SAO JOAO BATISTA,33070857,5.4
0411023 ESCOLA MUNICIPAL MINISTRO PLINIO CASADO,33070717,6.1,0,1,0,1772.3142029855933,0431006 ESCOLA MUNICIPAL SAO JOAO BATISTA,33070857,5.4
0431023 ESCOLA MUNICIPAL PRESIDENTE GRONCHI,33070776,6.2,0,1,0,2291.720968318078,0431006 ESCOLA MUNICIPAL SAO JOAO BATISTA,33070857,5.4
0514026 ESCOLA MUNICIPAL FRANCISCO SERTORIO PORTINHO,33074429,6.0,0,1,0,2297.129631604991,0431006 ESCOLA MUNICIPAL SAO JOAO BATISTA,33070857,5.4
0411015 ESCOLA MUNICIPAL SUICA,33070881,6.7,1,0,1,3097.8624915569158,0431006 ESCOLA MUNICIPAL SAO JOAO BATISTA,33070857,5.4
0411007 ESCOLA MUNICIPAL ARIOSTO ESPINHEIRA,33070423,6.4,0,1,0,4095.809801152847,0431006 ESCOLA MUNICIPAL SAO JOAO BATISTA,33070857,5.4
0410015 ESCOLA MUNICIPAL CLOVIS BEVILAQUA,33069190,6.6,0,1,1,5377.482985873705,0431006 ESCOLA MUNICIPAL SAO JOAO BATISTA,33070857,5.4
0410021 ESCOLA MUNICIPAL BRASIL,33069158,6.4,0,1,0,5520.716360431202,0431006 ESCOLA MUNICIPAL SAO JOAO BATISTA,33070857,5.4
0625503 CIEP GLAUBER ROCHA,33086494,6.0,0,1,0,5587.660179128174,0431006 ESCOLA MUNICIPAL SAO JOAO BATISTA,33070857,5.4
0515044 ESCOLA MUNICIPAL ESPIRITO SANTO,33076081,6.5,0,1,0,5821.495628847536,0431006 ESCOLA MUNICIPAL SAO JOAO BATISTA,33070857,5.4
0515061 ESCOLA MUNICIPAL ASPIRANTE CARLOS ALFREDO,33075999,6.5,0,1,1,5892.546065090643,0431006 ESCOLA MUNICIPAL SAO JOAO BATISTA,33070857,5.4
0625021 ESCOLA MUNICIPAL OCTAVIO TARQUINIO DE SOUZA,33087270,6.0,0,1,0,5921.217975129143,0431006 ESCOLA MUNICIPAL SAO JOAO BATISTA,33070857,5.4
0312027 ESCOLA MUNICIPAL PROFESSOR AFONSO VARZEA,33073139,6.1,0,1,0,6160.021078525788,0431006 ESCOLA MUNICIPAL SAO JOAO BATISTA,33070857,5.4
0625022 ESCOLA MUNICIPAL MANUEL DE ABREU,33087180,6.1,0,1,0,6216.015297276379,0431006 ESCOLA MUNICIPAL SAO JOAO BATISTA,33070857,5.4
0312015 ESCOLA MUNICIPAL BARAO DE MACAHUBAS,33072558,6.0,0,1,0,6221.777374872182,0431006 ESCOLA MUNICIPAL SAO JOAO BATISTA,33070857,5.4
