nome_escola,cod_inep,ideb,pessimo_pra_bom_bin,ruim_pra_bom_bin,melhora_com_final_bom_bin,distancia,escola_risco,cod_inep_risco,ideb_2017_risco
0514012 ESCOLA MUNICIPAL J CARLOS,33074470,6.7,0,1,0,1691.8651636363884,0431017 ESCOLA MUNICIPAL CARDEAL CAMARA,33070490,4.8
0431023 ESCOLA MUNICIPAL PRESIDENTE GRONCHI,33070776,6.2,0,1,0,2091.1786876928722,0431017 ESCOLA MUNICIPAL CARDEAL CAMARA,33070490,4.8
0411023 ESCOLA MUNICIPAL MINISTRO PLINIO CASADO,33070717,6.1,0,1,0,2585.35817252133,0431017 ESCOLA MUNICIPAL CARDEAL CAMARA,33070490,4.8
0514026 ESCOLA MUNICIPAL FRANCISCO SERTORIO PORTINHO,33074429,6.0,0,1,0,3155.8057165479086,0431017 ESCOLA MUNICIPAL CARDEAL CAMARA,33070490,4.8
0411015 ESCOLA MUNICIPAL SUICA,33070881,6.7,1,0,1,3167.2431431829727,0431017 ESCOLA MUNICIPAL CARDEAL CAMARA,33070490,4.8
0411007 ESCOLA MUNICIPAL ARIOSTO ESPINHEIRA,33070423,6.4,0,1,0,4268.363335743878,0431017 ESCOLA MUNICIPAL CARDEAL CAMARA,33070490,4.8
0625503 CIEP GLAUBER ROCHA,33086494,6.0,0,1,0,5653.354262626912,0431017 ESCOLA MUNICIPAL CARDEAL CAMARA,33070490,4.8
0410021 ESCOLA MUNICIPAL BRASIL,33069158,6.4,0,1,0,5832.153322400813,0431017 ESCOLA MUNICIPAL CARDEAL CAMARA,33070490,4.8
0410015 ESCOLA MUNICIPAL CLOVIS BEVILAQUA,33069190,6.6,0,1,1,5901.3326210846235,0431017 ESCOLA MUNICIPAL CARDEAL CAMARA,33070490,4.8
0625021 ESCOLA MUNICIPAL OCTAVIO TARQUINIO DE SOUZA,33087270,6.0,0,1,0,5999.919154439984,0431017 ESCOLA MUNICIPAL CARDEAL CAMARA,33070490,4.8
0625022 ESCOLA MUNICIPAL MANUEL DE ABREU,33087180,6.1,0,1,0,6113.388306598239,0431017 ESCOLA MUNICIPAL CARDEAL CAMARA,33070490,4.8
0312027 ESCOLA MUNICIPAL PROFESSOR AFONSO VARZEA,33073139,6.1,0,1,0,7094.663164625312,0431017 ESCOLA MUNICIPAL CARDEAL CAMARA,33070490,4.8
0515061 ESCOLA MUNICIPAL ASPIRANTE CARLOS ALFREDO,33075999,6.5,0,1,1,7125.707624721222,0431017 ESCOLA MUNICIPAL CARDEAL CAMARA,33070490,4.8
0515044 ESCOLA MUNICIPAL ESPIRITO SANTO,33076081,6.5,0,1,0,7197.662271219879,0431017 ESCOLA MUNICIPAL CARDEAL CAMARA,33070490,4.8
0410202 CIEP YURI GAGARIN,33068755,6.3,1,0,1,7268.540771653005,0431017 ESCOLA MUNICIPAL CARDEAL CAMARA,33070490,4.8
