nome_escola,cod_inep,ideb,pessimo_pra_bom_bin,ruim_pra_bom_bin,melhora_com_final_bom_bin,distancia,escola_risco,cod_inep_risco,ideb_2017_risco
0431023 ESCOLA MUNICIPAL PRESIDENTE GRONCHI,33070776,6.2,0,1,0,1007.9828383211898,0431022 ESCOLA MUNICIPAL ENEYDA RABELLO DE ANDRADE,33070563,5.2
0514012 ESCOLA MUNICIPAL J CARLOS,33074470,6.7,0,1,0,2170.1565410388903,0431022 ESCOLA MUNICIPAL ENEYDA RABELLO DE ANDRADE,33070563,5.2
0514026 ESCOLA MUNICIPAL FRANCISCO SERTORIO PORTINHO,33074429,6.0,0,1,0,2982.0502624226206,0431022 ESCOLA MUNICIPAL ENEYDA RABELLO DE ANDRADE,33070563,5.2
0625503 CIEP GLAUBER ROCHA,33086494,6.0,0,1,0,4136.08626524345,0431022 ESCOLA MUNICIPAL ENEYDA RABELLO DE ANDRADE,33070563,5.2
0411023 ESCOLA MUNICIPAL MINISTRO PLINIO CASADO,33070717,6.1,0,1,0,4254.138461170907,0431022 ESCOLA MUNICIPAL ENEYDA RABELLO DE ANDRADE,33070563,5.2
0625022 ESCOLA MUNICIPAL MANUEL DE ABREU,33087180,6.1,0,1,0,4451.9216497947855,0431022 ESCOLA MUNICIPAL ENEYDA RABELLO DE ANDRADE,33070563,5.2
0625021 ESCOLA MUNICIPAL OCTAVIO TARQUINIO DE SOUZA,33087270,6.0,0,1,0,4478.204456819664,0431022 ESCOLA MUNICIPAL ENEYDA RABELLO DE ANDRADE,33070563,5.2
0411015 ESCOLA MUNICIPAL SUICA,33070881,6.7,1,0,1,4992.175082060907,0431022 ESCOLA MUNICIPAL ENEYDA RABELLO DE ANDRADE,33070563,5.2
0411007 ESCOLA MUNICIPAL ARIOSTO ESPINHEIRA,33070423,6.4,0,1,0,6094.063515061639,0431022 ESCOLA MUNICIPAL ENEYDA RABELLO DE ANDRADE,33070563,5.2
0622021 ESCOLA MUNICIPAL ISAIAS ALVES,33087121,6.3,0,1,0,7015.375232023402,0431022 ESCOLA MUNICIPAL ENEYDA RABELLO DE ANDRADE,33070563,5.2
0515061 ESCOLA MUNICIPAL ASPIRANTE CARLOS ALFREDO,33075999,6.5,0,1,1,7173.136400761746,0431022 ESCOLA MUNICIPAL ENEYDA RABELLO DE ANDRADE,33070563,5.2
0410021 ESCOLA MUNICIPAL BRASIL,33069158,6.4,0,1,0,7658.296466011397,0431022 ESCOLA MUNICIPAL ENEYDA RABELLO DE ANDRADE,33070563,5.2
0410015 ESCOLA MUNICIPAL CLOVIS BEVILAQUA,33069190,6.6,0,1,1,7706.079238978502,0431022 ESCOLA MUNICIPAL ENEYDA RABELLO DE ANDRADE,33070563,5.2
0625016 ESCOLA MUNICIPAL MESTRE VALENTIM,33087229,6.2,0,1,0,7767.352728788858,0431022 ESCOLA MUNICIPAL ENEYDA RABELLO DE ANDRADE,33070563,5.2
0515018 ESCOLA MUNICIPAL VIRIATO CORREA,33076456,6.4,0,1,0,7780.961911179299,0431022 ESCOLA MUNICIPAL ENEYDA RABELLO DE ANDRADE,33070563,5.2
