nome_escola,cod_inep,ideb,pessimo_pra_bom_bin,ruim_pra_bom_bin,melhora_com_final_bom_bin,distancia,escola_risco,cod_inep_risco,ideb_2017_risco
0411023 ESCOLA MUNICIPAL MINISTRO PLINIO CASADO,33070717,6.1,0,1,0,1874.908411239713,0431011 ESCOLA MUNICIPAL RAUL PEDERNEIRAS,33070822,5.2
0411015 ESCOLA MUNICIPAL SUICA,33070881,6.7,1,0,1,1956.523870360088,0431011 ESCOLA MUNICIPAL RAUL PEDERNEIRAS,33070822,5.2
0514012 ESCOLA MUNICIPAL J CARLOS,33074470,6.7,0,1,0,2483.9159660249215,0431011 ESCOLA MUNICIPAL RAUL PEDERNEIRAS,33070822,5.2
0411007 ESCOLA MUNICIPAL ARIOSTO ESPINHEIRA,33070423,6.4,0,1,0,3059.113316585477,0431011 ESCOLA MUNICIPAL RAUL PEDERNEIRAS,33070822,5.2
0431023 ESCOLA MUNICIPAL PRESIDENTE GRONCHI,33070776,6.2,0,1,0,3288.3121268690757,0431011 ESCOLA MUNICIPAL RAUL PEDERNEIRAS,33070822,5.2
0514026 ESCOLA MUNICIPAL FRANCISCO SERTORIO PORTINHO,33074429,6.0,0,1,0,3977.08880532535,0431011 ESCOLA MUNICIPAL RAUL PEDERNEIRAS,33070822,5.2
0410021 ESCOLA MUNICIPAL BRASIL,33069158,6.4,0,1,0,4637.3763926262045,0431011 ESCOLA MUNICIPAL RAUL PEDERNEIRAS,33070822,5.2
0410015 ESCOLA MUNICIPAL CLOVIS BEVILAQUA,33069190,6.6,0,1,1,4776.373073269418,0431011 ESCOLA MUNICIPAL RAUL PEDERNEIRAS,33070822,5.2
0410202 CIEP YURI GAGARIN,33068755,6.3,1,0,1,6116.21863442451,0431011 ESCOLA MUNICIPAL RAUL PEDERNEIRAS,33070822,5.2
0410009 ESCOLA MUNICIPAL DILERMANDO CRUZ,33069220,6.2,0,1,0,6168.536184748602,0431011 ESCOLA MUNICIPAL RAUL PEDERNEIRAS,33070822,5.2
0312027 ESCOLA MUNICIPAL PROFESSOR AFONSO VARZEA,33073139,6.1,0,1,0,6196.258561553337,0431011 ESCOLA MUNICIPAL RAUL PEDERNEIRAS,33070822,5.2
1120025 ESCOLA MUNICIPAL ALBERTO DE OLIVEIRA,33085919,6.3,1,0,1,6243.529995031122,0431011 ESCOLA MUNICIPAL RAUL PEDERNEIRAS,33070822,5.2
0312015 ESCOLA MUNICIPAL BARAO DE MACAHUBAS,33072558,6.0,0,1,0,6586.835751687226,0431011 ESCOLA MUNICIPAL RAUL PEDERNEIRAS,33070822,5.2
0410004 ESCOLA MUNICIPAL PEDRO LESSA,33069379,6.2,0,1,0,6593.259237760182,0431011 ESCOLA MUNICIPAL RAUL PEDERNEIRAS,33070822,5.2
0625503 CIEP GLAUBER ROCHA,33086494,6.0,0,1,0,6842.619196386658,0431011 ESCOLA MUNICIPAL RAUL PEDERNEIRAS,33070822,5.2
