nome_escola,cod_inep,ideb,pessimo_pra_bom_bin,ruim_pra_bom_bin,melhora_com_final_bom_bin,distancia,escola_risco,cod_inep_risco,ideb_2017_risco
0514026 ESCOLA MUNICIPAL FRANCISCO SERTORIO PORTINHO,33074429,6.0,0,1,0,741.0790933444069,0514501 CIEP DOM OSCAR ROMERO,33073970,5.2
0514012 ESCOLA MUNICIPAL J CARLOS,33074470,6.7,0,1,0,2169.2609568257512,0514501 CIEP DOM OSCAR ROMERO,33073970,5.2
0431023 ESCOLA MUNICIPAL PRESIDENTE GRONCHI,33070776,6.2,0,1,0,2721.935301578851,0514501 CIEP DOM OSCAR ROMERO,33073970,5.2
0515061 ESCOLA MUNICIPAL ASPIRANTE CARLOS ALFREDO,33075999,6.5,0,1,1,3464.4478155210786,0514501 CIEP DOM OSCAR ROMERO,33073970,5.2
0625503 CIEP GLAUBER ROCHA,33086494,6.0,0,1,0,3895.4197507651247,0514501 CIEP DOM OSCAR ROMERO,33073970,5.2
0622021 ESCOLA MUNICIPAL ISAIAS ALVES,33087121,6.3,0,1,0,4002.920637165008,0514501 CIEP DOM OSCAR ROMERO,33073970,5.2
0515018 ESCOLA MUNICIPAL VIRIATO CORREA,33076456,6.4,0,1,0,4082.8337427817924,0514501 CIEP DOM OSCAR ROMERO,33073970,5.2
0411023 ESCOLA MUNICIPAL MINISTRO PLINIO CASADO,33070717,6.1,0,1,0,4132.144757501243,0514501 CIEP DOM OSCAR ROMERO,33073970,5.2
0625021 ESCOLA MUNICIPAL OCTAVIO TARQUINIO DE SOUZA,33087270,6.0,0,1,0,4147.55808986525,0514501 CIEP DOM OSCAR ROMERO,33073970,5.2
0515033 ESCOLA MUNICIPAL OSWALDO GOELDI,33087253,6.0,0,1,0,4674.517519272112,0514501 CIEP DOM OSCAR ROMERO,33073970,5.2
0625022 ESCOLA MUNICIPAL MANUEL DE ABREU,33087180,6.1,0,1,0,4751.151779142022,0514501 CIEP DOM OSCAR ROMERO,33073970,5.2
0515019 ESCOLA MUNICIPAL WALDEMIRO POTSCH,33076472,6.0,0,1,0,5049.102956928023,0514501 CIEP DOM OSCAR ROMERO,33073970,5.2
0515044 ESCOLA MUNICIPAL ESPIRITO SANTO,33076081,6.5,0,1,0,5063.465849192096,0514501 CIEP DOM OSCAR ROMERO,33073970,5.2
0515017 ESCOLA MUNICIPAL MARIA DAS DORES NEGRAO,33076235,6.6,0,1,0,5080.718296899033,0514501 CIEP DOM OSCAR ROMERO,33073970,5.2
0515503 CIEP METALURGICO BENEDITO CERQUEIRA,33075077,6.0,1,0,1,5104.252199006641,0514501 CIEP DOM OSCAR ROMERO,33073970,5.2
