nome_escola,cod_inep,ideb,pessimo_pra_bom_bin,ruim_pra_bom_bin,melhora_com_final_bom_bin,distancia,escola_risco,cod_inep_risco,ideb_2017_risco
0515044 ESCOLA MUNICIPAL ESPIRITO SANTO,33076081,6.5,0,1,0,2158.3125717503954,0514004 ESCOLA MUNICIPAL SERGIPE,33074747,5.3
0515049 ESCOLA MUNICIPAL CINCO DE JULHO,33076065,6.2,1,0,1,2696.1670538693943,0514004 ESCOLA MUNICIPAL SERGIPE,33074747,5.3
0515503 CIEP METALURGICO BENEDITO CERQUEIRA,33075077,6.0,1,0,1,2837.4646162057097,0514004 ESCOLA MUNICIPAL SERGIPE,33074747,5.3
0411023 ESCOLA MUNICIPAL MINISTRO PLINIO CASADO,33070717,6.1,0,1,0,3396.829452586895,0514004 ESCOLA MUNICIPAL SERGIPE,33074747,5.3
0515053 ESCOLA MUNICIPAL SENADOR FRANCISCO GALLOTTI,33076448,6.4,0,1,1,3453.5776927260636,0514004 ESCOLA MUNICIPAL SERGIPE,33074747,5.3
0515061 ESCOLA MUNICIPAL ASPIRANTE CARLOS ALFREDO,33075999,6.5,0,1,1,3491.503095470399,0514004 ESCOLA MUNICIPAL SERGIPE,33074747,5.3
0514026 ESCOLA MUNICIPAL FRANCISCO SERTORIO PORTINHO,33074429,6.0,0,1,0,3531.0229350495783,0514004 ESCOLA MUNICIPAL SERGIPE,33074747,5.3
0514012 ESCOLA MUNICIPAL J CARLOS,33074470,6.7,0,1,0,3803.503970323832,0514004 ESCOLA MUNICIPAL SERGIPE,33074747,5.3
0515502 CIEP PROFESSOR MANOEL MAURICIO DE ALBUQUERQUE,33075069,6.1,1,0,1,3938.056484393494,0514004 ESCOLA MUNICIPAL SERGIPE,33074747,5.3
0312015 ESCOLA MUNICIPAL BARAO DE MACAHUBAS,33072558,6.0,0,1,0,3962.628369183088,0514004 ESCOLA MUNICIPAL SERGIPE,33074747,5.3
0515037 ESCOLA MUNICIPAL HAITI,33076162,6.2,0,1,0,4037.0542395490234,0514004 ESCOLA MUNICIPAL SERGIPE,33074747,5.3
0515054 ESCOLA MUNICIPAL CARDEAL ARCOVERDE,33076049,6.3,0,1,1,4076.9442863607637,0514004 ESCOLA MUNICIPAL SERGIPE,33074747,5.3
0515018 ESCOLA MUNICIPAL VIRIATO CORREA,33076456,6.4,0,1,0,4116.644665787207,0514004 ESCOLA MUNICIPAL SERGIPE,33074747,5.3
0312027 ESCOLA MUNICIPAL PROFESSOR AFONSO VARZEA,33073139,6.1,0,1,0,4620.286998072072,0514004 ESCOLA MUNICIPAL SERGIPE,33074747,5.3
0515041 ESCOLA MUNICIPAL OSWALDO TEIXEIRA,33076278,6.2,0,1,0,4717.488786073349,0514004 ESCOLA MUNICIPAL SERGIPE,33074747,5.3
