nome_escola,cod_inep,ideb,pessimo_pra_bom_bin,ruim_pra_bom_bin,melhora_com_final_bom_bin,distancia,escola_risco,cod_inep_risco,ideb_2017_risco
0515061 ESCOLA MUNICIPAL ASPIRANTE CARLOS ALFREDO,33075999,6.5,0,1,1,1901.7041158840811,0514019 ESCOLA MUNICIPAL ROSA BETTIATO ZATTERA,33074720,5.0
0515018 ESCOLA MUNICIPAL VIRIATO CORREA,33076456,6.4,0,1,0,2589.264688057555,0514019 ESCOLA MUNICIPAL ROSA BETTIATO ZATTERA,33074720,5.0
0514026 ESCOLA MUNICIPAL FRANCISCO SERTORIO PORTINHO,33074429,6.0,0,1,0,2630.6780469815753,0514019 ESCOLA MUNICIPAL ROSA BETTIATO ZATTERA,33074720,5.0
0515503 CIEP METALURGICO BENEDITO CERQUEIRA,33075077,6.0,1,0,1,3135.2775640037335,0514019 ESCOLA MUNICIPAL ROSA BETTIATO ZATTERA,33074720,5.0
0515049 ESCOLA MUNICIPAL CINCO DE JULHO,33076065,6.2,1,0,1,3177.0853794293284,0514019 ESCOLA MUNICIPAL ROSA BETTIATO ZATTERA,33074720,5.0
0515054 ESCOLA MUNICIPAL CARDEAL ARCOVERDE,33076049,6.3,0,1,1,3272.4307439331265,0514019 ESCOLA MUNICIPAL ROSA BETTIATO ZATTERA,33074720,5.0
0515044 ESCOLA MUNICIPAL ESPIRITO SANTO,33076081,6.5,0,1,0,3275.68901512281,0514019 ESCOLA MUNICIPAL ROSA BETTIATO ZATTERA,33074720,5.0
0515019 ESCOLA MUNICIPAL WALDEMIRO POTSCH,33076472,6.0,0,1,0,3536.920598563321,0514019 ESCOLA MUNICIPAL ROSA BETTIATO ZATTERA,33074720,5.0
0515017 ESCOLA MUNICIPAL MARIA DAS DORES NEGRAO,33076235,6.6,0,1,0,3578.2864227617188,0514019 ESCOLA MUNICIPAL ROSA BETTIATO ZATTERA,33074720,5.0
0514012 ESCOLA MUNICIPAL J CARLOS,33074470,6.7,0,1,0,3669.840089821438,0514019 ESCOLA MUNICIPAL ROSA BETTIATO ZATTERA,33074720,5.0
0622021 ESCOLA MUNICIPAL ISAIAS ALVES,33087121,6.3,0,1,0,3945.8297817590924,0514019 ESCOLA MUNICIPAL ROSA BETTIATO ZATTERA,33074720,5.0
0515053 ESCOLA MUNICIPAL SENADOR FRANCISCO GALLOTTI,33076448,6.4,0,1,1,4006.490826741929,0514019 ESCOLA MUNICIPAL ROSA BETTIATO ZATTERA,33074720,5.0
0515502 CIEP PROFESSOR MANOEL MAURICIO DE ALBUQUERQUE,33075069,6.1,1,0,1,4163.693815365314,0514019 ESCOLA MUNICIPAL ROSA BETTIATO ZATTERA,33074720,5.0
0515033 ESCOLA MUNICIPAL OSWALDO GOELDI,33087253,6.0,0,1,0,4345.7219366190975,0514019 ESCOLA MUNICIPAL ROSA BETTIATO ZATTERA,33074720,5.0
0411023 ESCOLA MUNICIPAL MINISTRO PLINIO CASADO,33070717,6.1,0,1,0,4577.215392742858,0514019 ESCOLA MUNICIPAL ROSA BETTIATO ZATTERA,33074720,5.0
