nome_escola,cod_inep,ideb,pessimo_pra_bom_bin,ruim_pra_bom_bin,melhora_com_final_bom_bin,distancia,escola_risco,cod_inep_risco,ideb_2017_risco
0515044 ESCOLA MUNICIPAL ESPIRITO SANTO,33076081,6.5,0,1,0,2104.2025217675723,0514005 ESCOLA MUNICIPAL BOLIVIA,33074356,5.0
0515049 ESCOLA MUNICIPAL CINCO DE JULHO,33076065,6.2,1,0,1,2537.790931380571,0514005 ESCOLA MUNICIPAL BOLIVIA,33074356,5.0
0515503 CIEP METALURGICO BENEDITO CERQUEIRA,33075077,6.0,1,0,1,2655.89877067856,0514005 ESCOLA MUNICIPAL BOLIVIA,33074356,5.0
0515061 ESCOLA MUNICIPAL ASPIRANTE CARLOS ALFREDO,33075999,6.5,0,1,1,3188.7432051293345,0514005 ESCOLA MUNICIPAL BOLIVIA,33074356,5.0
0515053 ESCOLA MUNICIPAL SENADOR FRANCISCO GALLOTTI,33076448,6.4,0,1,1,3324.4660890112796,0514005 ESCOLA MUNICIPAL BOLIVIA,33074356,5.0
0514026 ESCOLA MUNICIPAL FRANCISCO SERTORIO PORTINHO,33074429,6.0,0,1,0,3467.1801249191126,0514005 ESCOLA MUNICIPAL BOLIVIA,33074356,5.0
0411023 ESCOLA MUNICIPAL MINISTRO PLINIO CASADO,33070717,6.1,0,1,0,3637.8436954356944,0514005 ESCOLA MUNICIPAL BOLIVIA,33074356,5.0
0515502 CIEP PROFESSOR MANOEL MAURICIO DE ALBUQUERQUE,33075069,6.1,1,0,1,3768.3161484183197,0514005 ESCOLA MUNICIPAL BOLIVIA,33074356,5.0
0515054 ESCOLA MUNICIPAL CARDEAL ARCOVERDE,33076049,6.3,0,1,1,3803.7481974123134,0514005 ESCOLA MUNICIPAL BOLIVIA,33074356,5.0
0515018 ESCOLA MUNICIPAL VIRIATO CORREA,33076456,6.4,0,1,0,3813.9627447109683,0514005 ESCOLA MUNICIPAL BOLIVIA,33074356,5.0
0514012 ESCOLA MUNICIPAL J CARLOS,33074470,6.7,0,1,0,3860.9522986001302,0514005 ESCOLA MUNICIPAL BOLIVIA,33074356,5.0
0515037 ESCOLA MUNICIPAL HAITI,33076162,6.2,0,1,0,3928.7581182519716,0514005 ESCOLA MUNICIPAL BOLIVIA,33074356,5.0
0312015 ESCOLA MUNICIPAL BARAO DE MACAHUBAS,33072558,6.0,0,1,0,4194.29764453866,0514005 ESCOLA MUNICIPAL BOLIVIA,33074356,5.0
0515041 ESCOLA MUNICIPAL OSWALDO TEIXEIRA,33076278,6.2,0,1,0,4612.187901960642,0514005 ESCOLA MUNICIPAL BOLIVIA,33074356,5.0
0515019 ESCOLA MUNICIPAL WALDEMIRO POTSCH,33076472,6.0,0,1,0,4617.395385067569,0514005 ESCOLA MUNICIPAL BOLIVIA,33074356,5.0
