nome_escola,cod_inep,ideb,pessimo_pra_bom_bin,ruim_pra_bom_bin,melhora_com_final_bom_bin,distancia,escola_risco,cod_inep_risco,ideb_2017_risco
0514026 ESCOLA MUNICIPAL FRANCISCO SERTORIO PORTINHO,33074429,6.0,0,1,0,1121.2051666144137,0514030 ESCOLA MUNICIPAL OLIMPIA DO COUTO,33074623,4.8
0431023 ESCOLA MUNICIPAL PRESIDENTE GRONCHI,33070776,6.2,0,1,0,1789.1625711159315,0514030 ESCOLA MUNICIPAL OLIMPIA DO COUTO,33074623,4.8
0514012 ESCOLA MUNICIPAL J CARLOS,33074470,6.7,0,1,0,2193.4034494615744,0514030 ESCOLA MUNICIPAL OLIMPIA DO COUTO,33074623,4.8
0625503 CIEP GLAUBER ROCHA,33086494,6.0,0,1,0,2668.8349468616366,0514030 ESCOLA MUNICIPAL OLIMPIA DO COUTO,33074623,4.8
0625021 ESCOLA MUNICIPAL OCTAVIO TARQUINIO DE SOUZA,33087270,6.0,0,1,0,2969.552393951647,0514030 ESCOLA MUNICIPAL OLIMPIA DO COUTO,33074623,4.8
0625022 ESCOLA MUNICIPAL MANUEL DE ABREU,33087180,6.1,0,1,0,3455.064460351127,0514030 ESCOLA MUNICIPAL OLIMPIA DO COUTO,33074623,4.8
0622021 ESCOLA MUNICIPAL ISAIAS ALVES,33087121,6.3,0,1,0,4265.317797621136,0514030 ESCOLA MUNICIPAL OLIMPIA DO COUTO,33074623,4.8
0515061 ESCOLA MUNICIPAL ASPIRANTE CARLOS ALFREDO,33075999,6.5,0,1,1,4635.453188698503,0514030 ESCOLA MUNICIPAL OLIMPIA DO COUTO,33074623,4.8
0411023 ESCOLA MUNICIPAL MINISTRO PLINIO CASADO,33070717,6.1,0,1,0,4731.821944572617,0514030 ESCOLA MUNICIPAL OLIMPIA DO COUTO,33074623,4.8
0515033 ESCOLA MUNICIPAL OSWALDO GOELDI,33087253,6.0,0,1,0,5039.096503767245,0514030 ESCOLA MUNICIPAL OLIMPIA DO COUTO,33074623,4.8
0515018 ESCOLA MUNICIPAL VIRIATO CORREA,33076456,6.4,0,1,0,5179.039469973159,0514030 ESCOLA MUNICIPAL OLIMPIA DO COUTO,33074623,4.8
0625016 ESCOLA MUNICIPAL MESTRE VALENTIM,33087229,6.2,0,1,0,5789.075422429596,0514030 ESCOLA MUNICIPAL OLIMPIA DO COUTO,33074623,4.8
0515034 ESCOLA MUNICIPAL EM 0515034 BARAO DE ITARARE,33076022,6.2,0,1,0,5980.163443392202,0514030 ESCOLA MUNICIPAL OLIMPIA DO COUTO,33074623,4.8
0515019 ESCOLA MUNICIPAL WALDEMIRO POTSCH,33076472,6.0,0,1,0,6105.814415592268,0514030 ESCOLA MUNICIPAL OLIMPIA DO COUTO,33074623,4.8
0515017 ESCOLA MUNICIPAL MARIA DAS DORES NEGRAO,33076235,6.6,0,1,0,6130.409056748995,0514030 ESCOLA MUNICIPAL OLIMPIA DO COUTO,33074623,4.8
