nome_escola,cod_inep,ideb,pessimo_pra_bom_bin,ruim_pra_bom_bin,melhora_com_final_bom_bin,distancia,escola_risco,cod_inep_risco,ideb_2017_risco
0515019 ESCOLA MUNICIPAL WALDEMIRO POTSCH,33076472,6.0,0,1,0,1056.7002390733444,0515022 ESCOLA MUNICIPAL JOSE EMYGDIO DE OLIVEIRA,33076200,5.4
0515017 ESCOLA MUNICIPAL MARIA DAS DORES NEGRAO,33076235,6.6,0,1,0,1064.2570118116155,0515022 ESCOLA MUNICIPAL JOSE EMYGDIO DE OLIVEIRA,33076200,5.4
0515054 ESCOLA MUNICIPAL CARDEAL ARCOVERDE,33076049,6.3,0,1,1,1066.8404094139883,0515022 ESCOLA MUNICIPAL JOSE EMYGDIO DE OLIVEIRA,33076200,5.4
0515018 ESCOLA MUNICIPAL VIRIATO CORREA,33076456,6.4,0,1,0,1809.2390002622617,0515022 ESCOLA MUNICIPAL JOSE EMYGDIO DE OLIVEIRA,33076200,5.4
0716502 CIEP ALMIR BONFIM DE ANDRADE,33076880,6.3,0,1,1,2346.943718952328,0515022 ESCOLA MUNICIPAL JOSE EMYGDIO DE OLIVEIRA,33076200,5.4
0515061 ESCOLA MUNICIPAL ASPIRANTE CARLOS ALFREDO,33075999,6.5,0,1,1,2351.7683352870245,0515022 ESCOLA MUNICIPAL JOSE EMYGDIO DE OLIVEIRA,33076200,5.4
0515502 CIEP PROFESSOR MANOEL MAURICIO DE ALBUQUERQUE,33075069,6.1,1,0,1,2787.7171502685424,0515022 ESCOLA MUNICIPAL JOSE EMYGDIO DE OLIVEIRA,33076200,5.4
0515027 ESCOLA MUNICIPAL SANTOS DUMONT,33076430,6.0,0,1,0,2882.6643172652625,0515022 ESCOLA MUNICIPAL JOSE EMYGDIO DE OLIVEIRA,33076200,5.4
0716061 ESCOLA MUNICIPAL MORVAN DE FIGUEIREDO,33078173,6.3,1,0,1,2974.7806967488777,0515022 ESCOLA MUNICIPAL JOSE EMYGDIO DE OLIVEIRA,33076200,5.4
0515503 CIEP METALURGICO BENEDITO CERQUEIRA,33075077,6.0,1,0,1,2981.505463098433,0515022 ESCOLA MUNICIPAL JOSE EMYGDIO DE OLIVEIRA,33076200,5.4
0515049 ESCOLA MUNICIPAL CINCO DE JULHO,33076065,6.2,1,0,1,3261.360581460393,0515022 ESCOLA MUNICIPAL JOSE EMYGDIO DE OLIVEIRA,33076200,5.4
0515053 ESCOLA MUNICIPAL SENADOR FRANCISCO GALLOTTI,33076448,6.4,0,1,1,3385.6341264492025,0515022 ESCOLA MUNICIPAL JOSE EMYGDIO DE OLIVEIRA,33076200,5.4
0515034 ESCOLA MUNICIPAL EM 0515034 BARAO DE ITARARE,33076022,6.2,0,1,0,3491.1788235008794,0515022 ESCOLA MUNICIPAL JOSE EMYGDIO DE OLIVEIRA,33076200,5.4
0515037 ESCOLA MUNICIPAL HAITI,33076162,6.2,0,1,0,3687.39416459161,0515022 ESCOLA MUNICIPAL JOSE EMYGDIO DE OLIVEIRA,33076200,5.4
0833505 CIEP ARACY DE ALMEIDA CANTORA,33079080,6.8,0,1,1,3770.899763218366,0515022 ESCOLA MUNICIPAL JOSE EMYGDIO DE OLIVEIRA,33076200,5.4
