nome_escola,cod_inep,ideb,pessimo_pra_bom_bin,ruim_pra_bom_bin,melhora_com_final_bom_bin,distancia,escola_risco,cod_inep_risco,ideb_2017_risco
0515061 ESCOLA MUNICIPAL ASPIRANTE CARLOS ALFREDO,33075999,6.5,0,1,1,2123.973351496912,0515010 ESCOLA MUNICIPAL PROFESSOR ALFREDO RUSSELL,33074682,5.1
0622021 ESCOLA MUNICIPAL ISAIAS ALVES,33087121,6.3,0,1,0,2336.3254210555433,0515010 ESCOLA MUNICIPAL PROFESSOR ALFREDO RUSSELL,33074682,5.1
0514026 ESCOLA MUNICIPAL FRANCISCO SERTORIO PORTINHO,33074429,6.0,0,1,0,2504.295872653249,0515010 ESCOLA MUNICIPAL PROFESSOR ALFREDO RUSSELL,33074682,5.1
0515018 ESCOLA MUNICIPAL VIRIATO CORREA,33076456,6.4,0,1,0,2588.619277583901,0515010 ESCOLA MUNICIPAL PROFESSOR ALFREDO RUSSELL,33074682,5.1
0515033 ESCOLA MUNICIPAL OSWALDO GOELDI,33087253,6.0,0,1,0,2925.4087403140616,0515010 ESCOLA MUNICIPAL PROFESSOR ALFREDO RUSSELL,33074682,5.1
0515019 ESCOLA MUNICIPAL WALDEMIRO POTSCH,33076472,6.0,0,1,0,3491.838864509448,0515010 ESCOLA MUNICIPAL PROFESSOR ALFREDO RUSSELL,33074682,5.1
0515017 ESCOLA MUNICIPAL MARIA DAS DORES NEGRAO,33076235,6.6,0,1,0,3514.812287200423,0515010 ESCOLA MUNICIPAL PROFESSOR ALFREDO RUSSELL,33074682,5.1
0515034 ESCOLA MUNICIPAL EM 0515034 BARAO DE ITARARE,33076022,6.2,0,1,0,3673.0568849539895,0515010 ESCOLA MUNICIPAL PROFESSOR ALFREDO RUSSELL,33074682,5.1
0515027 ESCOLA MUNICIPAL SANTOS DUMONT,33076430,6.0,0,1,0,3915.9788084337533,0515010 ESCOLA MUNICIPAL PROFESSOR ALFREDO RUSSELL,33074682,5.1
0515054 ESCOLA MUNICIPAL CARDEAL ARCOVERDE,33076049,6.3,0,1,1,3956.076018322811,0515010 ESCOLA MUNICIPAL PROFESSOR ALFREDO RUSSELL,33074682,5.1
0514012 ESCOLA MUNICIPAL J CARLOS,33074470,6.7,0,1,0,3972.2137360244806,0515010 ESCOLA MUNICIPAL PROFESSOR ALFREDO RUSSELL,33074682,5.1
0625503 CIEP GLAUBER ROCHA,33086494,6.0,0,1,0,4054.541741646784,0515010 ESCOLA MUNICIPAL PROFESSOR ALFREDO RUSSELL,33074682,5.1
0625021 ESCOLA MUNICIPAL OCTAVIO TARQUINIO DE SOUZA,33087270,6.0,0,1,0,4179.183665416162,0515010 ESCOLA MUNICIPAL PROFESSOR ALFREDO RUSSELL,33074682,5.1
0431023 ESCOLA MUNICIPAL PRESIDENTE GRONCHI,33070776,6.2,0,1,0,4313.667119451416,0515010 ESCOLA MUNICIPAL PROFESSOR ALFREDO RUSSELL,33074682,5.1
0833001 ESCOLA MUNICIPAL MADRE BENEDITA,33087172,6.0,1,0,1,4389.573390763372,0515010 ESCOLA MUNICIPAL PROFESSOR ALFREDO RUSSELL,33074682,5.1
