nome_escola,cod_inep,ideb,pessimo_pra_bom_bin,ruim_pra_bom_bin,melhora_com_final_bom_bin,distancia,escola_risco,cod_inep_risco,ideb_2017_risco
0515061 ESCOLA MUNICIPAL ASPIRANTE CARLOS ALFREDO,33075999,6.5,0,1,1,1200.416759197133,0515001 ESCOLA MUNICIPAL PARA,33074640,5.4
0515018 ESCOLA MUNICIPAL VIRIATO CORREA,33076456,6.4,0,1,0,1468.6179641285792,0515001 ESCOLA MUNICIPAL PARA,33074640,5.4
0622021 ESCOLA MUNICIPAL ISAIAS ALVES,33087121,6.3,0,1,0,1992.401914380596,0515001 ESCOLA MUNICIPAL PARA,33074640,5.4
0515033 ESCOLA MUNICIPAL OSWALDO GOELDI,33087253,6.0,0,1,0,2275.9228050038705,0515001 ESCOLA MUNICIPAL PARA,33074640,5.4
0515019 ESCOLA MUNICIPAL WALDEMIRO POTSCH,33076472,6.0,0,1,0,2314.803043751513,0515001 ESCOLA MUNICIPAL PARA,33074640,5.4
0515017 ESCOLA MUNICIPAL MARIA DAS DORES NEGRAO,33076235,6.6,0,1,0,2334.648674945095,0515001 ESCOLA MUNICIPAL PARA,33074640,5.4
0515034 ESCOLA MUNICIPAL EM 0515034 BARAO DE ITARARE,33076022,6.2,0,1,0,2763.5959393716016,0515001 ESCOLA MUNICIPAL PARA,33074640,5.4
0515027 ESCOLA MUNICIPAL SANTOS DUMONT,33076430,6.0,0,1,0,2862.1800356638964,0515001 ESCOLA MUNICIPAL PARA,33074640,5.4
0515054 ESCOLA MUNICIPAL CARDEAL ARCOVERDE,33076049,6.3,0,1,1,2976.352958869229,0515001 ESCOLA MUNICIPAL PARA,33074640,5.4
0514026 ESCOLA MUNICIPAL FRANCISCO SERTORIO PORTINHO,33074429,6.0,0,1,0,3639.452610337689,0515001 ESCOLA MUNICIPAL PARA,33074640,5.4
0833001 ESCOLA MUNICIPAL MADRE BENEDITA,33087172,6.0,1,0,1,3767.3249614798965,0515001 ESCOLA MUNICIPAL PARA,33074640,5.4
0515503 CIEP METALURGICO BENEDITO CERQUEIRA,33075077,6.0,1,0,1,4018.4234122202247,0515001 ESCOLA MUNICIPAL PARA,33074640,5.4
0833004 ESCOLA MUNICIPAL ENGENHEIRO LAFAYETTE DE ANDRADE,33080399,7.2,0,1,1,4161.543558396533,0515001 ESCOLA MUNICIPAL PARA,33074640,5.4
0515049 ESCOLA MUNICIPAL CINCO DE JULHO,33076065,6.2,1,0,1,4192.343789145597,0515001 ESCOLA MUNICIPAL PARA,33074640,5.4
0515044 ESCOLA MUNICIPAL ESPIRITO SANTO,33076081,6.5,0,1,0,4709.687507251906,0515001 ESCOLA MUNICIPAL PARA,33074640,5.4
