nome_escola,cod_inep,ideb,pessimo_pra_bom_bin,ruim_pra_bom_bin,melhora_com_final_bom_bin,distancia,escola_risco,cod_inep_risco,ideb_2017_risco
0515061 ESCOLA MUNICIPAL ASPIRANTE CARLOS ALFREDO,33075999,6.5,0,1,1,1713.9563098318965,0515007 ESCOLA MUNICIPAL FRANCISCO FRIAS DE MESQUITA,33074410,5.2
0515018 ESCOLA MUNICIPAL VIRIATO CORREA,33076456,6.4,0,1,0,2187.389776801027,0515007 ESCOLA MUNICIPAL FRANCISCO FRIAS DE MESQUITA,33074410,5.2
0622021 ESCOLA MUNICIPAL ISAIAS ALVES,33087121,6.3,0,1,0,2334.7788786783003,0515007 ESCOLA MUNICIPAL FRANCISCO FRIAS DE MESQUITA,33074410,5.2
0514026 ESCOLA MUNICIPAL FRANCISCO SERTORIO PORTINHO,33074429,6.0,0,1,0,2792.9720005843383,0515007 ESCOLA MUNICIPAL FRANCISCO FRIAS DE MESQUITA,33074410,5.2
0515033 ESCOLA MUNICIPAL OSWALDO GOELDI,33087253,6.0,0,1,0,2831.5808828207923,0515007 ESCOLA MUNICIPAL FRANCISCO FRIAS DE MESQUITA,33074410,5.2
0515019 ESCOLA MUNICIPAL WALDEMIRO POTSCH,33076472,6.0,0,1,0,3104.1508467242425,0515007 ESCOLA MUNICIPAL FRANCISCO FRIAS DE MESQUITA,33074410,5.2
0515017 ESCOLA MUNICIPAL MARIA DAS DORES NEGRAO,33076235,6.6,0,1,0,3128.883369828878,0515007 ESCOLA MUNICIPAL FRANCISCO FRIAS DE MESQUITA,33074410,5.2
0515034 ESCOLA MUNICIPAL EM 0515034 BARAO DE ITARARE,33076022,6.2,0,1,0,3487.6539800418086,0515007 ESCOLA MUNICIPAL FRANCISCO FRIAS DE MESQUITA,33074410,5.2
0515054 ESCOLA MUNICIPAL CARDEAL ARCOVERDE,33076049,6.3,0,1,1,3546.7282067241927,0515007 ESCOLA MUNICIPAL FRANCISCO FRIAS DE MESQUITA,33074410,5.2
0515027 ESCOLA MUNICIPAL SANTOS DUMONT,33076430,6.0,0,1,0,3665.814391248232,0515007 ESCOLA MUNICIPAL FRANCISCO FRIAS DE MESQUITA,33074410,5.2
0514012 ESCOLA MUNICIPAL J CARLOS,33074470,6.7,0,1,0,4224.0189476806545,0515007 ESCOLA MUNICIPAL FRANCISCO FRIAS DE MESQUITA,33074410,5.2
0515503 CIEP METALURGICO BENEDITO CERQUEIRA,33075077,6.0,1,0,1,4228.089283405587,0515007 ESCOLA MUNICIPAL FRANCISCO FRIAS DE MESQUITA,33074410,5.2
0833001 ESCOLA MUNICIPAL MADRE BENEDITA,33087172,6.0,1,0,1,4322.593339168826,0515007 ESCOLA MUNICIPAL FRANCISCO FRIAS DE MESQUITA,33074410,5.2
0515049 ESCOLA MUNICIPAL CINCO DE JULHO,33076065,6.2,1,0,1,4355.640734431494,0515007 ESCOLA MUNICIPAL FRANCISCO FRIAS DE MESQUITA,33074410,5.2
0625503 CIEP GLAUBER ROCHA,33086494,6.0,0,1,0,4448.356360757316,0515007 ESCOLA MUNICIPAL FRANCISCO FRIAS DE MESQUITA,33074410,5.2
