nome_escola,cod_inep,ideb,pessimo_pra_bom_bin,ruim_pra_bom_bin,melhora_com_final_bom_bin,distancia,escola_risco,cod_inep_risco,ideb_2017_risco
0515061 ESCOLA MUNICIPAL ASPIRANTE CARLOS ALFREDO,33075999,6.5,0,1,1,1693.935808773508,0515060 ESCOLA MUNICIPAL IRMA ZELIA,33076189,5.4
0515503 CIEP METALURGICO BENEDITO CERQUEIRA,33075077,6.0,1,0,1,2314.118752992838,0515060 ESCOLA MUNICIPAL IRMA ZELIA,33076189,5.4
0515018 ESCOLA MUNICIPAL VIRIATO CORREA,33076456,6.4,0,1,0,2335.4642449389444,0515060 ESCOLA MUNICIPAL IRMA ZELIA,33076189,5.4
0515049 ESCOLA MUNICIPAL CINCO DE JULHO,33076065,6.2,1,0,1,2362.0456932448888,0515060 ESCOLA MUNICIPAL IRMA ZELIA,33076189,5.4
0515044 ESCOLA MUNICIPAL ESPIRITO SANTO,33076081,6.5,0,1,0,2545.9535890653337,0515060 ESCOLA MUNICIPAL IRMA ZELIA,33076189,5.4
0515054 ESCOLA MUNICIPAL CARDEAL ARCOVERDE,33076049,6.3,0,1,1,2638.1284389521106,0515060 ESCOLA MUNICIPAL IRMA ZELIA,33076189,5.4
0515053 ESCOLA MUNICIPAL SENADOR FRANCISCO GALLOTTI,33076448,6.4,0,1,1,3187.753686331724,0515060 ESCOLA MUNICIPAL IRMA ZELIA,33076189,5.4
0515019 ESCOLA MUNICIPAL WALDEMIRO POTSCH,33076472,6.0,0,1,0,3190.8549963316564,0515060 ESCOLA MUNICIPAL IRMA ZELIA,33076189,5.4
0515017 ESCOLA MUNICIPAL MARIA DAS DORES NEGRAO,33076235,6.6,0,1,0,3236.903653624596,0515060 ESCOLA MUNICIPAL IRMA ZELIA,33076189,5.4
0515502 CIEP PROFESSOR MANOEL MAURICIO DE ALBUQUERQUE,33075069,6.1,1,0,1,3347.6728963275746,0515060 ESCOLA MUNICIPAL IRMA ZELIA,33076189,5.4
0514026 ESCOLA MUNICIPAL FRANCISCO SERTORIO PORTINHO,33074429,6.0,0,1,0,3420.945025079223,0515060 ESCOLA MUNICIPAL IRMA ZELIA,33076189,5.4
0515037 ESCOLA MUNICIPAL HAITI,33076162,6.2,0,1,0,3842.074516562325,0515060 ESCOLA MUNICIPAL IRMA ZELIA,33076189,5.4
0622021 ESCOLA MUNICIPAL ISAIAS ALVES,33087121,6.3,0,1,0,4318.063107836697,0515060 ESCOLA MUNICIPAL IRMA ZELIA,33076189,5.4
0514012 ESCOLA MUNICIPAL J CARLOS,33074470,6.7,0,1,0,4344.824371054492,0515060 ESCOLA MUNICIPAL IRMA ZELIA,33076189,5.4
0515041 ESCOLA MUNICIPAL OSWALDO TEIXEIRA,33076278,6.2,0,1,0,4490.445359214174,0515060 ESCOLA MUNICIPAL IRMA ZELIA,33076189,5.4
