nome_escola,cod_inep,ideb,pessimo_pra_bom_bin,ruim_pra_bom_bin,melhora_com_final_bom_bin,distancia,escola_risco,cod_inep_risco,ideb_2017_risco
0515061 ESCOLA MUNICIPAL ASPIRANTE CARLOS ALFREDO,33075999,6.5,0,1,1,1272.714599014966,0515058 ESCOLA MUNICIPAL ASTOLFO REZENDE,33076006,5.1
0515054 ESCOLA MUNICIPAL CARDEAL ARCOVERDE,33076049,6.3,0,1,1,1511.5149634011839,0515058 ESCOLA MUNICIPAL ASTOLFO REZENDE,33076006,5.1
0515503 CIEP METALURGICO BENEDITO CERQUEIRA,33075077,6.0,1,0,1,1642.6384393682451,0515058 ESCOLA MUNICIPAL ASTOLFO REZENDE,33076006,5.1
0515018 ESCOLA MUNICIPAL VIRIATO CORREA,33076456,6.4,0,1,0,1666.5072262562926,0515058 ESCOLA MUNICIPAL ASTOLFO REZENDE,33076006,5.1
0515049 ESCOLA MUNICIPAL CINCO DE JULHO,33076065,6.2,1,0,1,1812.47228158712,0515058 ESCOLA MUNICIPAL ASTOLFO REZENDE,33076006,5.1
0515019 ESCOLA MUNICIPAL WALDEMIRO POTSCH,33076472,6.0,0,1,0,2305.7734552733637,0515058 ESCOLA MUNICIPAL ASTOLFO REZENDE,33076006,5.1
0515017 ESCOLA MUNICIPAL MARIA DAS DORES NEGRAO,33076235,6.6,0,1,0,2354.452710191142,0515058 ESCOLA MUNICIPAL ASTOLFO REZENDE,33076006,5.1
0515044 ESCOLA MUNICIPAL ESPIRITO SANTO,33076081,6.5,0,1,0,2428.646585288003,0515058 ESCOLA MUNICIPAL ASTOLFO REZENDE,33076006,5.1
0515502 CIEP PROFESSOR MANOEL MAURICIO DE ALBUQUERQUE,33075069,6.1,1,0,1,2467.7052664576404,0515058 ESCOLA MUNICIPAL ASTOLFO REZENDE,33076006,5.1
0515053 ESCOLA MUNICIPAL SENADOR FRANCISCO GALLOTTI,33076448,6.4,0,1,1,2516.0601793493456,0515058 ESCOLA MUNICIPAL ASTOLFO REZENDE,33076006,5.1
0515037 ESCOLA MUNICIPAL HAITI,33076162,6.2,0,1,0,3138.019827528611,0515058 ESCOLA MUNICIPAL ASTOLFO REZENDE,33076006,5.1
0515041 ESCOLA MUNICIPAL OSWALDO TEIXEIRA,33076278,6.2,0,1,0,3720.0665117708963,0515058 ESCOLA MUNICIPAL ASTOLFO REZENDE,33076006,5.1
0515027 ESCOLA MUNICIPAL SANTOS DUMONT,33076430,6.0,0,1,0,4165.524705737568,0515058 ESCOLA MUNICIPAL ASTOLFO REZENDE,33076006,5.1
0622021 ESCOLA MUNICIPAL ISAIAS ALVES,33087121,6.3,0,1,0,4311.39937954595,0515058 ESCOLA MUNICIPAL ASTOLFO REZENDE,33076006,5.1
0515033 ESCOLA MUNICIPAL OSWALDO GOELDI,33087253,6.0,0,1,0,4381.686972285542,0515058 ESCOLA MUNICIPAL ASTOLFO REZENDE,33076006,5.1
