nome_escola,cod_inep,ideb,pessimo_pra_bom_bin,ruim_pra_bom_bin,melhora_com_final_bom_bin,distancia,escola_risco,cod_inep_risco,ideb_2017_risco
0515054 ESCOLA MUNICIPAL CARDEAL ARCOVERDE,33076049,6.3,0,1,1,593.2961651127024,0515055 ESCOLA MUNICIPAL MINISTRO EDGARD ROMERO,33076251,4.8
0515503 CIEP METALURGICO BENEDITO CERQUEIRA,33075077,6.0,1,0,1,1398.4042017111788,0515055 ESCOLA MUNICIPAL MINISTRO EDGARD ROMERO,33076251,4.8
0515049 ESCOLA MUNICIPAL CINCO DE JULHO,33076065,6.2,1,0,1,1671.8154292570448,0515055 ESCOLA MUNICIPAL MINISTRO EDGARD ROMERO,33076251,4.8
0515502 CIEP PROFESSOR MANOEL MAURICIO DE ALBUQUERQUE,33075069,6.1,1,0,1,1676.0435256285846,0515055 ESCOLA MUNICIPAL MINISTRO EDGARD ROMERO,33076251,4.8
0515018 ESCOLA MUNICIPAL VIRIATO CORREA,33076456,6.4,0,1,0,1843.872708832643,0515055 ESCOLA MUNICIPAL MINISTRO EDGARD ROMERO,33076251,4.8
0515061 ESCOLA MUNICIPAL ASPIRANTE CARLOS ALFREDO,33075999,6.5,0,1,1,1875.9260974787667,0515055 ESCOLA MUNICIPAL MINISTRO EDGARD ROMERO,33076251,4.8
0515019 ESCOLA MUNICIPAL WALDEMIRO POTSCH,33076472,6.0,0,1,0,1962.3656328079992,0515055 ESCOLA MUNICIPAL MINISTRO EDGARD ROMERO,33076251,4.8
0515017 ESCOLA MUNICIPAL MARIA DAS DORES NEGRAO,33076235,6.6,0,1,0,2006.7494087909868,0515055 ESCOLA MUNICIPAL MINISTRO EDGARD ROMERO,33076251,4.8
0515053 ESCOLA MUNICIPAL SENADOR FRANCISCO GALLOTTI,33076448,6.4,0,1,1,2027.021380358344,0515055 ESCOLA MUNICIPAL MINISTRO EDGARD ROMERO,33076251,4.8
0515037 ESCOLA MUNICIPAL HAITI,33076162,6.2,0,1,0,2522.013690602957,0515055 ESCOLA MUNICIPAL MINISTRO EDGARD ROMERO,33076251,4.8
0515044 ESCOLA MUNICIPAL ESPIRITO SANTO,33076081,6.5,0,1,0,2606.567969375264,0515055 ESCOLA MUNICIPAL MINISTRO EDGARD ROMERO,33076251,4.8
0515041 ESCOLA MUNICIPAL OSWALDO TEIXEIRA,33076278,6.2,0,1,0,2973.1043510808213,0515055 ESCOLA MUNICIPAL MINISTRO EDGARD ROMERO,33076251,4.8
0716061 ESCOLA MUNICIPAL MORVAN DE FIGUEIREDO,33078173,6.3,1,0,1,3487.7230645025484,0515055 ESCOLA MUNICIPAL MINISTRO EDGARD ROMERO,33076251,4.8
0716502 CIEP ALMIR BONFIM DE ANDRADE,33076880,6.3,0,1,1,4000.486007789158,0515055 ESCOLA MUNICIPAL MINISTRO EDGARD ROMERO,33076251,4.8
0515027 ESCOLA MUNICIPAL SANTOS DUMONT,33076430,6.0,0,1,0,4040.1877811311347,0515055 ESCOLA MUNICIPAL MINISTRO EDGARD ROMERO,33076251,4.8
