nome_escola,cod_inep,ideb,pessimo_pra_bom_bin,ruim_pra_bom_bin,melhora_com_final_bom_bin,distancia,escola_risco,cod_inep_risco,ideb_2017_risco
0515044 ESCOLA MUNICIPAL ESPIRITO SANTO,33076081,6.5,0,1,0,764.3289258679838,0515040 ESCOLA MUNICIPAL PROFESSOR SOUZA DA SILVEIRA,33076359,5.1
0515053 ESCOLA MUNICIPAL SENADOR FRANCISCO GALLOTTI,33076448,6.4,0,1,1,893.4180144632065,0515040 ESCOLA MUNICIPAL PROFESSOR SOUZA DA SILVEIRA,33076359,5.1
0515049 ESCOLA MUNICIPAL CINCO DE JULHO,33076065,6.2,1,0,1,990.0019741345184,0515040 ESCOLA MUNICIPAL PROFESSOR SOUZA DA SILVEIRA,33076359,5.1
0515037 ESCOLA MUNICIPAL HAITI,33076162,6.2,0,1,0,1223.5700219591804,0515040 ESCOLA MUNICIPAL PROFESSOR SOUZA DA SILVEIRA,33076359,5.1
0515503 CIEP METALURGICO BENEDITO CERQUEIRA,33075077,6.0,1,0,1,1238.4541650358874,0515040 ESCOLA MUNICIPAL PROFESSOR SOUZA DA SILVEIRA,33076359,5.1
0515502 CIEP PROFESSOR MANOEL MAURICIO DE ALBUQUERQUE,33075069,6.1,1,0,1,1617.4453848315889,0515040 ESCOLA MUNICIPAL PROFESSOR SOUZA DA SILVEIRA,33076359,5.1
0515041 ESCOLA MUNICIPAL OSWALDO TEIXEIRA,33076278,6.2,0,1,0,1860.1454505745482,0515040 ESCOLA MUNICIPAL PROFESSOR SOUZA DA SILVEIRA,33076359,5.1
0313041 ESCOLA MUNICIPAL TOBIAS BARRETO,33073317,6.6,0,1,0,2438.6975554712612,0515040 ESCOLA MUNICIPAL PROFESSOR SOUZA DA SILVEIRA,33076359,5.1
0313035 ESCOLA MUNICIPAL EDGAR SUSSEKIND DE MENDONCA,33072698,6.0,0,1,0,2764.7629442286498,0515040 ESCOLA MUNICIPAL PROFESSOR SOUZA DA SILVEIRA,33076359,5.1
0515054 ESCOLA MUNICIPAL CARDEAL ARCOVERDE,33076049,6.3,0,1,1,3177.8596335077864,0515040 ESCOLA MUNICIPAL PROFESSOR SOUZA DA SILVEIRA,33076359,5.1
0313038 ESCOLA MUNICIPAL LONDRES,33072949,6.2,0,1,0,3299.938449847429,0515040 ESCOLA MUNICIPAL PROFESSOR SOUZA DA SILVEIRA,33076359,5.1
0312015 ESCOLA MUNICIPAL BARAO DE MACAHUBAS,33072558,6.0,0,1,0,3706.3301961277907,0515040 ESCOLA MUNICIPAL PROFESSOR SOUZA DA SILVEIRA,33076359,5.1
0515061 ESCOLA MUNICIPAL ASPIRANTE CARLOS ALFREDO,33075999,6.5,0,1,1,4036.632579157778,0515040 ESCOLA MUNICIPAL PROFESSOR SOUZA DA SILVEIRA,33076359,5.1
0313031 ESCOLA MUNICIPAL NOSSA SENHORA DE POMPEIA,33073040,6.2,0,1,0,4163.539346837576,0515040 ESCOLA MUNICIPAL PROFESSOR SOUZA DA SILVEIRA,33076359,5.1
0515018 ESCOLA MUNICIPAL VIRIATO CORREA,33076456,6.4,0,1,0,4300.984831273466,0515040 ESCOLA MUNICIPAL PROFESSOR SOUZA DA SILVEIRA,33076359,5.1
