nome_escola,cod_inep,ideb,pessimo_pra_bom_bin,ruim_pra_bom_bin,melhora_com_final_bom_bin,distancia,escola_risco,cod_inep_risco,ideb_2017_risco
0515019 ESCOLA MUNICIPAL WALDEMIRO POTSCH,33076472,6.0,0,1,0,554.818374581007,0515021 ESCOLA MUNICIPAL MOZART LAGO,33076260,5.2
0515017 ESCOLA MUNICIPAL MARIA DAS DORES NEGRAO,33076235,6.6,0,1,0,597.9110630753918,0515021 ESCOLA MUNICIPAL MOZART LAGO,33076260,5.2
0515054 ESCOLA MUNICIPAL CARDEAL ARCOVERDE,33076049,6.3,0,1,1,904.106957815229,0515021 ESCOLA MUNICIPAL MOZART LAGO,33076260,5.2
0515018 ESCOLA MUNICIPAL VIRIATO CORREA,33076456,6.4,0,1,0,967.5743612006248,0515021 ESCOLA MUNICIPAL MOZART LAGO,33076260,5.2
0515061 ESCOLA MUNICIPAL ASPIRANTE CARLOS ALFREDO,33075999,6.5,0,1,1,1509.5446154042615,0515021 ESCOLA MUNICIPAL MOZART LAGO,33076260,5.2
0515027 ESCOLA MUNICIPAL SANTOS DUMONT,33076430,6.0,0,1,0,2640.698508613765,0515021 ESCOLA MUNICIPAL MOZART LAGO,33076260,5.2
0515503 CIEP METALURGICO BENEDITO CERQUEIRA,33075077,6.0,1,0,1,2804.277615447495,0515021 ESCOLA MUNICIPAL MOZART LAGO,33076260,5.2
0716502 CIEP ALMIR BONFIM DE ANDRADE,33076880,6.3,0,1,1,2908.8439068291614,0515021 ESCOLA MUNICIPAL MOZART LAGO,33076260,5.2
0515502 CIEP PROFESSOR MANOEL MAURICIO DE ALBUQUERQUE,33075069,6.1,1,0,1,2940.389872254673,0515021 ESCOLA MUNICIPAL MOZART LAGO,33076260,5.2
0515049 ESCOLA MUNICIPAL CINCO DE JULHO,33076065,6.2,1,0,1,3073.6445041852776,0515021 ESCOLA MUNICIPAL MOZART LAGO,33076260,5.2
0515034 ESCOLA MUNICIPAL EM 0515034 BARAO DE ITARARE,33076022,6.2,0,1,0,3128.440972950212,0515021 ESCOLA MUNICIPAL MOZART LAGO,33076260,5.2
0515053 ESCOLA MUNICIPAL SENADOR FRANCISCO GALLOTTI,33076448,6.4,0,1,1,3405.9295656608942,0515021 ESCOLA MUNICIPAL MOZART LAGO,33076260,5.2
0515033 ESCOLA MUNICIPAL OSWALDO GOELDI,33087253,6.0,0,1,0,3467.047674367802,0515021 ESCOLA MUNICIPAL MOZART LAGO,33076260,5.2
0622021 ESCOLA MUNICIPAL ISAIAS ALVES,33087121,6.3,0,1,0,3740.8921397758045,0515021 ESCOLA MUNICIPAL MOZART LAGO,33076260,5.2
0716061 ESCOLA MUNICIPAL MORVAN DE FIGUEIREDO,33078173,6.3,1,0,1,3745.090402475746,0515021 ESCOLA MUNICIPAL MOZART LAGO,33076260,5.2
