nome_escola,cod_inep,ideb,pessimo_pra_bom_bin,ruim_pra_bom_bin,melhora_com_final_bom_bin,distancia,escola_risco,cod_inep_risco,ideb_2017_risco
0515503 CIEP METALURGICO BENEDITO CERQUEIRA,33075077,6.0,1,0,1,1544.310986282266,0515059 ESCOLA MUNICIPAL REPUBLICA DOMINICANA,33076383,5.1
0515049 ESCOLA MUNICIPAL CINCO DE JULHO,33076065,6.2,1,0,1,1637.2438152561858,0515059 ESCOLA MUNICIPAL REPUBLICA DOMINICANA,33076383,5.1
0515061 ESCOLA MUNICIPAL ASPIRANTE CARLOS ALFREDO,33075999,6.5,0,1,1,1672.2388479139577,0515059 ESCOLA MUNICIPAL REPUBLICA DOMINICANA,33076383,5.1
0515054 ESCOLA MUNICIPAL CARDEAL ARCOVERDE,33076049,6.3,0,1,1,1982.8227969563743,0515059 ESCOLA MUNICIPAL REPUBLICA DOMINICANA,33076383,5.1
0515044 ESCOLA MUNICIPAL ESPIRITO SANTO,33076081,6.5,0,1,0,2055.9834520668114,0515059 ESCOLA MUNICIPAL REPUBLICA DOMINICANA,33076383,5.1
0515018 ESCOLA MUNICIPAL VIRIATO CORREA,33076456,6.4,0,1,0,2157.4806117242283,0515059 ESCOLA MUNICIPAL REPUBLICA DOMINICANA,33076383,5.1
0515053 ESCOLA MUNICIPAL SENADOR FRANCISCO GALLOTTI,33076448,6.4,0,1,1,2432.660992869537,0515059 ESCOLA MUNICIPAL REPUBLICA DOMINICANA,33076383,5.1
0515502 CIEP PROFESSOR MANOEL MAURICIO DE ALBUQUERQUE,33075069,6.1,1,0,1,2540.193180262292,0515059 ESCOLA MUNICIPAL REPUBLICA DOMINICANA,33076383,5.1
0515019 ESCOLA MUNICIPAL WALDEMIRO POTSCH,33076472,6.0,0,1,0,2839.1231374358485,0515059 ESCOLA MUNICIPAL REPUBLICA DOMINICANA,33076383,5.1
0515017 ESCOLA MUNICIPAL MARIA DAS DORES NEGRAO,33076235,6.6,0,1,0,2887.7281818611523,0515059 ESCOLA MUNICIPAL REPUBLICA DOMINICANA,33076383,5.1
0515037 ESCOLA MUNICIPAL HAITI,33076162,6.2,0,1,0,3082.103509043479,0515059 ESCOLA MUNICIPAL REPUBLICA DOMINICANA,33076383,5.1
0515041 ESCOLA MUNICIPAL OSWALDO TEIXEIRA,33076278,6.2,0,1,0,3713.1957092571092,0515059 ESCOLA MUNICIPAL REPUBLICA DOMINICANA,33076383,5.1
0514026 ESCOLA MUNICIPAL FRANCISCO SERTORIO PORTINHO,33074429,6.0,0,1,0,4235.756269961656,0515059 ESCOLA MUNICIPAL REPUBLICA DOMINICANA,33076383,5.1
0622021 ESCOLA MUNICIPAL ISAIAS ALVES,33087121,6.3,0,1,0,4634.203092561258,0515059 ESCOLA MUNICIPAL REPUBLICA DOMINICANA,33076383,5.1
0515027 ESCOLA MUNICIPAL SANTOS DUMONT,33076430,6.0,0,1,0,4663.330582855044,0515059 ESCOLA MUNICIPAL REPUBLICA DOMINICANA,33076383,5.1
