nome_escola,cod_inep,ideb,pessimo_pra_bom_bin,ruim_pra_bom_bin,melhora_com_final_bom_bin,distancia,escola_risco,cod_inep_risco,ideb_2017_risco
0622021 ESCOLA MUNICIPAL ISAIAS ALVES,33087121,6.3,0,1,0,973.8685651752588,0515012 ESCOLA MUNICIPAL MARIO PENNA DA ROCHA,33076243,4.9
0515033 ESCOLA MUNICIPAL OSWALDO GOELDI,33087253,6.0,0,1,0,1210.0408259871426,0515012 ESCOLA MUNICIPAL MARIO PENNA DA ROCHA,33076243,4.9
0515034 ESCOLA MUNICIPAL EM 0515034 BARAO DE ITARARE,33076022,6.2,0,1,0,1878.1040480667405,0515012 ESCOLA MUNICIPAL MARIO PENNA DA ROCHA,33076243,4.9
0515018 ESCOLA MUNICIPAL VIRIATO CORREA,33076456,6.4,0,1,0,2016.3626112607553,0515012 ESCOLA MUNICIPAL MARIO PENNA DA ROCHA,33076243,4.9
0515061 ESCOLA MUNICIPAL ASPIRANTE CARLOS ALFREDO,33075999,6.5,0,1,1,2076.9701434154317,0515012 ESCOLA MUNICIPAL MARIO PENNA DA ROCHA,33076243,4.9
0515027 ESCOLA MUNICIPAL SANTOS DUMONT,33076430,6.0,0,1,0,2189.993680939437,0515012 ESCOLA MUNICIPAL MARIO PENNA DA ROCHA,33076243,4.9
0515017 ESCOLA MUNICIPAL MARIA DAS DORES NEGRAO,33076235,6.6,0,1,0,2527.8397297791266,0515012 ESCOLA MUNICIPAL MARIO PENNA DA ROCHA,33076243,4.9
0515019 ESCOLA MUNICIPAL WALDEMIRO POTSCH,33076472,6.0,0,1,0,2528.950849798719,0515012 ESCOLA MUNICIPAL MARIO PENNA DA ROCHA,33076243,4.9
0833001 ESCOLA MUNICIPAL MADRE BENEDITA,33087172,6.0,1,0,1,2708.632686016105,0515012 ESCOLA MUNICIPAL MARIO PENNA DA ROCHA,33076243,4.9
0833004 ESCOLA MUNICIPAL ENGENHEIRO LAFAYETTE DE ANDRADE,33080399,7.2,0,1,1,3173.4700764193803,0515012 ESCOLA MUNICIPAL MARIO PENNA DA ROCHA,33076243,4.9
0515054 ESCOLA MUNICIPAL CARDEAL ARCOVERDE,33076049,6.3,0,1,1,3598.9818932745375,0515012 ESCOLA MUNICIPAL MARIO PENNA DA ROCHA,33076243,4.9
0833006 ESCOLA MUNICIPAL CONDESSA PEREIRA CARNEIRO,33080283,6.4,0,1,1,4204.748968491712,0515012 ESCOLA MUNICIPAL MARIO PENNA DA ROCHA,33076243,4.9
0514026 ESCOLA MUNICIPAL FRANCISCO SERTORIO PORTINHO,33074429,6.0,0,1,0,4272.1398351689195,0515012 ESCOLA MUNICIPAL MARIO PENNA DA ROCHA,33076243,4.9
0716502 CIEP ALMIR BONFIM DE ANDRADE,33076880,6.3,0,1,1,4500.7848220437045,0515012 ESCOLA MUNICIPAL MARIO PENNA DA ROCHA,33076243,4.9
0622008 ESCOLA MUNICIPAL NARBAL FONTES,33087237,6.1,0,1,0,4699.139515730129,0515012 ESCOLA MUNICIPAL MARIO PENNA DA ROCHA,33076243,4.9
