nome_escola,cod_inep,ideb,pessimo_pra_bom_bin,ruim_pra_bom_bin,melhora_com_final_bom_bin,distancia,escola_risco,cod_inep_risco,ideb_2017_risco
0833001 ESCOLA MUNICIPAL MADRE BENEDITA,33087172,6.0,1,0,1,1187.51664521628,0622020 ESCOLA MUNICIPAL MAURICE MAETERLINCK,33087202,4.7
0515033 ESCOLA MUNICIPAL OSWALDO GOELDI,33087253,6.0,0,1,0,1610.9859450709312,0622020 ESCOLA MUNICIPAL MAURICE MAETERLINCK,33087202,4.7
0622021 ESCOLA MUNICIPAL ISAIAS ALVES,33087121,6.3,0,1,0,1710.82806460949,0622020 ESCOLA MUNICIPAL MAURICE MAETERLINCK,33087202,4.7
0833004 ESCOLA MUNICIPAL ENGENHEIRO LAFAYETTE DE ANDRADE,33080399,7.2,0,1,1,2029.9410239424672,0622020 ESCOLA MUNICIPAL MAURICE MAETERLINCK,33087202,4.7
0622008 ESCOLA MUNICIPAL NARBAL FONTES,33087237,6.1,0,1,0,2116.795359096677,0622020 ESCOLA MUNICIPAL MAURICE MAETERLINCK,33087202,4.7
0515034 ESCOLA MUNICIPAL EM 0515034 BARAO DE ITARARE,33076022,6.2,0,1,0,2199.3452874738514,0622020 ESCOLA MUNICIPAL MAURICE MAETERLINCK,33087202,4.7
0833006 ESCOLA MUNICIPAL CONDESSA PEREIRA CARNEIRO,33080283,6.4,0,1,1,2418.619600278664,0622020 ESCOLA MUNICIPAL MAURICE MAETERLINCK,33087202,4.7
0625016 ESCOLA MUNICIPAL MESTRE VALENTIM,33087229,6.2,0,1,0,2859.963206899872,0622020 ESCOLA MUNICIPAL MAURICE MAETERLINCK,33087202,4.7
0515027 ESCOLA MUNICIPAL SANTOS DUMONT,33076430,6.0,0,1,0,2915.4317391731593,0622020 ESCOLA MUNICIPAL MAURICE MAETERLINCK,33087202,4.7
0622002 ESCOLA MUNICIPAL ANTONIO MACEO,33086893,6.1,0,1,0,3164.8097023142623,0622020 ESCOLA MUNICIPAL MAURICE MAETERLINCK,33087202,4.7
0625021 ESCOLA MUNICIPAL OCTAVIO TARQUINIO DE SOUZA,33087270,6.0,0,1,0,4400.535915591723,0622020 ESCOLA MUNICIPAL MAURICE MAETERLINCK,33087202,4.7
0515018 ESCOLA MUNICIPAL VIRIATO CORREA,33076456,6.4,0,1,0,4451.711710023194,0622020 ESCOLA MUNICIPAL MAURICE MAETERLINCK,33087202,4.7
0515017 ESCOLA MUNICIPAL MARIA DAS DORES NEGRAO,33076235,6.6,0,1,0,4563.7155808977905,0622020 ESCOLA MUNICIPAL MAURICE MAETERLINCK,33087202,4.7
0515019 ESCOLA MUNICIPAL WALDEMIRO POTSCH,33076472,6.0,0,1,0,4587.556670524229,0622020 ESCOLA MUNICIPAL MAURICE MAETERLINCK,33087202,4.7
0625503 CIEP GLAUBER ROCHA,33086494,6.0,0,1,0,4593.693994906671,0622020 ESCOLA MUNICIPAL MAURICE MAETERLINCK,33087202,4.7
