nome_escola,cod_inep,ideb,pessimo_pra_bom_bin,ruim_pra_bom_bin,melhora_com_final_bom_bin,distancia,escola_risco,cod_inep_risco,ideb_2017_risco
0625016 ESCOLA MUNICIPAL MESTRE VALENTIM,33087229,6.2,0,1,0,1217.63922878358,0622024 ESCOLA MUNICIPAL MARIO PIRAGIBE,33087199,4.8
0622008 ESCOLA MUNICIPAL NARBAL FONTES,33087237,6.1,0,1,0,1569.265028820391,0622024 ESCOLA MUNICIPAL MARIO PIRAGIBE,33087199,4.8
0622002 ESCOLA MUNICIPAL ANTONIO MACEO,33086893,6.1,0,1,0,2290.2573829673684,0622024 ESCOLA MUNICIPAL MARIO PIRAGIBE,33087199,4.8
0833001 ESCOLA MUNICIPAL MADRE BENEDITA,33087172,6.0,1,0,1,3063.876517457356,0622024 ESCOLA MUNICIPAL MARIO PIRAGIBE,33087199,4.8
0833006 ESCOLA MUNICIPAL CONDESSA PEREIRA CARNEIRO,33080283,6.4,0,1,1,3395.635939953892,0622024 ESCOLA MUNICIPAL MARIO PIRAGIBE,33087199,4.8
0833004 ESCOLA MUNICIPAL ENGENHEIRO LAFAYETTE DE ANDRADE,33080399,7.2,0,1,1,3714.0586980379,0622024 ESCOLA MUNICIPAL MARIO PIRAGIBE,33087199,4.8
0622021 ESCOLA MUNICIPAL ISAIAS ALVES,33087121,6.3,0,1,0,3729.5099169841264,0622024 ESCOLA MUNICIPAL MARIO PIRAGIBE,33087199,4.8
0515033 ESCOLA MUNICIPAL OSWALDO GOELDI,33087253,6.0,0,1,0,3811.4212691088837,0622024 ESCOLA MUNICIPAL MARIO PIRAGIBE,33087199,4.8
0625021 ESCOLA MUNICIPAL OCTAVIO TARQUINIO DE SOUZA,33087270,6.0,0,1,0,4286.356726140781,0622024 ESCOLA MUNICIPAL MARIO PIRAGIBE,33087199,4.8
0515034 ESCOLA MUNICIPAL EM 0515034 BARAO DE ITARARE,33076022,6.2,0,1,0,4358.552750156008,0622024 ESCOLA MUNICIPAL MARIO PIRAGIBE,33087199,4.8
0625503 CIEP GLAUBER ROCHA,33086494,6.0,0,1,0,4593.971923367305,0622024 ESCOLA MUNICIPAL MARIO PIRAGIBE,33087199,4.8
0625022 ESCOLA MUNICIPAL MANUEL DE ABREU,33087180,6.1,0,1,0,4710.922344315031,0622024 ESCOLA MUNICIPAL MARIO PIRAGIBE,33087199,4.8
0515027 ESCOLA MUNICIPAL SANTOS DUMONT,33076430,6.0,0,1,0,5057.309415146034,0622024 ESCOLA MUNICIPAL MARIO PIRAGIBE,33087199,4.8
0833012 ESCOLA MUNICIPAL ALVARO ALVIM,33080062,6.5,0,1,0,5661.0033980658245,0622024 ESCOLA MUNICIPAL MARIO PIRAGIBE,33087199,4.8
0833019 ESCOLA MUNICIPAL LIMA BARRETO,33080720,6.5,1,0,1,6152.016725646474,0622024 ESCOLA MUNICIPAL MARIO PIRAGIBE,33087199,4.8
