nome_escola,cod_inep,ideb,pessimo_pra_bom_bin,ruim_pra_bom_bin,melhora_com_final_bom_bin,distancia,escola_risco,cod_inep_risco,ideb_2017_risco
0515033 ESCOLA MUNICIPAL OSWALDO GOELDI,33087253,6.0,0,1,0,819.7849683670144,0622017 ESCOLA MUNICIPAL LIA BRAGA DE FARIA,33087156,5.3
0833001 ESCOLA MUNICIPAL MADRE BENEDITA,33087172,6.0,1,0,1,852.9247378250994,0622017 ESCOLA MUNICIPAL LIA BRAGA DE FARIA,33087156,5.3
0622021 ESCOLA MUNICIPAL ISAIAS ALVES,33087121,6.3,0,1,0,1249.6811831184193,0622017 ESCOLA MUNICIPAL LIA BRAGA DE FARIA,33087156,5.3
0515034 ESCOLA MUNICIPAL EM 0515034 BARAO DE ITARARE,33076022,6.2,0,1,0,1351.3427426250023,0622017 ESCOLA MUNICIPAL LIA BRAGA DE FARIA,33087156,5.3
0833004 ESCOLA MUNICIPAL ENGENHEIRO LAFAYETTE DE ANDRADE,33080399,7.2,0,1,1,1610.409752843368,0622017 ESCOLA MUNICIPAL LIA BRAGA DE FARIA,33087156,5.3
0515027 ESCOLA MUNICIPAL SANTOS DUMONT,33076430,6.0,0,1,0,2070.2509458043564,0622017 ESCOLA MUNICIPAL LIA BRAGA DE FARIA,33087156,5.3
0833006 ESCOLA MUNICIPAL CONDESSA PEREIRA CARNEIRO,33080283,6.4,0,1,1,2388.01699533254,0622017 ESCOLA MUNICIPAL LIA BRAGA DE FARIA,33087156,5.3
0622008 ESCOLA MUNICIPAL NARBAL FONTES,33087237,6.1,0,1,0,2750.384982720594,0622017 ESCOLA MUNICIPAL LIA BRAGA DE FARIA,33087156,5.3
0515018 ESCOLA MUNICIPAL VIRIATO CORREA,33076456,6.4,0,1,0,3655.2378075415277,0622017 ESCOLA MUNICIPAL LIA BRAGA DE FARIA,33087156,5.3
0625016 ESCOLA MUNICIPAL MESTRE VALENTIM,33087229,6.2,0,1,0,3702.963781059632,0622017 ESCOLA MUNICIPAL LIA BRAGA DE FARIA,33087156,5.3
0515017 ESCOLA MUNICIPAL MARIA DAS DORES NEGRAO,33076235,6.6,0,1,0,3707.3862371466616,0622017 ESCOLA MUNICIPAL LIA BRAGA DE FARIA,33087156,5.3
0515019 ESCOLA MUNICIPAL WALDEMIRO POTSCH,33076472,6.0,0,1,0,3732.6797051190474,0622017 ESCOLA MUNICIPAL LIA BRAGA DE FARIA,33087156,5.3
0622002 ESCOLA MUNICIPAL ANTONIO MACEO,33086893,6.1,0,1,0,3735.948916982322,0622017 ESCOLA MUNICIPAL LIA BRAGA DE FARIA,33087156,5.3
0515061 ESCOLA MUNICIPAL ASPIRANTE CARLOS ALFREDO,33075999,6.5,0,1,1,3933.112297927421,0622017 ESCOLA MUNICIPAL LIA BRAGA DE FARIA,33087156,5.3
0716502 CIEP ALMIR BONFIM DE ANDRADE,33076880,6.3,0,1,1,4646.231004419965,0622017 ESCOLA MUNICIPAL LIA BRAGA DE FARIA,33087156,5.3
