nome_escola,cod_inep,ideb,pessimo_pra_bom_bin,ruim_pra_bom_bin,melhora_com_final_bom_bin,distancia,escola_risco,cod_inep_risco,ideb_2017_risco
0622021 ESCOLA MUNICIPAL ISAIAS ALVES,33087121,6.3,0,1,0,80.1413610687075,0622204 CIEP JOAO DO RIO,33086508,5.4
0515033 ESCOLA MUNICIPAL OSWALDO GOELDI,33087253,6.0,0,1,0,729.358986880813,0622204 CIEP JOAO DO RIO,33086508,5.4
0515034 ESCOLA MUNICIPAL EM 0515034 BARAO DE ITARARE,33076022,6.2,0,1,0,1749.6585063908176,0622204 CIEP JOAO DO RIO,33086508,5.4
0833001 ESCOLA MUNICIPAL MADRE BENEDITA,33087172,6.0,1,0,1,2049.010454074047,0622204 CIEP JOAO DO RIO,33086508,5.4
0515027 ESCOLA MUNICIPAL SANTOS DUMONT,33076430,6.0,0,1,0,2319.9510407479465,0622204 CIEP JOAO DO RIO,33086508,5.4
0833004 ESCOLA MUNICIPAL ENGENHEIRO LAFAYETTE DE ANDRADE,33080399,7.2,0,1,1,2693.50288830907,0622204 CIEP JOAO DO RIO,33086508,5.4
0515018 ESCOLA MUNICIPAL VIRIATO CORREA,33076456,6.4,0,1,0,2909.7329560713833,0622204 CIEP JOAO DO RIO,33086508,5.4
0515061 ESCOLA MUNICIPAL ASPIRANTE CARLOS ALFREDO,33075999,6.5,0,1,1,3013.079728968627,0622204 CIEP JOAO DO RIO,33086508,5.4
0515017 ESCOLA MUNICIPAL MARIA DAS DORES NEGRAO,33076235,6.6,0,1,0,3273.04355844687,0622204 CIEP JOAO DO RIO,33086508,5.4
0515019 ESCOLA MUNICIPAL WALDEMIRO POTSCH,33076472,6.0,0,1,0,3283.5970400075694,0622204 CIEP JOAO DO RIO,33086508,5.4
0833006 ESCOLA MUNICIPAL CONDESSA PEREIRA CARNEIRO,33080283,6.4,0,1,1,3590.4568225250287,0622204 CIEP JOAO DO RIO,33086508,5.4
0622008 ESCOLA MUNICIPAL NARBAL FONTES,33087237,6.1,0,1,0,3824.7127882012173,0622204 CIEP JOAO DO RIO,33086508,5.4
0625016 ESCOLA MUNICIPAL MESTRE VALENTIM,33087229,6.2,0,1,0,4054.961349813109,0622204 CIEP JOAO DO RIO,33086508,5.4
0625021 ESCOLA MUNICIPAL OCTAVIO TARQUINIO DE SOUZA,33087270,6.0,0,1,0,4257.454344875426,0622204 CIEP JOAO DO RIO,33086508,5.4
0625503 CIEP GLAUBER ROCHA,33086494,6.0,0,1,0,4326.252472075762,0622204 CIEP JOAO DO RIO,33086508,5.4
