nome_escola,cod_inep,ideb,pessimo_pra_bom_bin,ruim_pra_bom_bin,melhora_com_final_bom_bin,distancia,escola_risco,cod_inep_risco,ideb_2017_risco
0622008 ESCOLA MUNICIPAL NARBAL FONTES,33087237,6.1,0,1,0,1361.3245993222226,0622004 ESCOLA MUNICIPAL PARAIBA,33087288,5.1
0622002 ESCOLA MUNICIPAL ANTONIO MACEO,33086893,6.1,0,1,0,1440.6646418044172,0622004 ESCOLA MUNICIPAL PARAIBA,33087288,5.1
0625016 ESCOLA MUNICIPAL MESTRE VALENTIM,33087229,6.2,0,1,0,2177.687872009498,0622004 ESCOLA MUNICIPAL PARAIBA,33087288,5.1
0833006 ESCOLA MUNICIPAL CONDESSA PEREIRA CARNEIRO,33080283,6.4,0,1,1,3343.4167140742825,0622004 ESCOLA MUNICIPAL PARAIBA,33087288,5.1
0833001 ESCOLA MUNICIPAL MADRE BENEDITA,33087172,6.0,1,0,1,3558.515346986782,0622004 ESCOLA MUNICIPAL PARAIBA,33087288,5.1
0833004 ESCOLA MUNICIPAL ENGENHEIRO LAFAYETTE DE ANDRADE,33080399,7.2,0,1,1,4003.3589071729452,0622004 ESCOLA MUNICIPAL PARAIBA,33087288,5.1
0515033 ESCOLA MUNICIPAL OSWALDO GOELDI,33087253,6.0,0,1,0,4627.1134808572,0622004 ESCOLA MUNICIPAL PARAIBA,33087288,5.1
0622021 ESCOLA MUNICIPAL ISAIAS ALVES,33087121,6.3,0,1,0,4699.402815461809,0622004 ESCOLA MUNICIPAL PARAIBA,33087288,5.1
0515034 ESCOLA MUNICIPAL EM 0515034 BARAO DE ITARARE,33076022,6.2,0,1,0,4968.751749513321,0622004 ESCOLA MUNICIPAL PARAIBA,33087288,5.1
0833012 ESCOLA MUNICIPAL ALVARO ALVIM,33080062,6.5,0,1,0,5054.187228267369,0622004 ESCOLA MUNICIPAL PARAIBA,33087288,5.1
0625021 ESCOLA MUNICIPAL OCTAVIO TARQUINIO DE SOUZA,33087270,6.0,0,1,0,5432.168767132019,0622004 ESCOLA MUNICIPAL PARAIBA,33087288,5.1
0833019 ESCOLA MUNICIPAL LIMA BARRETO,33080720,6.5,1,0,1,5448.470183951234,0622004 ESCOLA MUNICIPAL PARAIBA,33087288,5.1
0515027 ESCOLA MUNICIPAL SANTOS DUMONT,33076430,6.0,0,1,0,5616.189611380313,0622004 ESCOLA MUNICIPAL PARAIBA,33087288,5.1
0625503 CIEP GLAUBER ROCHA,33086494,6.0,0,1,0,5750.582379868318,0622004 ESCOLA MUNICIPAL PARAIBA,33087288,5.1
0833034 ESCOLA MUNICIPAL SENADOR CAMARA,33081158,6.4,0,1,1,5784.419120619561,0622004 ESCOLA MUNICIPAL PARAIBA,33087288,5.1
