nome_escola,cod_inep,ideb,pessimo_pra_bom_bin,ruim_pra_bom_bin,melhora_com_final_bom_bin,distancia,escola_risco,cod_inep_risco,ideb_2017_risco
0625021 ESCOLA MUNICIPAL OCTAVIO TARQUINIO DE SOUZA,33087270,6.0,0,1,0,1044.0295633794804,0625035 ESCOLA MUNICIPAL PREFEITO MARCOS TAMOYO,33139792,5.1
0625503 CIEP GLAUBER ROCHA,33086494,6.0,0,1,0,1326.402480334247,0625035 ESCOLA MUNICIPAL PREFEITO MARCOS TAMOYO,33139792,5.1
0625022 ESCOLA MUNICIPAL MANUEL DE ABREU,33087180,6.1,0,1,0,1683.5604352475618,0625035 ESCOLA MUNICIPAL PREFEITO MARCOS TAMOYO,33139792,5.1
0625016 ESCOLA MUNICIPAL MESTRE VALENTIM,33087229,6.2,0,1,0,2385.9054522368415,0625035 ESCOLA MUNICIPAL PREFEITO MARCOS TAMOYO,33139792,5.1
0622021 ESCOLA MUNICIPAL ISAIAS ALVES,33087121,6.3,0,1,0,3445.4695584646406,0625035 ESCOLA MUNICIPAL PREFEITO MARCOS TAMOYO,33139792,5.1
0515033 ESCOLA MUNICIPAL OSWALDO GOELDI,33087253,6.0,0,1,0,4119.616245771991,0625035 ESCOLA MUNICIPAL PREFEITO MARCOS TAMOYO,33139792,5.1
0514026 ESCOLA MUNICIPAL FRANCISCO SERTORIO PORTINHO,33074429,6.0,0,1,0,4505.325178668981,0625035 ESCOLA MUNICIPAL PREFEITO MARCOS TAMOYO,33139792,5.1
0833001 ESCOLA MUNICIPAL MADRE BENEDITA,33087172,6.0,1,0,1,4582.087707467382,0625035 ESCOLA MUNICIPAL PREFEITO MARCOS TAMOYO,33139792,5.1
0622008 ESCOLA MUNICIPAL NARBAL FONTES,33087237,6.1,0,1,0,4585.623391919867,0625035 ESCOLA MUNICIPAL PREFEITO MARCOS TAMOYO,33139792,5.1
0431023 ESCOLA MUNICIPAL PRESIDENTE GRONCHI,33070776,6.2,0,1,0,4725.969428955181,0625035 ESCOLA MUNICIPAL PREFEITO MARCOS TAMOYO,33139792,5.1
0515034 ESCOLA MUNICIPAL EM 0515034 BARAO DE ITARARE,33076022,6.2,0,1,0,5124.697352704465,0625035 ESCOLA MUNICIPAL PREFEITO MARCOS TAMOYO,33139792,5.1
0833004 ESCOLA MUNICIPAL ENGENHEIRO LAFAYETTE DE ANDRADE,33080399,7.2,0,1,1,5430.7740475297,0625035 ESCOLA MUNICIPAL PREFEITO MARCOS TAMOYO,33139792,5.1
0622002 ESCOLA MUNICIPAL ANTONIO MACEO,33086893,6.1,0,1,0,5508.351780322751,0625035 ESCOLA MUNICIPAL PREFEITO MARCOS TAMOYO,33139792,5.1
0514012 ESCOLA MUNICIPAL J CARLOS,33074470,6.7,0,1,0,5652.457319398005,0625035 ESCOLA MUNICIPAL PREFEITO MARCOS TAMOYO,33139792,5.1
0833006 ESCOLA MUNICIPAL CONDESSA PEREIRA CARNEIRO,33080283,6.4,0,1,1,5762.466148864102,0625035 ESCOLA MUNICIPAL PREFEITO MARCOS TAMOYO,33139792,5.1
