nome_escola,cod_inep,ideb,pessimo_pra_bom_bin,ruim_pra_bom_bin,melhora_com_final_bom_bin,distancia,escola_risco,cod_inep_risco,ideb_2017_risco
0625016 ESCOLA MUNICIPAL MESTRE VALENTIM,33087229,6.2,0,1,0,1481.4518834079736,0625033 ESCOLA MUNICIPAL ZILDA NUNES DA COSTA,33087369,4.3
0625021 ESCOLA MUNICIPAL OCTAVIO TARQUINIO DE SOUZA,33087270,6.0,0,1,0,1941.1424765384625,0625033 ESCOLA MUNICIPAL ZILDA NUNES DA COSTA,33087369,4.3
0625503 CIEP GLAUBER ROCHA,33086494,6.0,0,1,0,2247.320020403274,0625033 ESCOLA MUNICIPAL ZILDA NUNES DA COSTA,33087369,4.3
0625022 ESCOLA MUNICIPAL MANUEL DE ABREU,33087180,6.1,0,1,0,2440.009299531401,0625033 ESCOLA MUNICIPAL ZILDA NUNES DA COSTA,33087369,4.3
0622021 ESCOLA MUNICIPAL ISAIAS ALVES,33087121,6.3,0,1,0,3301.762375413094,0625033 ESCOLA MUNICIPAL ZILDA NUNES DA COSTA,33087369,4.3
0622008 ESCOLA MUNICIPAL NARBAL FONTES,33087237,6.1,0,1,0,3713.953159179048,0625033 ESCOLA MUNICIPAL ZILDA NUNES DA COSTA,33087369,4.3
0515033 ESCOLA MUNICIPAL OSWALDO GOELDI,33087253,6.0,0,1,0,3848.5708714532375,0625033 ESCOLA MUNICIPAL ZILDA NUNES DA COSTA,33087369,4.3
0833001 ESCOLA MUNICIPAL MADRE BENEDITA,33087172,6.0,1,0,1,4016.5829825295227,0625033 ESCOLA MUNICIPAL ZILDA NUNES DA COSTA,33087369,4.3
0622002 ESCOLA MUNICIPAL ANTONIO MACEO,33086893,6.1,0,1,0,4602.616675436022,0625033 ESCOLA MUNICIPAL ZILDA NUNES DA COSTA,33087369,4.3
0515034 ESCOLA MUNICIPAL EM 0515034 BARAO DE ITARARE,33076022,6.2,0,1,0,4783.084141056258,0625033 ESCOLA MUNICIPAL ZILDA NUNES DA COSTA,33087369,4.3
0833004 ESCOLA MUNICIPAL ENGENHEIRO LAFAYETTE DE ANDRADE,33080399,7.2,0,1,1,4856.181262231374,0625033 ESCOLA MUNICIPAL ZILDA NUNES DA COSTA,33087369,4.3
0833006 ESCOLA MUNICIPAL CONDESSA PEREIRA CARNEIRO,33080283,6.4,0,1,1,5046.558518620338,0625033 ESCOLA MUNICIPAL ZILDA NUNES DA COSTA,33087369,4.3
0514026 ESCOLA MUNICIPAL FRANCISCO SERTORIO PORTINHO,33074429,6.0,0,1,0,5277.365610537143,0625033 ESCOLA MUNICIPAL ZILDA NUNES DA COSTA,33087369,4.3
0515027 ESCOLA MUNICIPAL SANTOS DUMONT,33076430,6.0,0,1,0,5481.7391848317575,0625033 ESCOLA MUNICIPAL ZILDA NUNES DA COSTA,33087369,4.3
0431023 ESCOLA MUNICIPAL PRESIDENTE GRONCHI,33070776,6.2,0,1,0,5641.019284393979,0625033 ESCOLA MUNICIPAL ZILDA NUNES DA COSTA,33087369,4.3
