nome_escola,cod_inep,ideb,pessimo_pra_bom_bin,ruim_pra_bom_bin,melhora_com_final_bom_bin,distancia,escola_risco,cod_inep_risco,ideb_2017_risco
0625503 CIEP GLAUBER ROCHA,33086494,6.0,0,1,0,1936.1504244799744,0625502 CIEP ZUMBI DOS PALMARES,33100365,5.3
0625021 ESCOLA MUNICIPAL OCTAVIO TARQUINIO DE SOUZA,33087270,6.0,0,1,0,1947.8698660377756,0625502 CIEP ZUMBI DOS PALMARES,33100365,5.3
0622021 ESCOLA MUNICIPAL ISAIAS ALVES,33087121,6.3,0,1,0,2370.281251483841,0625502 CIEP ZUMBI DOS PALMARES,33100365,5.3
0625022 ESCOLA MUNICIPAL MANUEL DE ABREU,33087180,6.1,0,1,0,2765.9237839233983,0625502 CIEP ZUMBI DOS PALMARES,33100365,5.3
0515033 ESCOLA MUNICIPAL OSWALDO GOELDI,33087253,6.0,0,1,0,3159.0395811892645,0625502 CIEP ZUMBI DOS PALMARES,33100365,5.3
0514026 ESCOLA MUNICIPAL FRANCISCO SERTORIO PORTINHO,33074429,6.0,0,1,0,3243.3675743129734,0625502 CIEP ZUMBI DOS PALMARES,33100365,5.3
0625016 ESCOLA MUNICIPAL MESTRE VALENTIM,33087229,6.2,0,1,0,3523.304579345139,0625502 CIEP ZUMBI DOS PALMARES,33100365,5.3
0431023 ESCOLA MUNICIPAL PRESIDENTE GRONCHI,33070776,6.2,0,1,0,4072.953871222266,0625502 CIEP ZUMBI DOS PALMARES,33100365,5.3
0833001 ESCOLA MUNICIPAL MADRE BENEDITA,33087172,6.0,1,0,1,4103.443615595028,0625502 CIEP ZUMBI DOS PALMARES,33100365,5.3
0515034 ESCOLA MUNICIPAL EM 0515034 BARAO DE ITARARE,33076022,6.2,0,1,0,4193.652876331724,0625502 CIEP ZUMBI DOS PALMARES,33100365,5.3
0515061 ESCOLA MUNICIPAL ASPIRANTE CARLOS ALFREDO,33075999,6.5,0,1,1,4307.421425898521,0625502 CIEP ZUMBI DOS PALMARES,33100365,5.3
0515018 ESCOLA MUNICIPAL VIRIATO CORREA,33076456,6.4,0,1,0,4570.696541988505,0625502 CIEP ZUMBI DOS PALMARES,33100365,5.3
0514012 ESCOLA MUNICIPAL J CARLOS,33074470,6.7,0,1,0,4599.779912253381,0625502 CIEP ZUMBI DOS PALMARES,33100365,5.3
0515027 ESCOLA MUNICIPAL SANTOS DUMONT,33076430,6.0,0,1,0,4758.571896801362,0625502 CIEP ZUMBI DOS PALMARES,33100365,5.3
0833004 ESCOLA MUNICIPAL ENGENHEIRO LAFAYETTE DE ANDRADE,33080399,7.2,0,1,1,4904.099889814194,0625502 CIEP ZUMBI DOS PALMARES,33100365,5.3
