nome_escola,cod_inep,ideb,pessimo_pra_bom_bin,ruim_pra_bom_bin,melhora_com_final_bom_bin,distancia,escola_risco,cod_inep_risco,ideb_2017_risco
0625016 ESCOLA MUNICIPAL MESTRE VALENTIM,33087229,6.2,0,1,0,795.3731276273129,0625032 ESCOLA MUNICIPAL ALZIRO ZARUR,33086869,5.3
0625021 ESCOLA MUNICIPAL OCTAVIO TARQUINIO DE SOUZA,33087270,6.0,0,1,0,2554.5212876740416,0625032 ESCOLA MUNICIPAL ALZIRO ZARUR,33086869,5.3
0625503 CIEP GLAUBER ROCHA,33086494,6.0,0,1,0,2878.196615571273,0625032 ESCOLA MUNICIPAL ALZIRO ZARUR,33086869,5.3
0625022 ESCOLA MUNICIPAL MANUEL DE ABREU,33087180,6.1,0,1,0,2943.0362663779015,0625032 ESCOLA MUNICIPAL ALZIRO ZARUR,33086869,5.3
0622008 ESCOLA MUNICIPAL NARBAL FONTES,33087237,6.1,0,1,0,3242.629247829642,0625032 ESCOLA MUNICIPAL ALZIRO ZARUR,33086869,5.3
0622021 ESCOLA MUNICIPAL ISAIAS ALVES,33087121,6.3,0,1,0,3577.7639836127773,0625032 ESCOLA MUNICIPAL ALZIRO ZARUR,33086869,5.3
0833001 ESCOLA MUNICIPAL MADRE BENEDITA,33087172,6.0,1,0,1,3920.9700503084555,0625032 ESCOLA MUNICIPAL ALZIRO ZARUR,33086869,5.3
0515033 ESCOLA MUNICIPAL OSWALDO GOELDI,33087253,6.0,0,1,0,4012.958610251328,0625032 ESCOLA MUNICIPAL ALZIRO ZARUR,33086869,5.3
0622002 ESCOLA MUNICIPAL ANTONIO MACEO,33086893,6.1,0,1,0,4056.151729596627,0625032 ESCOLA MUNICIPAL ALZIRO ZARUR,33086869,5.3
0833004 ESCOLA MUNICIPAL ENGENHEIRO LAFAYETTE DE ANDRADE,33080399,7.2,0,1,1,4731.2089391282025,0625032 ESCOLA MUNICIPAL ALZIRO ZARUR,33086869,5.3
0833006 ESCOLA MUNICIPAL CONDESSA PEREIRA CARNEIRO,33080283,6.4,0,1,1,4768.350533662612,0625032 ESCOLA MUNICIPAL ALZIRO ZARUR,33086869,5.3
0515034 ESCOLA MUNICIPAL EM 0515034 BARAO DE ITARARE,33076022,6.2,0,1,0,4866.631324470502,0625032 ESCOLA MUNICIPAL ALZIRO ZARUR,33086869,5.3
0515027 ESCOLA MUNICIPAL SANTOS DUMONT,33076430,6.0,0,1,0,5581.493053842647,0625032 ESCOLA MUNICIPAL ALZIRO ZARUR,33086869,5.3
0514026 ESCOLA MUNICIPAL FRANCISCO SERTORIO PORTINHO,33074429,6.0,0,1,0,5950.52205937907,0625032 ESCOLA MUNICIPAL ALZIRO ZARUR,33086869,5.3
0431023 ESCOLA MUNICIPAL PRESIDENTE GRONCHI,33070776,6.2,0,1,0,6319.920035349275,0625032 ESCOLA MUNICIPAL ALZIRO ZARUR,33086869,5.3
