nome_escola,cod_inep,ideb,pessimo_pra_bom_bin,ruim_pra_bom_bin,melhora_com_final_bom_bin,distancia,escola_risco,cod_inep_risco,ideb_2017_risco
0514026 ESCOLA MUNICIPAL FRANCISCO SERTORIO PORTINHO,33074429,6.0,0,1,0,1909.6888107852988,0625205 CIEP ANTONIO CANDEIA FILHO,33088071,4.5
0625503 CIEP GLAUBER ROCHA,33086494,6.0,0,1,0,2454.937052753523,0625205 CIEP ANTONIO CANDEIA FILHO,33088071,4.5
0625021 ESCOLA MUNICIPAL OCTAVIO TARQUINIO DE SOUZA,33087270,6.0,0,1,0,2644.5217619333343,0625205 CIEP ANTONIO CANDEIA FILHO,33088071,4.5
0622021 ESCOLA MUNICIPAL ISAIAS ALVES,33087121,6.3,0,1,0,2993.617311418072,0625205 CIEP ANTONIO CANDEIA FILHO,33088071,4.5
0431023 ESCOLA MUNICIPAL PRESIDENTE GRONCHI,33070776,6.2,0,1,0,3057.9155152361623,0625205 CIEP ANTONIO CANDEIA FILHO,33088071,4.5
0514012 ESCOLA MUNICIPAL J CARLOS,33074470,6.7,0,1,0,3318.7851544404652,0625205 CIEP ANTONIO CANDEIA FILHO,33088071,4.5
0625022 ESCOLA MUNICIPAL MANUEL DE ABREU,33087180,6.1,0,1,0,3353.7461915804993,0625205 CIEP ANTONIO CANDEIA FILHO,33088071,4.5
0515033 ESCOLA MUNICIPAL OSWALDO GOELDI,33087253,6.0,0,1,0,3775.2289880698436,0625205 CIEP ANTONIO CANDEIA FILHO,33088071,4.5
0515061 ESCOLA MUNICIPAL ASPIRANTE CARLOS ALFREDO,33075999,6.5,0,1,1,3834.3970395284355,0625205 CIEP ANTONIO CANDEIA FILHO,33088071,4.5
0515018 ESCOLA MUNICIPAL VIRIATO CORREA,33076456,6.4,0,1,0,4276.075337670273,0625205 CIEP ANTONIO CANDEIA FILHO,33088071,4.5
0515034 ESCOLA MUNICIPAL EM 0515034 BARAO DE ITARARE,33076022,6.2,0,1,0,4737.381109827865,0625205 CIEP ANTONIO CANDEIA FILHO,33088071,4.5
0625016 ESCOLA MUNICIPAL MESTRE VALENTIM,33087229,6.2,0,1,0,4858.702196182356,0625205 CIEP ANTONIO CANDEIA FILHO,33088071,4.5
0833001 ESCOLA MUNICIPAL MADRE BENEDITA,33087172,6.0,1,0,1,5004.448615424531,0625205 CIEP ANTONIO CANDEIA FILHO,33088071,4.5
0515019 ESCOLA MUNICIPAL WALDEMIRO POTSCH,33076472,6.0,0,1,0,5139.11964976757,0625205 CIEP ANTONIO CANDEIA FILHO,33088071,4.5
0515017 ESCOLA MUNICIPAL MARIA DAS DORES NEGRAO,33076235,6.6,0,1,0,5157.200876250516,0625205 CIEP ANTONIO CANDEIA FILHO,33088071,4.5
