nome_escola,cod_inep,ideb,pessimo_pra_bom_bin,ruim_pra_bom_bin,melhora_com_final_bom_bin,distancia,escola_risco,cod_inep_risco,ideb_2017_risco
0625021 ESCOLA MUNICIPAL OCTAVIO TARQUINIO DE SOUZA,33087270,6.0,0,1,0,1076.7949813051816,0625029 ESCOLA MUNICIPAL JOSE PEDRO VARELA,33087130,4.3
0625503 CIEP GLAUBER ROCHA,33086494,6.0,0,1,0,1228.8781173141822,0625029 ESCOLA MUNICIPAL JOSE PEDRO VARELA,33087130,4.3
0625022 ESCOLA MUNICIPAL MANUEL DE ABREU,33087180,6.1,0,1,0,1868.9959969649099,0625029 ESCOLA MUNICIPAL JOSE PEDRO VARELA,33087130,4.3
0625016 ESCOLA MUNICIPAL MESTRE VALENTIM,33087229,6.2,0,1,0,2824.8566213209297,0625029 ESCOLA MUNICIPAL JOSE PEDRO VARELA,33087130,4.3
0622021 ESCOLA MUNICIPAL ISAIAS ALVES,33087121,6.3,0,1,0,3117.526212165091,0625029 ESCOLA MUNICIPAL JOSE PEDRO VARELA,33087130,4.3
0515033 ESCOLA MUNICIPAL OSWALDO GOELDI,33087253,6.0,0,1,0,3843.796342685142,0625029 ESCOLA MUNICIPAL JOSE PEDRO VARELA,33087130,4.3
0514026 ESCOLA MUNICIPAL FRANCISCO SERTORIO PORTINHO,33074429,6.0,0,1,0,3964.1143027574144,0625029 ESCOLA MUNICIPAL JOSE PEDRO VARELA,33087130,4.3
0431023 ESCOLA MUNICIPAL PRESIDENTE GRONCHI,33070776,6.2,0,1,0,4325.014094175599,0625029 ESCOLA MUNICIPAL JOSE PEDRO VARELA,33087130,4.3
0833001 ESCOLA MUNICIPAL MADRE BENEDITA,33087172,6.0,1,0,1,4483.882810510871,0625029 ESCOLA MUNICIPAL JOSE PEDRO VARELA,33087130,4.3
0622008 ESCOLA MUNICIPAL NARBAL FONTES,33087237,6.1,0,1,0,4773.438867240421,0625029 ESCOLA MUNICIPAL JOSE PEDRO VARELA,33087130,4.3
0515034 ESCOLA MUNICIPAL EM 0515034 BARAO DE ITARARE,33076022,6.2,0,1,0,4871.613192883627,0625029 ESCOLA MUNICIPAL JOSE PEDRO VARELA,33087130,4.3
0514012 ESCOLA MUNICIPAL J CARLOS,33074470,6.7,0,1,0,5159.147463795461,0625029 ESCOLA MUNICIPAL JOSE PEDRO VARELA,33087130,4.3
0833004 ESCOLA MUNICIPAL ENGENHEIRO LAFAYETTE DE ANDRADE,33080399,7.2,0,1,1,5325.98016090998,0625029 ESCOLA MUNICIPAL JOSE PEDRO VARELA,33087130,4.3
0515061 ESCOLA MUNICIPAL ASPIRANTE CARLOS ALFREDO,33075999,6.5,0,1,1,5364.102221606388,0625029 ESCOLA MUNICIPAL JOSE PEDRO VARELA,33087130,4.3
0515027 ESCOLA MUNICIPAL SANTOS DUMONT,33076430,6.0,0,1,0,5502.68512716032,0625029 ESCOLA MUNICIPAL JOSE PEDRO VARELA,33087130,4.3
