nome_escola,cod_inep,ideb,pessimo_pra_bom_bin,ruim_pra_bom_bin,melhora_com_final_bom_bin,distancia,escola_risco,cod_inep_risco,ideb_2017_risco
0622021 ESCOLA MUNICIPAL ISAIAS ALVES,33087121,6.3,0,1,0,2215.517250244997,0625204 CIEP RUBENS GOMES,33088080,4.5
0625016 ESCOLA MUNICIPAL MESTRE VALENTIM,33087229,6.2,0,1,0,2228.9607997993626,0625204 CIEP RUBENS GOMES,33088080,4.5
0625021 ESCOLA MUNICIPAL OCTAVIO TARQUINIO DE SOUZA,33087270,6.0,0,1,0,2273.323069667868,0625204 CIEP RUBENS GOMES,33088080,4.5
0625503 CIEP GLAUBER ROCHA,33086494,6.0,0,1,0,2466.808794920862,0625204 CIEP RUBENS GOMES,33088080,4.5
0515033 ESCOLA MUNICIPAL OSWALDO GOELDI,33087253,6.0,0,1,0,2826.2384114414126,0625204 CIEP RUBENS GOMES,33088080,4.5
0625022 ESCOLA MUNICIPAL MANUEL DE ABREU,33087180,6.1,0,1,0,2998.7517403931156,0625204 CIEP RUBENS GOMES,33088080,4.5
0833001 ESCOLA MUNICIPAL MADRE BENEDITA,33087172,6.0,1,0,1,3269.5123595686223,0625204 CIEP RUBENS GOMES,33088080,4.5
0622008 ESCOLA MUNICIPAL NARBAL FONTES,33087237,6.1,0,1,0,3612.591824167267,0625204 CIEP RUBENS GOMES,33088080,4.5
0515034 ESCOLA MUNICIPAL EM 0515034 BARAO DE ITARARE,33076022,6.2,0,1,0,3811.824300413364,0625204 CIEP RUBENS GOMES,33088080,4.5
0833004 ESCOLA MUNICIPAL ENGENHEIRO LAFAYETTE DE ANDRADE,33080399,7.2,0,1,1,4116.742317497638,0625204 CIEP RUBENS GOMES,33088080,4.5
0515027 ESCOLA MUNICIPAL SANTOS DUMONT,33076430,6.0,0,1,0,4486.745944064111,0625204 CIEP RUBENS GOMES,33088080,4.5
0833006 ESCOLA MUNICIPAL CONDESSA PEREIRA CARNEIRO,33080283,6.4,0,1,1,4524.566838909606,0625204 CIEP RUBENS GOMES,33088080,4.5
0622002 ESCOLA MUNICIPAL ANTONIO MACEO,33086893,6.1,0,1,0,4625.042690893205,0625204 CIEP RUBENS GOMES,33088080,4.5
0514026 ESCOLA MUNICIPAL FRANCISCO SERTORIO PORTINHO,33074429,6.0,0,1,0,4628.5001212122115,0625204 CIEP RUBENS GOMES,33088080,4.5
0515061 ESCOLA MUNICIPAL ASPIRANTE CARLOS ALFREDO,33075999,6.5,0,1,1,4949.96782125344,0625204 CIEP RUBENS GOMES,33088080,4.5
