nome_escola,cod_inep,ideb,pessimo_pra_bom_bin,ruim_pra_bom_bin,melhora_com_final_bom_bin,distancia,escola_risco,cod_inep_risco,ideb_2017_risco
0625016 ESCOLA MUNICIPAL MESTRE VALENTIM,33087229,6.2,0,1,0,1019.7173806667221,0625034 ESCOLA MUNICIPAL MOTORISTA PASCHOAL ANDRE,33088284,4.6
0625021 ESCOLA MUNICIPAL OCTAVIO TARQUINIO DE SOUZA,33087270,6.0,0,1,0,2534.0804961511426,0625034 ESCOLA MUNICIPAL MOTORISTA PASCHOAL ANDRE,33088284,4.6
0625503 CIEP GLAUBER ROCHA,33086494,6.0,0,1,0,2838.077811029768,0625034 ESCOLA MUNICIPAL MOTORISTA PASCHOAL ANDRE,33088284,4.6
0625022 ESCOLA MUNICIPAL MANUEL DE ABREU,33087180,6.1,0,1,0,3014.425559349661,0625034 ESCOLA MUNICIPAL MOTORISTA PASCHOAL ANDRE,33088284,4.6
0622008 ESCOLA MUNICIPAL NARBAL FONTES,33087237,6.1,0,1,0,3132.896173791857,0625034 ESCOLA MUNICIPAL MOTORISTA PASCHOAL ANDRE,33088284,4.6
0622021 ESCOLA MUNICIPAL ISAIAS ALVES,33087121,6.3,0,1,0,3213.3720792403474,0625034 ESCOLA MUNICIPAL MOTORISTA PASCHOAL ANDRE,33088284,4.6
0833001 ESCOLA MUNICIPAL MADRE BENEDITA,33087172,6.0,1,0,1,3621.9739303389565,0625034 ESCOLA MUNICIPAL MOTORISTA PASCHOAL ANDRE,33088284,4.6
0515033 ESCOLA MUNICIPAL OSWALDO GOELDI,33087253,6.0,0,1,0,3656.620461348792,0625034 ESCOLA MUNICIPAL MOTORISTA PASCHOAL ANDRE,33088284,4.6
0622002 ESCOLA MUNICIPAL ANTONIO MACEO,33086893,6.1,0,1,0,4010.2296107310417,0625034 ESCOLA MUNICIPAL MOTORISTA PASCHOAL ANDRE,33088284,4.6
0833004 ESCOLA MUNICIPAL ENGENHEIRO LAFAYETTE DE ANDRADE,33080399,7.2,0,1,1,4444.28350838368,0625034 ESCOLA MUNICIPAL MOTORISTA PASCHOAL ANDRE,33088284,4.6
0515034 ESCOLA MUNICIPAL EM 0515034 BARAO DE ITARARE,33076022,6.2,0,1,0,4524.084350162655,0625034 ESCOLA MUNICIPAL MOTORISTA PASCHOAL ANDRE,33088284,4.6
0833006 ESCOLA MUNICIPAL CONDESSA PEREIRA CARNEIRO,33080283,6.4,0,1,1,4545.021205681234,0625034 ESCOLA MUNICIPAL MOTORISTA PASCHOAL ANDRE,33088284,4.6
0515027 ESCOLA MUNICIPAL SANTOS DUMONT,33076430,6.0,0,1,0,5236.8956140163355,0625034 ESCOLA MUNICIPAL MOTORISTA PASCHOAL ANDRE,33088284,4.6
0514026 ESCOLA MUNICIPAL FRANCISCO SERTORIO PORTINHO,33074429,6.0,0,1,0,5718.789633508635,0625034 ESCOLA MUNICIPAL MOTORISTA PASCHOAL ANDRE,33088284,4.6
0515061 ESCOLA MUNICIPAL ASPIRANTE CARLOS ALFREDO,33075999,6.5,0,1,1,6116.678857866304,0625034 ESCOLA MUNICIPAL MOTORISTA PASCHOAL ANDRE,33088284,4.6
