nome_escola,cod_inep,ideb,pessimo_pra_bom_bin,ruim_pra_bom_bin,melhora_com_final_bom_bin,distancia,escola_risco,cod_inep_risco,ideb_2017_risco
0625503 CIEP GLAUBER ROCHA,33086494,6.0,0,1,0,1751.009443873954,0625006 ESCOLA MUNICIPAL ERICO VERISSIMO,33088250,4.8
0625021 ESCOLA MUNICIPAL OCTAVIO TARQUINIO DE SOUZA,33087270,6.0,0,1,0,1852.8077698157967,0625006 ESCOLA MUNICIPAL ERICO VERISSIMO,33088250,4.8
0625022 ESCOLA MUNICIPAL MANUEL DE ABREU,33087180,6.1,0,1,0,2637.5682597625328,0625006 ESCOLA MUNICIPAL ERICO VERISSIMO,33088250,4.8
0622021 ESCOLA MUNICIPAL ISAIAS ALVES,33087121,6.3,0,1,0,2770.72031231658,0625006 ESCOLA MUNICIPAL ERICO VERISSIMO,33088250,4.8
0514026 ESCOLA MUNICIPAL FRANCISCO SERTORIO PORTINHO,33074429,6.0,0,1,0,2804.374751864111,0625006 ESCOLA MUNICIPAL ERICO VERISSIMO,33088250,4.8
0431023 ESCOLA MUNICIPAL PRESIDENTE GRONCHI,33070776,6.2,0,1,0,3560.7167115444377,0625006 ESCOLA MUNICIPAL ERICO VERISSIMO,33088250,4.8
0515033 ESCOLA MUNICIPAL OSWALDO GOELDI,33087253,6.0,0,1,0,3569.8413088290285,0625006 ESCOLA MUNICIPAL ERICO VERISSIMO,33088250,4.8
0625016 ESCOLA MUNICIPAL MESTRE VALENTIM,33087229,6.2,0,1,0,3925.8078261178034,0625006 ESCOLA MUNICIPAL ERICO VERISSIMO,33088250,4.8
0514012 ESCOLA MUNICIPAL J CARLOS,33074470,6.7,0,1,0,4118.705305549468,0625006 ESCOLA MUNICIPAL ERICO VERISSIMO,33088250,4.8
0515061 ESCOLA MUNICIPAL ASPIRANTE CARLOS ALFREDO,33075999,6.5,0,1,1,4376.924137634685,0625006 ESCOLA MUNICIPAL ERICO VERISSIMO,33088250,4.8
0833001 ESCOLA MUNICIPAL MADRE BENEDITA,33087172,6.0,1,0,1,4586.000754022593,0625006 ESCOLA MUNICIPAL ERICO VERISSIMO,33088250,4.8
0515034 ESCOLA MUNICIPAL EM 0515034 BARAO DE ITARARE,33076022,6.2,0,1,0,4594.853680719671,0625006 ESCOLA MUNICIPAL ERICO VERISSIMO,33088250,4.8
0515018 ESCOLA MUNICIPAL VIRIATO CORREA,33076456,6.4,0,1,0,4709.420397099964,0625006 ESCOLA MUNICIPAL ERICO VERISSIMO,33088250,4.8
0515027 ESCOLA MUNICIPAL SANTOS DUMONT,33076430,6.0,0,1,0,5126.013892410737,0625006 ESCOLA MUNICIPAL ERICO VERISSIMO,33088250,4.8
0833004 ESCOLA MUNICIPAL ENGENHEIRO LAFAYETTE DE ANDRADE,33080399,7.2,0,1,1,5374.870315241752,0625006 ESCOLA MUNICIPAL ERICO VERISSIMO,33088250,4.8
