nome_escola,cod_inep,ideb,pessimo_pra_bom_bin,ruim_pra_bom_bin,melhora_com_final_bom_bin,distancia,escola_risco,cod_inep_risco,ideb_2017_risco
0514026 ESCOLA MUNICIPAL FRANCISCO SERTORIO PORTINHO,33074429,6.0,0,1,0,2164.2653719053897,0625004 ESCOLA MUNICIPAL GENERAL OSORIO,33087075,5.3
0625503 CIEP GLAUBER ROCHA,33086494,6.0,0,1,0,2364.232403087536,0625004 ESCOLA MUNICIPAL GENERAL OSORIO,33087075,5.3
0625021 ESCOLA MUNICIPAL OCTAVIO TARQUINIO DE SOUZA,33087270,6.0,0,1,0,2525.862854524494,0625004 ESCOLA MUNICIPAL GENERAL OSORIO,33087075,5.3
0622021 ESCOLA MUNICIPAL ISAIAS ALVES,33087121,6.3,0,1,0,2789.4218341464793,0625004 ESCOLA MUNICIPAL GENERAL OSORIO,33087075,5.3
0625022 ESCOLA MUNICIPAL MANUEL DE ABREU,33087180,6.1,0,1,0,3265.762166229849,0625004 ESCOLA MUNICIPAL GENERAL OSORIO,33087075,5.3
0431023 ESCOLA MUNICIPAL PRESIDENTE GRONCHI,33070776,6.2,0,1,0,3273.356838863014,0625004 ESCOLA MUNICIPAL GENERAL OSORIO,33087075,5.3
0514012 ESCOLA MUNICIPAL J CARLOS,33074470,6.7,0,1,0,3573.3050672912614,0625004 ESCOLA MUNICIPAL GENERAL OSORIO,33087075,5.3
0515033 ESCOLA MUNICIPAL OSWALDO GOELDI,33087253,6.0,0,1,0,3578.6410803926756,0625004 ESCOLA MUNICIPAL GENERAL OSORIO,33087075,5.3
0515061 ESCOLA MUNICIPAL ASPIRANTE CARLOS ALFREDO,33075999,6.5,0,1,1,3828.7203891997874,0625004 ESCOLA MUNICIPAL GENERAL OSORIO,33087075,5.3
0515018 ESCOLA MUNICIPAL VIRIATO CORREA,33076456,6.4,0,1,0,4236.286977945118,0625004 ESCOLA MUNICIPAL GENERAL OSORIO,33087075,5.3
0515034 ESCOLA MUNICIPAL EM 0515034 BARAO DE ITARARE,33076022,6.2,0,1,0,4556.123960470389,0625004 ESCOLA MUNICIPAL GENERAL OSORIO,33087075,5.3
0625016 ESCOLA MUNICIPAL MESTRE VALENTIM,33087229,6.2,0,1,0,4618.742026114245,0625004 ESCOLA MUNICIPAL GENERAL OSORIO,33087075,5.3
0833001 ESCOLA MUNICIPAL MADRE BENEDITA,33087172,6.0,1,0,1,4778.361697389655,0625004 ESCOLA MUNICIPAL GENERAL OSORIO,33087075,5.3
0515027 ESCOLA MUNICIPAL SANTOS DUMONT,33076430,6.0,0,1,0,5005.556567856288,0625004 ESCOLA MUNICIPAL GENERAL OSORIO,33087075,5.3
0515019 ESCOLA MUNICIPAL WALDEMIRO POTSCH,33076472,6.0,0,1,0,5073.911242944689,0625004 ESCOLA MUNICIPAL GENERAL OSORIO,33087075,5.3
