nome_escola,cod_inep,ideb,pessimo_pra_bom_bin,ruim_pra_bom_bin,melhora_com_final_bom_bin,distancia,escola_risco,cod_inep_risco,ideb_2017_risco
0625503 CIEP GLAUBER ROCHA,33086494,6.0,0,1,0,1697.528572046608,0625027 ESCOLA MUNICIPAL ANDREA FONTES PEIXOTO,33088225,5.2
0431023 ESCOLA MUNICIPAL PRESIDENTE GRONCHI,33070776,6.2,0,1,0,2013.8776335339862,0625027 ESCOLA MUNICIPAL ANDREA FONTES PEIXOTO,33088225,5.2
0625021 ESCOLA MUNICIPAL OCTAVIO TARQUINIO DE SOUZA,33087270,6.0,0,1,0,2026.278983743608,0625027 ESCOLA MUNICIPAL ANDREA FONTES PEIXOTO,33088225,5.2
0514026 ESCOLA MUNICIPAL FRANCISCO SERTORIO PORTINHO,33074429,6.0,0,1,0,2171.0968043896055,0625027 ESCOLA MUNICIPAL ANDREA FONTES PEIXOTO,33088225,5.2
0625022 ESCOLA MUNICIPAL MANUEL DE ABREU,33087180,6.1,0,1,0,2420.009392924283,0625027 ESCOLA MUNICIPAL ANDREA FONTES PEIXOTO,33088225,5.2
0514012 ESCOLA MUNICIPAL J CARLOS,33074470,6.7,0,1,0,2992.688440022104,0625027 ESCOLA MUNICIPAL ANDREA FONTES PEIXOTO,33088225,5.2
0622021 ESCOLA MUNICIPAL ISAIAS ALVES,33087121,6.3,0,1,0,4389.38592462289,0625027 ESCOLA MUNICIPAL ANDREA FONTES PEIXOTO,33088225,5.2
0625016 ESCOLA MUNICIPAL MESTRE VALENTIM,33087229,6.2,0,1,0,5111.108063581031,0625027 ESCOLA MUNICIPAL ANDREA FONTES PEIXOTO,33088225,5.2
0515033 ESCOLA MUNICIPAL OSWALDO GOELDI,33087253,6.0,0,1,0,5189.800491691349,0625027 ESCOLA MUNICIPAL ANDREA FONTES PEIXOTO,33088225,5.2
0515061 ESCOLA MUNICIPAL ASPIRANTE CARLOS ALFREDO,33075999,6.5,0,1,1,5371.235064920358,0625027 ESCOLA MUNICIPAL ANDREA FONTES PEIXOTO,33088225,5.2
0411023 ESCOLA MUNICIPAL MINISTRO PLINIO CASADO,33070717,6.1,0,1,0,5616.471730541081,0625027 ESCOLA MUNICIPAL ANDREA FONTES PEIXOTO,33088225,5.2
0515018 ESCOLA MUNICIPAL VIRIATO CORREA,33076456,6.4,0,1,0,5845.123677380788,0625027 ESCOLA MUNICIPAL ANDREA FONTES PEIXOTO,33088225,5.2
0515034 ESCOLA MUNICIPAL EM 0515034 BARAO DE ITARARE,33076022,6.2,0,1,0,6195.64996816796,0625027 ESCOLA MUNICIPAL ANDREA FONTES PEIXOTO,33088225,5.2
0833001 ESCOLA MUNICIPAL MADRE BENEDITA,33087172,6.0,1,0,1,6256.28491298853,0625027 ESCOLA MUNICIPAL ANDREA FONTES PEIXOTO,33088225,5.2
0515027 ESCOLA MUNICIPAL SANTOS DUMONT,33076430,6.0,0,1,0,6676.53012170491,0625027 ESCOLA MUNICIPAL ANDREA FONTES PEIXOTO,33088225,5.2
