nome_escola,cod_inep,ideb,pessimo_pra_bom_bin,ruim_pra_bom_bin,melhora_com_final_bom_bin,distancia,escola_risco,cod_inep_risco,ideb_2017_risco
0514026 ESCOLA MUNICIPAL FRANCISCO SERTORIO PORTINHO,33074429,6.0,0,1,0,1253.6550976723977,0625501 CIEP DOUTOR ADAO PEREIRA NUNES,33088063,4.9
0431023 ESCOLA MUNICIPAL PRESIDENTE GRONCHI,33070776,6.2,0,1,0,2193.4322752844014,0625501 CIEP DOUTOR ADAO PEREIRA NUNES,33088063,4.9
0514012 ESCOLA MUNICIPAL J CARLOS,33074470,6.7,0,1,0,2512.3497973233543,0625501 CIEP DOUTOR ADAO PEREIRA NUNES,33088063,4.9
0625503 CIEP GLAUBER ROCHA,33086494,6.0,0,1,0,2573.6982066505334,0625501 CIEP DOUTOR ADAO PEREIRA NUNES,33088063,4.9
0625021 ESCOLA MUNICIPAL OCTAVIO TARQUINIO DE SOUZA,33087270,6.0,0,1,0,2847.0685517917523,0625501 CIEP DOUTOR ADAO PEREIRA NUNES,33088063,4.9
0625022 ESCOLA MUNICIPAL MANUEL DE ABREU,33087180,6.1,0,1,0,3411.5133823271703,0625501 CIEP DOUTOR ADAO PEREIRA NUNES,33088063,4.9
0622021 ESCOLA MUNICIPAL ISAIAS ALVES,33087121,6.3,0,1,0,3860.4724894624273,0625501 CIEP DOUTOR ADAO PEREIRA NUNES,33088063,4.9
0515061 ESCOLA MUNICIPAL ASPIRANTE CARLOS ALFREDO,33075999,6.5,0,1,1,4328.339738732714,0625501 CIEP DOUTOR ADAO PEREIRA NUNES,33088063,4.9
0515033 ESCOLA MUNICIPAL OSWALDO GOELDI,33087253,6.0,0,1,0,4634.414477752518,0625501 CIEP DOUTOR ADAO PEREIRA NUNES,33088063,4.9
0515018 ESCOLA MUNICIPAL VIRIATO CORREA,33076456,6.4,0,1,0,4849.009351086793,0625501 CIEP DOUTOR ADAO PEREIRA NUNES,33088063,4.9
0411023 ESCOLA MUNICIPAL MINISTRO PLINIO CASADO,33070717,6.1,0,1,0,4981.384240560629,0625501 CIEP DOUTOR ADAO PEREIRA NUNES,33088063,4.9
0625016 ESCOLA MUNICIPAL MESTRE VALENTIM,33087229,6.2,0,1,0,5507.592141845869,0625501 CIEP DOUTOR ADAO PEREIRA NUNES,33088063,4.9
0515034 ESCOLA MUNICIPAL EM 0515034 BARAO DE ITARARE,33076022,6.2,0,1,0,5577.909009194228,0625501 CIEP DOUTOR ADAO PEREIRA NUNES,33088063,4.9
0515019 ESCOLA MUNICIPAL WALDEMIRO POTSCH,33076472,6.0,0,1,0,5762.712094841687,0625501 CIEP DOUTOR ADAO PEREIRA NUNES,33088063,4.9
0515017 ESCOLA MUNICIPAL MARIA DAS DORES NEGRAO,33076235,6.6,0,1,0,5785.774050378972,0625501 CIEP DOUTOR ADAO PEREIRA NUNES,33088063,4.9
