nome_escola,cod_inep,ideb,pessimo_pra_bom_bin,ruim_pra_bom_bin,melhora_com_final_bom_bin,distancia,escola_risco,cod_inep_risco,ideb_2017_risco
0734501 CIEP LUIZ CARLOS PRESTES,33076936,6.1,1,0,1,505.11859703003626,0716032 ESCOLA MUNICIPAL COMPOSITOR LUIZ GONZAGA,33077789,5.3
0734006 ESCOLA MUNICIPAL FREDERICO EYER,33077908,6.4,0,1,0,1371.1334934491015,0716032 ESCOLA MUNICIPAL COMPOSITOR LUIZ GONZAGA,33077789,5.3
0716053 ESCOLA MUNICIPAL PROFESSORA DYLA SYLVIA DE SA,33078262,6.4,0,1,1,2201.1195976916347,0716032 ESCOLA MUNICIPAL COMPOSITOR LUIZ GONZAGA,33077789,5.3
0716008 ESCOLA MUNICIPAL MANO DECIO DA VIOLA,33078122,6.2,0,1,0,3186.4908964359306,0716032 ESCOLA MUNICIPAL COMPOSITOR LUIZ GONZAGA,33077789,5.3
0716057 ESCOLA MUNICIPAL EMBAIXADOR DIAS CARNEIRO,33077843,6.6,0,1,1,3855.256218315285,0716032 ESCOLA MUNICIPAL COMPOSITOR LUIZ GONZAGA,33077789,5.3
0716036 ESCOLA MUNICIPAL LINCOLN BICALHO ROQUE,33078084,6.0,0,1,0,3930.8033982639067,0716032 ESCOLA MUNICIPAL COMPOSITOR LUIZ GONZAGA,33077789,5.3
0716051 ESCOLA MUNICIPAL PROFESSOR AUGUSTO CONY,33078254,6.1,0,1,0,4152.161511618776,0716032 ESCOLA MUNICIPAL COMPOSITOR LUIZ GONZAGA,33077789,5.3
0716073 ESCOLA MUNICIPAL ROBERTO BURLE MARX,33146268,7.8,0,1,1,5028.079647980145,0716032 ESCOLA MUNICIPAL COMPOSITOR LUIZ GONZAGA,33077789,5.3
0716052 ESCOLA MUNICIPAL ROSA DO POVO,33078335,6.4,1,0,1,5490.216420213179,0716032 ESCOLA MUNICIPAL COMPOSITOR LUIZ GONZAGA,33077789,5.3
0716061 ESCOLA MUNICIPAL MORVAN DE FIGUEIREDO,33078173,6.3,1,0,1,5588.083968600658,0716032 ESCOLA MUNICIPAL COMPOSITOR LUIZ GONZAGA,33077789,5.3
0716043 ESCOLA MUNICIPAL GASTAO MONTEIRO MOUTINHO,33077932,6.2,1,0,1,6505.830537828696,0716032 ESCOLA MUNICIPAL COMPOSITOR LUIZ GONZAGA,33077789,5.3
0515041 ESCOLA MUNICIPAL OSWALDO TEIXEIRA,33076278,6.2,0,1,0,7270.503915757446,0716032 ESCOLA MUNICIPAL COMPOSITOR LUIZ GONZAGA,33077789,5.3
0716009 ESCOLA MUNICIPAL DENISE MARIA TORRES,33077819,6.1,0,1,0,7378.0212274849755,0716032 ESCOLA MUNICIPAL COMPOSITOR LUIZ GONZAGA,33077789,5.3
0716006 ESCOLA MUNICIPAL DESEMBARGADOR NEY PALMEIRO,33077827,6.6,1,0,1,7409.467441785762,0716032 ESCOLA MUNICIPAL COMPOSITOR LUIZ GONZAGA,33077789,5.3
0724016 ESCOLA MUNICIPAL HEMETERIO DOS SANTOS,33077959,6.3,0,1,1,7627.218502120425,0716032 ESCOLA MUNICIPAL COMPOSITOR LUIZ GONZAGA,33077789,5.3
