nome_escola,cod_inep,ideb,pessimo_pra_bom_bin,ruim_pra_bom_bin,melhora_com_final_bom_bin,distancia,escola_risco,cod_inep_risco,ideb_2017_risco
0716036 ESCOLA MUNICIPAL LINCOLN BICALHO ROQUE,33078084,6.0,0,1,0,1692.922304824504,0716004 ESCOLA MUNICIPAL JULIANO MOREIRA,33078041,4.9
0716009 ESCOLA MUNICIPAL DENISE MARIA TORRES,33077819,6.1,0,1,0,2130.405918531895,0716004 ESCOLA MUNICIPAL JULIANO MOREIRA,33078041,4.9
0716043 ESCOLA MUNICIPAL GASTAO MONTEIRO MOUTINHO,33077932,6.2,1,0,1,2615.628549388785,0716004 ESCOLA MUNICIPAL JULIANO MOREIRA,33078041,4.9
0716052 ESCOLA MUNICIPAL ROSA DO POVO,33078335,6.4,1,0,1,2821.13030912779,0716004 ESCOLA MUNICIPAL JULIANO MOREIRA,33078041,4.9
0716008 ESCOLA MUNICIPAL MANO DECIO DA VIOLA,33078122,6.2,0,1,0,2863.948347742443,0716004 ESCOLA MUNICIPAL JULIANO MOREIRA,33078041,4.9
0716053 ESCOLA MUNICIPAL PROFESSORA DYLA SYLVIA DE SA,33078262,6.4,0,1,1,3388.120128258246,0716004 ESCOLA MUNICIPAL JULIANO MOREIRA,33078041,4.9
0716051 ESCOLA MUNICIPAL PROFESSOR AUGUSTO CONY,33078254,6.1,0,1,0,3788.083378912597,0716004 ESCOLA MUNICIPAL JULIANO MOREIRA,33078041,4.9
0734006 ESCOLA MUNICIPAL FREDERICO EYER,33077908,6.4,0,1,0,4007.672110198995,0716004 ESCOLA MUNICIPAL JULIANO MOREIRA,33078041,4.9
0716057 ESCOLA MUNICIPAL EMBAIXADOR DIAS CARNEIRO,33077843,6.6,0,1,1,4173.288387630797,0716004 ESCOLA MUNICIPAL JULIANO MOREIRA,33078041,4.9
0716073 ESCOLA MUNICIPAL ROBERTO BURLE MARX,33146268,7.8,0,1,1,4282.688843318093,0716004 ESCOLA MUNICIPAL JULIANO MOREIRA,33078041,4.9
0716006 ESCOLA MUNICIPAL DESEMBARGADOR NEY PALMEIRO,33077827,6.6,1,0,1,4748.499845775875,0716004 ESCOLA MUNICIPAL JULIANO MOREIRA,33078041,4.9
0734501 CIEP LUIZ CARLOS PRESTES,33076936,6.1,1,0,1,4881.715573720946,0716004 ESCOLA MUNICIPAL JULIANO MOREIRA,33078041,4.9
0724016 ESCOLA MUNICIPAL HEMETERIO DOS SANTOS,33077959,6.3,0,1,1,5156.688626135954,0716004 ESCOLA MUNICIPAL JULIANO MOREIRA,33078041,4.9
0833505 CIEP ARACY DE ALMEIDA CANTORA,33079080,6.8,0,1,1,5386.945638280443,0716004 ESCOLA MUNICIPAL JULIANO MOREIRA,33078041,4.9
0716502 CIEP ALMIR BONFIM DE ANDRADE,33076880,6.3,0,1,1,6283.562360817954,0716004 ESCOLA MUNICIPAL JULIANO MOREIRA,33078041,4.9
