nome_escola,cod_inep,ideb,pessimo_pra_bom_bin,ruim_pra_bom_bin,melhora_com_final_bom_bin,distancia,escola_risco,cod_inep_risco,ideb_2017_risco
0716061 ESCOLA MUNICIPAL MORVAN DE FIGUEIREDO,33078173,6.3,1,0,1,1005.5116231269052,0716059 ESCOLA MUNICIPAL HONDURAS,33077967,5.1
0716502 CIEP ALMIR BONFIM DE ANDRADE,33076880,6.3,0,1,1,2619.0395353241975,0716059 ESCOLA MUNICIPAL HONDURAS,33077967,5.1
0515054 ESCOLA MUNICIPAL CARDEAL ARCOVERDE,33076049,6.3,0,1,1,2710.378088515939,0716059 ESCOLA MUNICIPAL HONDURAS,33077967,5.1
0716057 ESCOLA MUNICIPAL EMBAIXADOR DIAS CARNEIRO,33077843,6.6,0,1,1,2793.913986388051,0716059 ESCOLA MUNICIPAL HONDURAS,33077967,5.1
0716051 ESCOLA MUNICIPAL PROFESSOR AUGUSTO CONY,33078254,6.1,0,1,0,2866.5637388291498,0716059 ESCOLA MUNICIPAL HONDURAS,33077967,5.1
0515502 CIEP PROFESSOR MANOEL MAURICIO DE ALBUQUERQUE,33075069,6.1,1,0,1,2985.5506065330055,0716059 ESCOLA MUNICIPAL HONDURAS,33077967,5.1
0515017 ESCOLA MUNICIPAL MARIA DAS DORES NEGRAO,33076235,6.6,0,1,0,3177.631315528615,0716059 ESCOLA MUNICIPAL HONDURAS,33077967,5.1
0515019 ESCOLA MUNICIPAL WALDEMIRO POTSCH,33076472,6.0,0,1,0,3180.2018439925364,0716059 ESCOLA MUNICIPAL HONDURAS,33077967,5.1
0515041 ESCOLA MUNICIPAL OSWALDO TEIXEIRA,33076278,6.2,0,1,0,3443.653103944437,0716059 ESCOLA MUNICIPAL HONDURAS,33077967,5.1
0515037 ESCOLA MUNICIPAL HAITI,33076162,6.2,0,1,0,3626.1174796376245,0716059 ESCOLA MUNICIPAL HONDURAS,33077967,5.1
0833505 CIEP ARACY DE ALMEIDA CANTORA,33079080,6.8,0,1,1,3643.364137794716,0716059 ESCOLA MUNICIPAL HONDURAS,33077967,5.1
0716052 ESCOLA MUNICIPAL ROSA DO POVO,33078335,6.4,1,0,1,3683.4628117036063,0716059 ESCOLA MUNICIPAL HONDURAS,33077967,5.1
0515053 ESCOLA MUNICIPAL SENADOR FRANCISCO GALLOTTI,33076448,6.4,0,1,1,3708.8958367894547,0716059 ESCOLA MUNICIPAL HONDURAS,33077967,5.1
0515503 CIEP METALURGICO BENEDITO CERQUEIRA,33075077,6.0,1,0,1,3829.652086577677,0716059 ESCOLA MUNICIPAL HONDURAS,33077967,5.1
0515018 ESCOLA MUNICIPAL VIRIATO CORREA,33076456,6.4,0,1,0,3948.812189878434,0716059 ESCOLA MUNICIPAL HONDURAS,33077967,5.1
