nome_escola,cod_inep,ideb,pessimo_pra_bom_bin,ruim_pra_bom_bin,melhora_com_final_bom_bin,distancia,escola_risco,cod_inep_risco,ideb_2017_risco
0716061 ESCOLA MUNICIPAL MORVAN DE FIGUEIREDO,33078173,6.3,1,0,1,1788.417120714704,0716062 ESCOLA MUNICIPAL JOSE JOAQUIM DE QUEIROZ JUNIOR,33078025,5.0
0716502 CIEP ALMIR BONFIM DE ANDRADE,33076880,6.3,0,1,1,2044.6239299475653,0716062 ESCOLA MUNICIPAL JOSE JOAQUIM DE QUEIROZ JUNIOR,33078025,5.0
0515054 ESCOLA MUNICIPAL CARDEAL ARCOVERDE,33076049,6.3,0,1,1,2159.77912784404,0716062 ESCOLA MUNICIPAL JOSE JOAQUIM DE QUEIROZ JUNIOR,33078025,5.0
0515017 ESCOLA MUNICIPAL MARIA DAS DORES NEGRAO,33076235,6.6,0,1,0,2386.61348057753,0716062 ESCOLA MUNICIPAL JOSE JOAQUIM DE QUEIROZ JUNIOR,33078025,5.0
0515019 ESCOLA MUNICIPAL WALDEMIRO POTSCH,33076472,6.0,0,1,0,2393.0575386348237,0716062 ESCOLA MUNICIPAL JOSE JOAQUIM DE QUEIROZ JUNIOR,33078025,5.0
0515502 CIEP PROFESSOR MANOEL MAURICIO DE ALBUQUERQUE,33075069,6.1,1,0,1,2991.9367599895536,0716062 ESCOLA MUNICIPAL JOSE JOAQUIM DE QUEIROZ JUNIOR,33078025,5.0
0515018 ESCOLA MUNICIPAL VIRIATO CORREA,33076456,6.4,0,1,0,3214.571315108022,0716062 ESCOLA MUNICIPAL JOSE JOAQUIM DE QUEIROZ JUNIOR,33078025,5.0
0833505 CIEP ARACY DE ALMEIDA CANTORA,33079080,6.8,0,1,1,3271.9576350317116,0716062 ESCOLA MUNICIPAL JOSE JOAQUIM DE QUEIROZ JUNIOR,33078025,5.0
0716051 ESCOLA MUNICIPAL PROFESSOR AUGUSTO CONY,33078254,6.1,0,1,0,3482.241854787217,0716062 ESCOLA MUNICIPAL JOSE JOAQUIM DE QUEIROZ JUNIOR,33078025,5.0
0716057 ESCOLA MUNICIPAL EMBAIXADOR DIAS CARNEIRO,33077843,6.6,0,1,1,3488.871381446606,0716062 ESCOLA MUNICIPAL JOSE JOAQUIM DE QUEIROZ JUNIOR,33078025,5.0
0515503 CIEP METALURGICO BENEDITO CERQUEIRA,33075077,6.0,1,0,1,3633.627811842781,0716062 ESCOLA MUNICIPAL JOSE JOAQUIM DE QUEIROZ JUNIOR,33078025,5.0
0515053 ESCOLA MUNICIPAL SENADOR FRANCISCO GALLOTTI,33076448,6.4,0,1,1,3707.46144522643,0716062 ESCOLA MUNICIPAL JOSE JOAQUIM DE QUEIROZ JUNIOR,33078025,5.0
0515041 ESCOLA MUNICIPAL OSWALDO TEIXEIRA,33076278,6.2,0,1,0,3732.8779560126086,0716062 ESCOLA MUNICIPAL JOSE JOAQUIM DE QUEIROZ JUNIOR,33078025,5.0
0515061 ESCOLA MUNICIPAL ASPIRANTE CARLOS ALFREDO,33075999,6.5,0,1,1,3744.020904369949,0716062 ESCOLA MUNICIPAL JOSE JOAQUIM DE QUEIROZ JUNIOR,33078025,5.0
0515027 ESCOLA MUNICIPAL SANTOS DUMONT,33076430,6.0,0,1,0,3767.4086621951346,0716062 ESCOLA MUNICIPAL JOSE JOAQUIM DE QUEIROZ JUNIOR,33078025,5.0
