nome_escola,cod_inep,ideb,pessimo_pra_bom_bin,ruim_pra_bom_bin,melhora_com_final_bom_bin,distancia,escola_risco,cod_inep_risco,ideb_2017_risco
0716009 ESCOLA MUNICIPAL DENISE MARIA TORRES,33077819,6.1,0,1,0,1688.6468976846527,0716002 ESCOLA MUNICIPAL LUIZ CAMILLO,33078092,5.4
0716043 ESCOLA MUNICIPAL GASTAO MONTEIRO MOUTINHO,33077932,6.2,1,0,1,3410.0900866113066,0716002 ESCOLA MUNICIPAL LUIZ CAMILLO,33078092,5.4
0833037 ESCOLA MUNICIPAL CARLOS MAUL,33080208,6.1,0,1,0,3918.0556417019125,0716002 ESCOLA MUNICIPAL LUIZ CAMILLO,33078092,5.4
0716052 ESCOLA MUNICIPAL ROSA DO POVO,33078335,6.4,1,0,1,4622.958305670323,0716002 ESCOLA MUNICIPAL LUIZ CAMILLO,33078092,5.4
0833023 ESCOLA MUNICIPAL PINTOR LAZAR SEGALL,33080925,6.0,0,1,0,4938.218748460561,0716002 ESCOLA MUNICIPAL LUIZ CAMILLO,33078092,5.4
0833505 CIEP ARACY DE ALMEIDA CANTORA,33079080,6.8,0,1,1,5152.456390746102,0716002 ESCOLA MUNICIPAL LUIZ CAMILLO,33078092,5.4
0716036 ESCOLA MUNICIPAL LINCOLN BICALHO ROQUE,33078084,6.0,0,1,0,5440.324917412662,0716002 ESCOLA MUNICIPAL LUIZ CAMILLO,33078092,5.4
0833019 ESCOLA MUNICIPAL LIMA BARRETO,33080720,6.5,1,0,1,5725.029856780286,0716002 ESCOLA MUNICIPAL LUIZ CAMILLO,33078092,5.4
0833034 ESCOLA MUNICIPAL SENADOR CAMARA,33081158,6.4,0,1,1,5744.886292521656,0716002 ESCOLA MUNICIPAL LUIZ CAMILLO,33078092,5.4
0817018 ESCOLA MUNICIPAL LEONIDAS SOBRINO PORTO,33080712,6.0,0,1,0,5770.294052098952,0716002 ESCOLA MUNICIPAL LUIZ CAMILLO,33078092,5.4
0833012 ESCOLA MUNICIPAL ALVARO ALVIM,33080062,6.5,0,1,0,5868.029525815003,0716002 ESCOLA MUNICIPAL LUIZ CAMILLO,33078092,5.4
0716051 ESCOLA MUNICIPAL PROFESSOR AUGUSTO CONY,33078254,6.1,0,1,0,6367.721091392924,0716002 ESCOLA MUNICIPAL LUIZ CAMILLO,33078092,5.4
0716502 CIEP ALMIR BONFIM DE ANDRADE,33076880,6.3,0,1,1,6540.438041547083,0716002 ESCOLA MUNICIPAL LUIZ CAMILLO,33078092,5.4
0716008 ESCOLA MUNICIPAL MANO DECIO DA VIOLA,33078122,6.2,0,1,0,6586.190422907043,0716002 ESCOLA MUNICIPAL LUIZ CAMILLO,33078092,5.4
0716006 ESCOLA MUNICIPAL DESEMBARGADOR NEY PALMEIRO,33077827,6.6,1,0,1,6598.326152957159,0716002 ESCOLA MUNICIPAL LUIZ CAMILLO,33078092,5.4
