nome_escola,cod_inep,ideb,pessimo_pra_bom_bin,ruim_pra_bom_bin,melhora_com_final_bom_bin,distancia,escola_risco,cod_inep_risco,ideb_2017_risco
0724002 ESCOLA MUNICIPAL ALMEIDA GARRET,33087792,6.3,0,1,0,686.375918167066,0724003 ESCOLA MUNICIPAL JACKSON DE FIGUEIREDO,33087849,5.4
0206022 ESCOLA MUNICIPAL LUCIA MIGUEL PEREIRA,33065721,6.5,1,0,1,3314.1968677344207,0724003 ESCOLA MUNICIPAL JACKSON DE FIGUEIREDO,33087849,5.4
0227501 CIEP DOUTOR BENTO RUBIAO,33087601,6.4,1,0,1,5735.630828768836,0724003 ESCOLA MUNICIPAL JACKSON DE FIGUEIREDO,33087849,5.4
0227001 ESCOLA MUNICIPAL ABELARDO CHACRINHA BARBOSA,33087784,6.0,1,0,1,6252.843309787841,0724003 ESCOLA MUNICIPAL JACKSON DE FIGUEIREDO,33087849,5.4
0206018 ESCOLA MUNICIPAL LUIZ DELFINO,33065730,6.3,0,1,0,8176.384181173272,0724003 ESCOLA MUNICIPAL JACKSON DE FIGUEIREDO,33087849,5.4
0208021 ESCOLA MUNICIPAL MARIO FACCINI,33067163,6.5,0,1,0,8271.451050516667,0724003 ESCOLA MUNICIPAL JACKSON DE FIGUEIREDO,33087849,5.4
0206502 CIEP NACAO RUBRO NEGRA,33065225,6.1,1,0,1,9310.977261381324,0724003 ESCOLA MUNICIPAL JACKSON DE FIGUEIREDO,33087849,5.4
0734501 CIEP LUIZ CARLOS PRESTES,33076936,6.1,1,0,1,9336.65911028584,0724003 ESCOLA MUNICIPAL JACKSON DE FIGUEIREDO,33087849,5.4
0208502 CIEP DOUTOR ANTOINE MAGARINOS TORRES FILHO,33066507,6.0,1,0,1,9642.454616437832,0724003 ESCOLA MUNICIPAL JACKSON DE FIGUEIREDO,33087849,5.4
0734006 ESCOLA MUNICIPAL FREDERICO EYER,33077908,6.4,0,1,0,10242.485908833061,0724003 ESCOLA MUNICIPAL JACKSON DE FIGUEIREDO,33087849,5.4
0206011 ESCOLA MUNICIPAL SHAKESPEARE,33065810,6.4,1,0,1,10739.199814637463,0724003 ESCOLA MUNICIPAL JACKSON DE FIGUEIREDO,33087849,5.4
0209019 ESCOLA MUNICIPAL AFRANIO PEIXOTO,33068216,6.7,0,1,1,10965.811467247162,0724003 ESCOLA MUNICIPAL JACKSON DE FIGUEIREDO,33087849,5.4
0716008 ESCOLA MUNICIPAL MANO DECIO DA VIOLA,33078122,6.2,0,1,0,11072.251983552882,0724003 ESCOLA MUNICIPAL JACKSON DE FIGUEIREDO,33087849,5.4
0716073 ESCOLA MUNICIPAL ROBERTO BURLE MARX,33146268,7.8,0,1,1,11114.795675889192,0724003 ESCOLA MUNICIPAL JACKSON DE FIGUEIREDO,33087849,5.4
0716053 ESCOLA MUNICIPAL PROFESSORA DYLA SYLVIA DE SA,33078262,6.4,0,1,1,11148.117736191132,0724003 ESCOLA MUNICIPAL JACKSON DE FIGUEIREDO,33087849,5.4
