nome_escola,cod_inep,ideb,pessimo_pra_bom_bin,ruim_pra_bom_bin,melhora_com_final_bom_bin,distancia,escola_risco,cod_inep_risco,ideb_2017_risco
0724011 ESCOLA MUNICIPAL VICE-ALMTE ALVARO ALBERTO DA MOTTA SILVA,33087962,6.1,0,1,0,2257.962759143279,0724026 ESCOLA MUNICIPAL EMBAIXADOR ITALO ZAPPA,33132984,5.4
0724016 ESCOLA MUNICIPAL HEMETERIO DOS SANTOS,33077959,6.3,0,1,1,3041.839647375085,0724026 ESCOLA MUNICIPAL EMBAIXADOR ITALO ZAPPA,33132984,5.4
0724018 ESCOLA MUNICIPAL SAO SEBASTIAO,33078343,6.1,0,1,0,3249.303373069803,0724026 ESCOLA MUNICIPAL EMBAIXADOR ITALO ZAPPA,33132984,5.4
0716006 ESCOLA MUNICIPAL DESEMBARGADOR NEY PALMEIRO,33077827,6.6,1,0,1,3395.152387964487,0724026 ESCOLA MUNICIPAL EMBAIXADOR ITALO ZAPPA,33132984,5.4
0716073 ESCOLA MUNICIPAL ROBERTO BURLE MARX,33146268,7.8,0,1,1,5471.378803007578,0724026 ESCOLA MUNICIPAL EMBAIXADOR ITALO ZAPPA,33132984,5.4
0716008 ESCOLA MUNICIPAL MANO DECIO DA VIOLA,33078122,6.2,0,1,0,7666.697789723957,0724026 ESCOLA MUNICIPAL EMBAIXADOR ITALO ZAPPA,33132984,5.4
0716036 ESCOLA MUNICIPAL LINCOLN BICALHO ROQUE,33078084,6.0,0,1,0,7770.920172379263,0724026 ESCOLA MUNICIPAL EMBAIXADOR ITALO ZAPPA,33132984,5.4
0716009 ESCOLA MUNICIPAL DENISE MARIA TORRES,33077819,6.1,0,1,0,8747.250630226012,0724026 ESCOLA MUNICIPAL EMBAIXADOR ITALO ZAPPA,33132984,5.4
0734006 ESCOLA MUNICIPAL FREDERICO EYER,33077908,6.4,0,1,0,9780.905269909328,0724026 ESCOLA MUNICIPAL EMBAIXADOR ITALO ZAPPA,33132984,5.4
0716053 ESCOLA MUNICIPAL PROFESSORA DYLA SYLVIA DE SA,33078262,6.4,0,1,1,9928.46446035461,0724026 ESCOLA MUNICIPAL EMBAIXADOR ITALO ZAPPA,33132984,5.4
0734501 CIEP LUIZ CARLOS PRESTES,33076936,6.1,1,0,1,10083.778835604548,0724026 ESCOLA MUNICIPAL EMBAIXADOR ITALO ZAPPA,33132984,5.4
0716043 ESCOLA MUNICIPAL GASTAO MONTEIRO MOUTINHO,33077932,6.2,1,0,1,10491.570059003012,0724026 ESCOLA MUNICIPAL EMBAIXADOR ITALO ZAPPA,33132984,5.4
0716052 ESCOLA MUNICIPAL ROSA DO POVO,33078335,6.4,1,0,1,10878.781133544988,0724026 ESCOLA MUNICIPAL EMBAIXADOR ITALO ZAPPA,33132984,5.4
0716051 ESCOLA MUNICIPAL PROFESSOR AUGUSTO CONY,33078254,6.1,0,1,0,11527.511475906484,0724026 ESCOLA MUNICIPAL EMBAIXADOR ITALO ZAPPA,33132984,5.4
0716057 ESCOLA MUNICIPAL EMBAIXADOR DIAS CARNEIRO,33077843,6.6,0,1,1,11767.520551819236,0724026 ESCOLA MUNICIPAL EMBAIXADOR ITALO ZAPPA,33132984,5.4
