nome_escola,cod_inep,ideb,pessimo_pra_bom_bin,ruim_pra_bom_bin,melhora_com_final_bom_bin,distancia,escola_risco,cod_inep_risco,ideb_2017_risco
1026014 ESCOLA MUNICIPAL EUCLIDES ROXO,33082871,6.8,0,1,1,2737.4431270564887,0724023 ESCOLA MUNICIPAL PROFESSOR JURANDIR PAES LEME,33087903,5.4
1026011 ESCOLA MUNICIPAL FLORIPES ANGLADAS LUCAS,33082910,6.3,1,0,1,4908.250263237742,0724023 ESCOLA MUNICIPAL PROFESSOR JURANDIR PAES LEME,33087903,5.4
1026004 ESCOLA MUNICIPAL LEONCIO CORREIA,33083045,6.0,0,1,0,6915.169153659452,0724023 ESCOLA MUNICIPAL PROFESSOR JURANDIR PAES LEME,33087903,5.4
1026013 ESCOLA MUNICIPAL ANA NERI,33082618,6.4,0,1,1,7142.446935097955,0724023 ESCOLA MUNICIPAL PROFESSOR JURANDIR PAES LEME,33087903,5.4
0724018 ESCOLA MUNICIPAL SAO SEBASTIAO,33078343,6.1,0,1,0,8603.857781553104,0724023 ESCOLA MUNICIPAL PROFESSOR JURANDIR PAES LEME,33087903,5.4
0724011 ESCOLA MUNICIPAL VICE-ALMTE ALVARO ALBERTO DA MOTTA SILVA,33087962,6.1,0,1,0,10414.17693251965,0724023 ESCOLA MUNICIPAL PROFESSOR JURANDIR PAES LEME,33087903,5.4
0918505 CIEP ANITA MALFATTI,33081778,6.1,0,1,0,12543.680698997732,0724023 ESCOLA MUNICIPAL PROFESSOR JURANDIR PAES LEME,33087903,5.4
0918030 ESCOLA MUNICIPAL RAYMUNDO CORREA,33083355,6.7,0,1,1,12840.299416262513,0724023 ESCOLA MUNICIPAL PROFESSOR JURANDIR PAES LEME,33087903,5.4
1026017 ESCOLA MUNICIPAL GIUSEPPE MELCHIORI - PADRE JOSE,33140081,6.0,0,1,0,13105.640152563634,0724023 ESCOLA MUNICIPAL PROFESSOR JURANDIR PAES LEME,33087903,5.4
0918025 ESCOLA MUNICIPAL MIGUEL DE LARREINAGA,33083100,6.7,0,1,0,13181.027639664138,0724023 ESCOLA MUNICIPAL PROFESSOR JURANDIR PAES LEME,33087903,5.4
0918022 ESCOLA MUNICIPAL CASTRO ALVES,33082715,6.1,0,1,0,13240.155467176484,0724023 ESCOLA MUNICIPAL PROFESSOR JURANDIR PAES LEME,33087903,5.4
0918029 ESCOLA MUNICIPAL PRESIDENTE ARTHUR BERNARDES,33083185,6.5,0,1,0,13567.442749162894,0724023 ESCOLA MUNICIPAL PROFESSOR JURANDIR PAES LEME,33087903,5.4
0724016 ESCOLA MUNICIPAL HEMETERIO DOS SANTOS,33077959,6.3,0,1,1,13651.774679547432,0724023 ESCOLA MUNICIPAL PROFESSOR JURANDIR PAES LEME,33087903,5.4
0716006 ESCOLA MUNICIPAL DESEMBARGADOR NEY PALMEIRO,33077827,6.6,1,0,1,13926.14609416667,0724023 ESCOLA MUNICIPAL PROFESSOR JURANDIR PAES LEME,33087903,5.4
1026007 ESCOLA MUNICIPAL PROFESSORA LEOCADIA TORRES,33083320,6.2,1,0,1,14277.762263072764,0724023 ESCOLA MUNICIPAL PROFESSOR JURANDIR PAES LEME,33087903,5.4
