nome_escola,cod_inep,ideb,pessimo_pra_bom_bin,ruim_pra_bom_bin,melhora_com_final_bom_bin,distancia,escola_risco,cod_inep_risco,ideb_2017_risco
0716008 ESCOLA MUNICIPAL MANO DECIO DA VIOLA,33078122,6.2,0,1,0,1041.768522982045,0734008 ESCOLA MUNICIPAL JOAQUIM FONTES,33077983,4.1
0734006 ESCOLA MUNICIPAL FREDERICO EYER,33077908,6.4,0,1,0,1112.167012723474,0734008 ESCOLA MUNICIPAL JOAQUIM FONTES,33077983,4.1
0716053 ESCOLA MUNICIPAL PROFESSORA DYLA SYLVIA DE SA,33078262,6.4,0,1,1,1406.1940255393065,0734008 ESCOLA MUNICIPAL JOAQUIM FONTES,33077983,4.1
0716036 ESCOLA MUNICIPAL LINCOLN BICALHO ROQUE,33078084,6.0,0,1,0,1718.8525367319087,0734008 ESCOLA MUNICIPAL JOAQUIM FONTES,33077983,4.1
0734501 CIEP LUIZ CARLOS PRESTES,33076936,6.1,1,0,1,1731.473645505337,0734008 ESCOLA MUNICIPAL JOAQUIM FONTES,33077983,4.1
0716073 ESCOLA MUNICIPAL ROBERTO BURLE MARX,33146268,7.8,0,1,1,3341.080271283888,0734008 ESCOLA MUNICIPAL JOAQUIM FONTES,33077983,4.1
0716057 ESCOLA MUNICIPAL EMBAIXADOR DIAS CARNEIRO,33077843,6.6,0,1,1,3637.314401750775,0734008 ESCOLA MUNICIPAL JOAQUIM FONTES,33077983,4.1
0716051 ESCOLA MUNICIPAL PROFESSOR AUGUSTO CONY,33078254,6.1,0,1,0,3654.7012495020467,0734008 ESCOLA MUNICIPAL JOAQUIM FONTES,33077983,4.1
0716052 ESCOLA MUNICIPAL ROSA DO POVO,33078335,6.4,1,0,1,4283.497921976942,0734008 ESCOLA MUNICIPAL JOAQUIM FONTES,33077983,4.1
0716043 ESCOLA MUNICIPAL GASTAO MONTEIRO MOUTINHO,33077932,6.2,1,0,1,4995.242748067696,0734008 ESCOLA MUNICIPAL JOAQUIM FONTES,33077983,4.1
0716009 ESCOLA MUNICIPAL DENISE MARIA TORRES,33077819,6.1,0,1,0,5394.563624781326,0734008 ESCOLA MUNICIPAL JOAQUIM FONTES,33077983,4.1
0716006 ESCOLA MUNICIPAL DESEMBARGADOR NEY PALMEIRO,33077827,6.6,1,0,1,5421.559928323336,0734008 ESCOLA MUNICIPAL JOAQUIM FONTES,33077983,4.1
0724016 ESCOLA MUNICIPAL HEMETERIO DOS SANTOS,33077959,6.3,0,1,1,5695.753205867282,0734008 ESCOLA MUNICIPAL JOAQUIM FONTES,33077983,4.1
0716061 ESCOLA MUNICIPAL MORVAN DE FIGUEIREDO,33078173,6.3,1,0,1,5969.216264596882,0734008 ESCOLA MUNICIPAL JOAQUIM FONTES,33077983,4.1
0833505 CIEP ARACY DE ALMEIDA CANTORA,33079080,6.8,0,1,1,7237.573147937112,0734008 ESCOLA MUNICIPAL JOAQUIM FONTES,33077983,4.1
