nome_escola,cod_inep,ideb,pessimo_pra_bom_bin,ruim_pra_bom_bin,melhora_com_final_bom_bin,distancia,escola_risco,cod_inep_risco,ideb_2017_risco
0734006 ESCOLA MUNICIPAL FREDERICO EYER,33077908,6.4,0,1,0,819.9762322205963,0734001 ESCOLA MUNICIPAL AUGUSTO MAGNE,33077720,5.3
0734501 CIEP LUIZ CARLOS PRESTES,33076936,6.1,1,0,1,923.2293928375723,0734001 ESCOLA MUNICIPAL AUGUSTO MAGNE,33077720,5.3
0716053 ESCOLA MUNICIPAL PROFESSORA DYLA SYLVIA DE SA,33078262,6.4,0,1,1,1641.936693828936,0734001 ESCOLA MUNICIPAL AUGUSTO MAGNE,33077720,5.3
0716008 ESCOLA MUNICIPAL MANO DECIO DA VIOLA,33078122,6.2,0,1,0,1779.7491735225224,0734001 ESCOLA MUNICIPAL AUGUSTO MAGNE,33077720,5.3
0716036 ESCOLA MUNICIPAL LINCOLN BICALHO ROQUE,33078084,6.0,0,1,0,2614.747448422886,0734001 ESCOLA MUNICIPAL AUGUSTO MAGNE,33077720,5.3
0716073 ESCOLA MUNICIPAL ROBERTO BURLE MARX,33146268,7.8,0,1,1,3741.583580737206,0734001 ESCOLA MUNICIPAL AUGUSTO MAGNE,33077720,5.3
0716057 ESCOLA MUNICIPAL EMBAIXADOR DIAS CARNEIRO,33077843,6.6,0,1,1,3834.883015758097,0734001 ESCOLA MUNICIPAL AUGUSTO MAGNE,33077720,5.3
0716051 ESCOLA MUNICIPAL PROFESSOR AUGUSTO CONY,33078254,6.1,0,1,0,3967.5950011544132,0734001 ESCOLA MUNICIPAL AUGUSTO MAGNE,33077720,5.3
0716052 ESCOLA MUNICIPAL ROSA DO POVO,33078335,6.4,1,0,1,4894.4065408001725,0734001 ESCOLA MUNICIPAL AUGUSTO MAGNE,33077720,5.3
0716043 ESCOLA MUNICIPAL GASTAO MONTEIRO MOUTINHO,33077932,6.2,1,0,1,5725.138883188303,0734001 ESCOLA MUNICIPAL AUGUSTO MAGNE,33077720,5.3
0716061 ESCOLA MUNICIPAL MORVAN DE FIGUEIREDO,33078173,6.3,1,0,1,5992.901506981054,0734001 ESCOLA MUNICIPAL AUGUSTO MAGNE,33077720,5.3
0716006 ESCOLA MUNICIPAL DESEMBARGADOR NEY PALMEIRO,33077827,6.6,1,0,1,6037.245159696927,0734001 ESCOLA MUNICIPAL AUGUSTO MAGNE,33077720,5.3
0716009 ESCOLA MUNICIPAL DENISE MARIA TORRES,33077819,6.1,0,1,0,6267.312191260791,0734001 ESCOLA MUNICIPAL AUGUSTO MAGNE,33077720,5.3
0724016 ESCOLA MUNICIPAL HEMETERIO DOS SANTOS,33077959,6.3,0,1,1,6273.279499434377,0734001 ESCOLA MUNICIPAL AUGUSTO MAGNE,33077720,5.3
0833505 CIEP ARACY DE ALMEIDA CANTORA,33079080,6.8,0,1,1,7795.347498200338,0734001 ESCOLA MUNICIPAL AUGUSTO MAGNE,33077720,5.3
