nome_escola,cod_inep,ideb,pessimo_pra_bom_bin,ruim_pra_bom_bin,melhora_com_final_bom_bin,distancia,escola_risco,cod_inep_risco,ideb_2017_risco
0734006 ESCOLA MUNICIPAL FREDERICO EYER,33077908,6.4,0,1,0,348.3468478204154,0734502 CIEP JOAO BATISTA DOS SANTOS,33076910,5.4
0734501 CIEP LUIZ CARLOS PRESTES,33076936,6.1,1,0,1,669.43192294391,0734502 CIEP JOAO BATISTA DOS SANTOS,33076910,5.4
0716053 ESCOLA MUNICIPAL PROFESSORA DYLA SYLVIA DE SA,33078262,6.4,0,1,1,1272.5979056012675,0734502 CIEP JOAO BATISTA DOS SANTOS,33076910,5.4
0716008 ESCOLA MUNICIPAL MANO DECIO DA VIOLA,33078122,6.2,0,1,0,2123.93521322975,0734502 CIEP JOAO BATISTA DOS SANTOS,33076910,5.4
0716036 ESCOLA MUNICIPAL LINCOLN BICALHO ROQUE,33078084,6.0,0,1,0,2771.634160177213,0734502 CIEP JOAO BATISTA DOS SANTOS,33076910,5.4
0716057 ESCOLA MUNICIPAL EMBAIXADOR DIAS CARNEIRO,33077843,6.6,0,1,1,3367.718755556256,0734502 CIEP JOAO BATISTA DOS SANTOS,33076910,5.4
0716051 ESCOLA MUNICIPAL PROFESSOR AUGUSTO CONY,33078254,6.1,0,1,0,3539.6531707550275,0734502 CIEP JOAO BATISTA DOS SANTOS,33076910,5.4
0716073 ESCOLA MUNICIPAL ROBERTO BURLE MARX,33146268,7.8,0,1,1,4235.482291873153,0734502 CIEP JOAO BATISTA DOS SANTOS,33076910,5.4
0716052 ESCOLA MUNICIPAL ROSA DO POVO,33078335,6.4,1,0,1,4607.389149236078,0734502 CIEP JOAO BATISTA DOS SANTOS,33076910,5.4
0716061 ESCOLA MUNICIPAL MORVAN DE FIGUEIREDO,33078173,6.3,1,0,1,5473.298697214301,0734502 CIEP JOAO BATISTA DOS SANTOS,33076910,5.4
0716043 ESCOLA MUNICIPAL GASTAO MONTEIRO MOUTINHO,33077932,6.2,1,0,1,5521.6011794439,0734502 CIEP JOAO BATISTA DOS SANTOS,33076910,5.4
0716009 ESCOLA MUNICIPAL DENISE MARIA TORRES,33077819,6.1,0,1,0,6248.14147277663,0734502 CIEP JOAO BATISTA DOS SANTOS,33076910,5.4
0716006 ESCOLA MUNICIPAL DESEMBARGADOR NEY PALMEIRO,33077827,6.6,1,0,1,6467.159659148825,0734502 CIEP JOAO BATISTA DOS SANTOS,33076910,5.4
0724016 ESCOLA MUNICIPAL HEMETERIO DOS SANTOS,33077959,6.3,0,1,1,6719.787559390216,0734502 CIEP JOAO BATISTA DOS SANTOS,33076910,5.4
0833505 CIEP ARACY DE ALMEIDA CANTORA,33079080,6.8,0,1,1,7455.380527738308,0734502 CIEP JOAO BATISTA DOS SANTOS,33076910,5.4
