nome_escola,cod_inep,ideb,pessimo_pra_bom_bin,ruim_pra_bom_bin,melhora_com_final_bom_bin,distancia,escola_risco,cod_inep_risco,ideb_2017_risco
0817049 ESCOLA MUNICIPAL EUSEBIO DE QUEIROZ,33080429,6.3,1,0,1,795.8929104227781,0817050 ESCOLA MUNICIPAL MOACYR PADILHA,33080810,5.1
0833020 ESCOLA MUNICIPAL CORINTHO DA FONSECA,33080305,6.1,0,1,0,1400.378092292752,0817050 ESCOLA MUNICIPAL MOACYR PADILHA,33080810,5.1
0833023 ESCOLA MUNICIPAL PINTOR LAZAR SEGALL,33080925,6.0,0,1,0,1548.5867602686087,0817050 ESCOLA MUNICIPAL MOACYR PADILHA,33080810,5.1
0817055 ESCOLA MUNICIPAL PROFESSOR LAURO TRAVASSOS,33081042,6.0,0,1,0,1970.0080252610906,0817050 ESCOLA MUNICIPAL MOACYR PADILHA,33080810,5.1
0833034 ESCOLA MUNICIPAL SENADOR CAMARA,33081158,6.4,0,1,1,2304.146078041872,0817050 ESCOLA MUNICIPAL MOACYR PADILHA,33080810,5.1
0817018 ESCOLA MUNICIPAL LEONIDAS SOBRINO PORTO,33080712,6.0,0,1,0,2443.707553200815,0817050 ESCOLA MUNICIPAL MOACYR PADILHA,33080810,5.1
0833019 ESCOLA MUNICIPAL LIMA BARRETO,33080720,6.5,1,0,1,2919.3561733328784,0817050 ESCOLA MUNICIPAL MOACYR PADILHA,33080810,5.1
0833037 ESCOLA MUNICIPAL CARLOS MAUL,33080208,6.1,0,1,0,2994.3095384419116,0817050 ESCOLA MUNICIPAL MOACYR PADILHA,33080810,5.1
0817127 ESCOLA MUNICIPAL AYRTON SENNA DA SILVA,33100551,7.6,0,1,1,3110.912205493465,0817050 ESCOLA MUNICIPAL MOACYR PADILHA,33080810,5.1
0833012 ESCOLA MUNICIPAL ALVARO ALVIM,33080062,6.5,0,1,0,3607.3816548188906,0817050 ESCOLA MUNICIPAL MOACYR PADILHA,33080810,5.1
0817058 ESCOLA MUNICIPAL GUILHERME DA SILVEIRA,33080500,6.0,0,1,0,4117.775010991816,0817050 ESCOLA MUNICIPAL MOACYR PADILHA,33080810,5.1
0817030 ESCOLA MUNICIPAL DIAS MARTINS,33080330,6.8,0,1,1,4217.023373750968,0817050 ESCOLA MUNICIPAL MOACYR PADILHA,33080810,5.1
0817033 ESCOLA MUNICIPAL HENRIQUE DA SILVA FONTES,33080526,6.7,0,1,1,4386.251308757128,0817050 ESCOLA MUNICIPAL MOACYR PADILHA,33080810,5.1
0817045 ESCOLA MUNICIPAL ARIENA VIANNA DA SILVA,33080127,6.7,0,1,1,5321.41545256533,0817050 ESCOLA MUNICIPAL MOACYR PADILHA,33080810,5.1
0817036 ESCOLA MUNICIPAL OSCAR THOMPSON,33080879,6.2,0,1,0,5612.006877745218,0817050 ESCOLA MUNICIPAL MOACYR PADILHA,33080810,5.1
