nome_escola,cod_inep,ideb,pessimo_pra_bom_bin,ruim_pra_bom_bin,melhora_com_final_bom_bin,distancia,escola_risco,cod_inep_risco,ideb_2017_risco
0817036 ESCOLA MUNICIPAL OSCAR THOMPSON,33080879,6.2,0,1,0,1697.7995914797038,0817501 CIEP GILBERTO FREIRE,33079102,4.9
0817127 ESCOLA MUNICIPAL AYRTON SENNA DA SILVA,33100551,7.6,0,1,1,1800.6416020014433,0817501 CIEP GILBERTO FREIRE,33079102,4.9
0817030 ESCOLA MUNICIPAL DIAS MARTINS,33080330,6.8,0,1,1,1808.6665884806994,0817501 CIEP GILBERTO FREIRE,33079102,4.9
0918046 ESCOLA MUNICIPAL SAMUEL WAINER,33083401,6.3,1,0,1,2315.03015881769,0817501 CIEP GILBERTO FREIRE,33079102,4.9
0817058 ESCOLA MUNICIPAL GUILHERME DA SILVEIRA,33080500,6.0,0,1,0,2364.7612170339944,0817501 CIEP GILBERTO FREIRE,33079102,4.9
0918085 ESCOLA MUNICIPAL PROFESSOR HELTON ALVARES VELOSO DE CASTRO,33139806,6.3,0,1,0,2547.2529432516562,0817501 CIEP GILBERTO FREIRE,33079102,4.9
0817045 ESCOLA MUNICIPAL ARIENA VIANNA DA SILVA,33080127,6.7,0,1,1,2571.203464890846,0817501 CIEP GILBERTO FREIRE,33079102,4.9
0817033 ESCOLA MUNICIPAL HENRIQUE DA SILVA FONTES,33080526,6.7,0,1,1,2595.605443151979,0817501 CIEP GILBERTO FREIRE,33079102,4.9
0817018 ESCOLA MUNICIPAL LEONIDAS SOBRINO PORTO,33080712,6.0,0,1,0,3740.2575498734022,0817501 CIEP GILBERTO FREIRE,33079102,4.9
0918044 ESCOLA MUNICIPAL ERNESTO NAZARETH,33082855,6.2,0,1,0,4283.123323865412,0817501 CIEP GILBERTO FREIRE,33079102,4.9
0817055 ESCOLA MUNICIPAL PROFESSOR LAURO TRAVASSOS,33081042,6.0,0,1,0,4363.836215595907,0817501 CIEP GILBERTO FREIRE,33079102,4.9
0817049 ESCOLA MUNICIPAL EUSEBIO DE QUEIROZ,33080429,6.3,1,0,1,4942.496181323996,0817501 CIEP GILBERTO FREIRE,33079102,4.9
0833020 ESCOLA MUNICIPAL CORINTHO DA FONSECA,33080305,6.1,0,1,0,5613.212864004293,0817501 CIEP GILBERTO FREIRE,33079102,4.9
0833023 ESCOLA MUNICIPAL PINTOR LAZAR SEGALL,33080925,6.0,0,1,0,5891.534165120235,0817501 CIEP GILBERTO FREIRE,33079102,4.9
0918079 ESCOLA MUNICIPAL CONSTANTINO MAGALHAES,33082766,6.3,0,1,0,6033.1073897863425,0817501 CIEP GILBERTO FREIRE,33079102,4.9
