nome_escola,cod_inep,ideb,pessimo_pra_bom_bin,ruim_pra_bom_bin,melhora_com_final_bom_bin,distancia,escola_risco,cod_inep_risco,ideb_2017_risco
0817030 ESCOLA MUNICIPAL DIAS MARTINS,33080330,6.8,0,1,1,353.4691757877021,0817029 ESCOLA MUNICIPAL ANTONIO BANDEIRA,33080097,5.4
0817033 ESCOLA MUNICIPAL HENRIQUE DA SILVA FONTES,33080526,6.7,0,1,1,886.6779558514817,0817029 ESCOLA MUNICIPAL ANTONIO BANDEIRA,33080097,5.4
0817045 ESCOLA MUNICIPAL ARIENA VIANNA DA SILVA,33080127,6.7,0,1,1,964.0255556797855,0817029 ESCOLA MUNICIPAL ANTONIO BANDEIRA,33080097,5.4
0817036 ESCOLA MUNICIPAL OSCAR THOMPSON,33080879,6.2,0,1,0,1173.2879249776659,0817029 ESCOLA MUNICIPAL ANTONIO BANDEIRA,33080097,5.4
0817127 ESCOLA MUNICIPAL AYRTON SENNA DA SILVA,33100551,7.6,0,1,1,2704.09263237108,0817029 ESCOLA MUNICIPAL ANTONIO BANDEIRA,33080097,5.4
0817018 ESCOLA MUNICIPAL LEONIDAS SOBRINO PORTO,33080712,6.0,0,1,0,2761.491090403583,0817029 ESCOLA MUNICIPAL ANTONIO BANDEIRA,33080097,5.4
0918085 ESCOLA MUNICIPAL PROFESSOR HELTON ALVARES VELOSO DE CASTRO,33139806,6.3,0,1,0,3201.7421552474757,0817029 ESCOLA MUNICIPAL ANTONIO BANDEIRA,33080097,5.4
0918046 ESCOLA MUNICIPAL SAMUEL WAINER,33083401,6.3,1,0,1,3502.5175282499977,0817029 ESCOLA MUNICIPAL ANTONIO BANDEIRA,33080097,5.4
0817058 ESCOLA MUNICIPAL GUILHERME DA SILVEIRA,33080500,6.0,0,1,0,3845.270367952725,0817029 ESCOLA MUNICIPAL ANTONIO BANDEIRA,33080097,5.4
0918044 ESCOLA MUNICIPAL ERNESTO NAZARETH,33082855,6.2,0,1,0,4855.653351348166,0817029 ESCOLA MUNICIPAL ANTONIO BANDEIRA,33080097,5.4
0817055 ESCOLA MUNICIPAL PROFESSOR LAURO TRAVASSOS,33081042,6.0,0,1,0,4987.409282445554,0817029 ESCOLA MUNICIPAL ANTONIO BANDEIRA,33080097,5.4
0817049 ESCOLA MUNICIPAL EUSEBIO DE QUEIROZ,33080429,6.3,1,0,1,5080.443780361673,0817029 ESCOLA MUNICIPAL ANTONIO BANDEIRA,33080097,5.4
0833023 ESCOLA MUNICIPAL PINTOR LAZAR SEGALL,33080925,6.0,0,1,0,5383.116764341247,0817029 ESCOLA MUNICIPAL ANTONIO BANDEIRA,33080097,5.4
0833020 ESCOLA MUNICIPAL CORINTHO DA FONSECA,33080305,6.1,0,1,0,5796.4584587848485,0817029 ESCOLA MUNICIPAL ANTONIO BANDEIRA,33080097,5.4
0918049 ESCOLA MUNICIPAL RIO GRANDE DO NORTE,33083363,6.1,0,1,0,6217.641712763407,0817029 ESCOLA MUNICIPAL ANTONIO BANDEIRA,33080097,5.4
