nome_escola,cod_inep,ideb,pessimo_pra_bom_bin,ruim_pra_bom_bin,melhora_com_final_bom_bin,distancia,escola_risco,cod_inep_risco,ideb_2017_risco
0817127 ESCOLA MUNICIPAL AYRTON SENNA DA SILVA,33100551,7.6,0,1,1,420.7385786181362,0817506 CIEP OLOF PALME,33079153,5.2
0817058 ESCOLA MUNICIPAL GUILHERME DA SILVEIRA,33080500,6.0,0,1,0,1758.6461087324685,0817506 CIEP OLOF PALME,33079153,5.2
0817055 ESCOLA MUNICIPAL PROFESSOR LAURO TRAVASSOS,33081042,6.0,0,1,0,2279.4215479864633,0817506 CIEP OLOF PALME,33079153,5.2
0817030 ESCOLA MUNICIPAL DIAS MARTINS,33080330,6.8,0,1,1,2546.7470176231645,0817506 CIEP OLOF PALME,33079153,5.2
0817018 ESCOLA MUNICIPAL LEONIDAS SOBRINO PORTO,33080712,6.0,0,1,0,2773.007386459362,0817506 CIEP OLOF PALME,33079153,5.2
0817049 ESCOLA MUNICIPAL EUSEBIO DE QUEIROZ,33080429,6.3,1,0,1,2835.07749519906,0817506 CIEP OLOF PALME,33079153,5.2
0817033 ESCOLA MUNICIPAL HENRIQUE DA SILVA FONTES,33080526,6.7,0,1,1,3156.901281308428,0817506 CIEP OLOF PALME,33079153,5.2
0833020 ESCOLA MUNICIPAL CORINTHO DA FONSECA,33080305,6.1,0,1,0,3487.6859259959488,0817506 CIEP OLOF PALME,33079153,5.2
0817036 ESCOLA MUNICIPAL OSCAR THOMPSON,33080879,6.2,0,1,0,3489.943982602555,0817506 CIEP OLOF PALME,33079153,5.2
0817045 ESCOLA MUNICIPAL ARIENA VIANNA DA SILVA,33080127,6.7,0,1,1,3753.04428515014,0817506 CIEP OLOF PALME,33079153,5.2
0833023 ESCOLA MUNICIPAL PINTOR LAZAR SEGALL,33080925,6.0,0,1,0,4092.0305299401593,0817506 CIEP OLOF PALME,33079153,5.2
0918046 ESCOLA MUNICIPAL SAMUEL WAINER,33083401,6.3,1,0,1,4308.068688893427,0817506 CIEP OLOF PALME,33079153,5.2
0918085 ESCOLA MUNICIPAL PROFESSOR HELTON ALVARES VELOSO DE CASTRO,33139806,6.3,0,1,0,4676.752192473867,0817506 CIEP OLOF PALME,33079153,5.2
0833034 ESCOLA MUNICIPAL SENADOR CAMARA,33081158,6.4,0,1,1,4961.719596017814,0817506 CIEP OLOF PALME,33079153,5.2
0833037 ESCOLA MUNICIPAL CARLOS MAUL,33080208,6.1,0,1,0,5560.114177940929,0817506 CIEP OLOF PALME,33079153,5.2
