nome_escola,cod_inep,ideb,pessimo_pra_bom_bin,ruim_pra_bom_bin,melhora_com_final_bom_bin,distancia,escola_risco,cod_inep_risco,ideb_2017_risco
0817058 ESCOLA MUNICIPAL GUILHERME DA SILVEIRA,33080500,6.0,0,1,0,1321.3603745589278,0817060 ESCOLA MUNICIPAL JOAO DAUDT DE OLIVEIRA,33080585,5.4
0817127 ESCOLA MUNICIPAL AYRTON SENNA DA SILVA,33100551,7.6,0,1,1,2130.646387485209,0817060 ESCOLA MUNICIPAL JOAO DAUDT DE OLIVEIRA,33080585,5.4
0918046 ESCOLA MUNICIPAL SAMUEL WAINER,33083401,6.3,1,0,1,2453.8558412057737,0817060 ESCOLA MUNICIPAL JOAO DAUDT DE OLIVEIRA,33080585,5.4
0918085 ESCOLA MUNICIPAL PROFESSOR HELTON ALVARES VELOSO DE CASTRO,33139806,6.3,0,1,0,3264.84377504289,0817060 ESCOLA MUNICIPAL JOAO DAUDT DE OLIVEIRA,33080585,5.4
0817036 ESCOLA MUNICIPAL OSCAR THOMPSON,33080879,6.2,0,1,0,3402.600529143228,0817060 ESCOLA MUNICIPAL JOAO DAUDT DE OLIVEIRA,33080585,5.4
0817030 ESCOLA MUNICIPAL DIAS MARTINS,33080330,6.8,0,1,1,3576.873286657098,0817060 ESCOLA MUNICIPAL JOAO DAUDT DE OLIVEIRA,33080585,5.4
0817055 ESCOLA MUNICIPAL PROFESSOR LAURO TRAVASSOS,33081042,6.0,0,1,0,4129.052274388264,0817060 ESCOLA MUNICIPAL JOAO DAUDT DE OLIVEIRA,33080585,5.4
0817033 ESCOLA MUNICIPAL HENRIQUE DA SILVA FONTES,33080526,6.7,0,1,1,4372.648111981207,0817060 ESCOLA MUNICIPAL JOAO DAUDT DE OLIVEIRA,33080585,5.4
0817045 ESCOLA MUNICIPAL ARIENA VIANNA DA SILVA,33080127,6.7,0,1,1,4394.176456156497,0817060 ESCOLA MUNICIPAL JOAO DAUDT DE OLIVEIRA,33080585,5.4
0918044 ESCOLA MUNICIPAL ERNESTO NAZARETH,33082855,6.2,0,1,0,4692.536116610518,0817060 ESCOLA MUNICIPAL JOAO DAUDT DE OLIVEIRA,33080585,5.4
0817018 ESCOLA MUNICIPAL LEONIDAS SOBRINO PORTO,33080712,6.0,0,1,0,5046.8395504413365,0817060 ESCOLA MUNICIPAL JOAO DAUDT DE OLIVEIRA,33080585,5.4
0817049 ESCOLA MUNICIPAL EUSEBIO DE QUEIROZ,33080429,6.3,1,0,1,5158.949485101276,0817060 ESCOLA MUNICIPAL JOAO DAUDT DE OLIVEIRA,33080585,5.4
0918079 ESCOLA MUNICIPAL CONSTANTINO MAGALHAES,33082766,6.3,0,1,0,5345.815488747206,0817060 ESCOLA MUNICIPAL JOAO DAUDT DE OLIVEIRA,33080585,5.4
0833020 ESCOLA MUNICIPAL CORINTHO DA FONSECA,33080305,6.1,0,1,0,5706.408544952015,0817060 ESCOLA MUNICIPAL JOAO DAUDT DE OLIVEIRA,33080585,5.4
0833023 ESCOLA MUNICIPAL PINTOR LAZAR SEGALL,33080925,6.0,0,1,0,6627.877983919254,0817060 ESCOLA MUNICIPAL JOAO DAUDT DE OLIVEIRA,33080585,5.4
