nome_escola,cod_inep,ideb,pessimo_pra_bom_bin,ruim_pra_bom_bin,melhora_com_final_bom_bin,distancia,escola_risco,cod_inep_risco,ideb_2017_risco
0817127 ESCOLA MUNICIPAL AYRTON SENNA DA SILVA,33100551,7.6,0,1,1,698.9275111033555,0817128 ESCOLA MUNICIPAL AUSTREGESILO DE ATAYDE,33146098,5.1
0817030 ESCOLA MUNICIPAL DIAS MARTINS,33080330,6.8,0,1,1,1830.2173330256426,0817128 ESCOLA MUNICIPAL AUSTREGESILO DE ATAYDE,33146098,5.1
0817058 ESCOLA MUNICIPAL GUILHERME DA SILVEIRA,33080500,6.0,0,1,0,1937.6326139378502,0817128 ESCOLA MUNICIPAL AUSTREGESILO DE ATAYDE,33146098,5.1
0817033 ESCOLA MUNICIPAL HENRIQUE DA SILVA FONTES,33080526,6.7,0,1,1,2550.0783333232907,0817128 ESCOLA MUNICIPAL AUSTREGESILO DE ATAYDE,33146098,5.1
0817036 ESCOLA MUNICIPAL OSCAR THOMPSON,33080879,6.2,0,1,0,2586.8423440045663,0817128 ESCOLA MUNICIPAL AUSTREGESILO DE ATAYDE,33146098,5.1
0817018 ESCOLA MUNICIPAL LEONIDAS SOBRINO PORTO,33080712,6.0,0,1,0,2856.132860760084,0817128 ESCOLA MUNICIPAL AUSTREGESILO DE ATAYDE,33146098,5.1
0817045 ESCOLA MUNICIPAL ARIENA VIANNA DA SILVA,33080127,6.7,0,1,1,2980.0287835901795,0817128 ESCOLA MUNICIPAL AUSTREGESILO DE ATAYDE,33146098,5.1
0817055 ESCOLA MUNICIPAL PROFESSOR LAURO TRAVASSOS,33081042,6.0,0,1,0,3195.357902363448,0817128 ESCOLA MUNICIPAL AUSTREGESILO DE ATAYDE,33146098,5.1
0918046 ESCOLA MUNICIPAL SAMUEL WAINER,33083401,6.3,1,0,1,3522.068971832108,0817128 ESCOLA MUNICIPAL AUSTREGESILO DE ATAYDE,33146098,5.1
0817049 ESCOLA MUNICIPAL EUSEBIO DE QUEIROZ,33080429,6.3,1,0,1,3688.487943727921,0817128 ESCOLA MUNICIPAL AUSTREGESILO DE ATAYDE,33146098,5.1
0918085 ESCOLA MUNICIPAL PROFESSOR HELTON ALVARES VELOSO DE CASTRO,33139806,6.3,0,1,0,3800.783625025525,0817128 ESCOLA MUNICIPAL AUSTREGESILO DE ATAYDE,33146098,5.1
0833020 ESCOLA MUNICIPAL CORINTHO DA FONSECA,33080305,6.1,0,1,0,4364.103766057562,0817128 ESCOLA MUNICIPAL AUSTREGESILO DE ATAYDE,33146098,5.1
0833023 ESCOLA MUNICIPAL PINTOR LAZAR SEGALL,33080925,6.0,0,1,0,4706.937179171821,0817128 ESCOLA MUNICIPAL AUSTREGESILO DE ATAYDE,33146098,5.1
0918044 ESCOLA MUNICIPAL ERNESTO NAZARETH,33082855,6.2,0,1,0,5538.5010708427435,0817128 ESCOLA MUNICIPAL AUSTREGESILO DE ATAYDE,33146098,5.1
0833034 ESCOLA MUNICIPAL SENADOR CAMARA,33081158,6.4,0,1,1,5738.638790720479,0817128 ESCOLA MUNICIPAL AUSTREGESILO DE ATAYDE,33146098,5.1
