nome_escola,cod_inep,ideb,pessimo_pra_bom_bin,ruim_pra_bom_bin,melhora_com_final_bom_bin,distancia,escola_risco,cod_inep_risco,ideb_2017_risco
0817036 ESCOLA MUNICIPAL OSCAR THOMPSON,33080879,6.2,0,1,0,967.9063814705769,0817044 ESCOLA MUNICIPAL FERNANDO MAXIMILIANO,33080445,4.9
0918085 ESCOLA MUNICIPAL PROFESSOR HELTON ALVARES VELOSO DE CASTRO,33139806,6.3,0,1,0,1202.290905815285,0817044 ESCOLA MUNICIPAL FERNANDO MAXIMILIANO,33080445,4.9
0918046 ESCOLA MUNICIPAL SAMUEL WAINER,33083401,6.3,1,0,1,1612.414663807014,0817044 ESCOLA MUNICIPAL FERNANDO MAXIMILIANO,33080445,4.9
0817045 ESCOLA MUNICIPAL ARIENA VIANNA DA SILVA,33080127,6.7,0,1,1,2233.4462795027393,0817044 ESCOLA MUNICIPAL FERNANDO MAXIMILIANO,33080445,4.9
0817030 ESCOLA MUNICIPAL DIAS MARTINS,33080330,6.8,0,1,1,2294.5374906706425,0817044 ESCOLA MUNICIPAL FERNANDO MAXIMILIANO,33080445,4.9
0817033 ESCOLA MUNICIPAL HENRIQUE DA SILVA FONTES,33080526,6.7,0,1,1,2840.3767247409587,0817044 ESCOLA MUNICIPAL FERNANDO MAXIMILIANO,33080445,4.9
0918044 ESCOLA MUNICIPAL ERNESTO NAZARETH,33082855,6.2,0,1,0,2918.344476407492,0817044 ESCOLA MUNICIPAL FERNANDO MAXIMILIANO,33080445,4.9
0817127 ESCOLA MUNICIPAL AYRTON SENNA DA SILVA,33100551,7.6,0,1,1,3373.041731268177,0817044 ESCOLA MUNICIPAL FERNANDO MAXIMILIANO,33080445,4.9
0817058 ESCOLA MUNICIPAL GUILHERME DA SILVEIRA,33080500,6.0,0,1,0,3810.2567886831016,0817044 ESCOLA MUNICIPAL FERNANDO MAXIMILIANO,33080445,4.9
0817018 ESCOLA MUNICIPAL LEONIDAS SOBRINO PORTO,33080712,6.0,0,1,0,4689.730065639889,0817044 ESCOLA MUNICIPAL FERNANDO MAXIMILIANO,33080445,4.9
0918049 ESCOLA MUNICIPAL RIO GRANDE DO NORTE,33083363,6.1,0,1,0,4740.431858982454,0817044 ESCOLA MUNICIPAL FERNANDO MAXIMILIANO,33080445,4.9
0918079 ESCOLA MUNICIPAL CONSTANTINO MAGALHAES,33082766,6.3,0,1,0,5314.836201019505,0817044 ESCOLA MUNICIPAL FERNANDO MAXIMILIANO,33080445,4.9
0918040 ESCOLA MUNICIPAL PROFESSORA MARITA DE VASCONCELOS,33083096,6.1,0,1,0,5803.530408934522,0817044 ESCOLA MUNICIPAL FERNANDO MAXIMILIANO,33080445,4.9
0817055 ESCOLA MUNICIPAL PROFESSOR LAURO TRAVASSOS,33081042,6.0,0,1,0,5937.011728449866,0817044 ESCOLA MUNICIPAL FERNANDO MAXIMILIANO,33080445,4.9
0918022 ESCOLA MUNICIPAL CASTRO ALVES,33082715,6.1,0,1,0,6058.924194939198,0817044 ESCOLA MUNICIPAL FERNANDO MAXIMILIANO,33080445,4.9
