nome_escola,cod_inep,ideb,pessimo_pra_bom_bin,ruim_pra_bom_bin,melhora_com_final_bom_bin,distancia,escola_risco,cod_inep_risco,ideb_2017_risco
0817033 ESCOLA MUNICIPAL HENRIQUE DA SILVA FONTES,33080526,6.7,0,1,1,1192.1131915227452,0817202 CIEP AMILCAR CABRAL,33079072,5.3
0817018 ESCOLA MUNICIPAL LEONIDAS SOBRINO PORTO,33080712,6.0,0,1,0,1481.5263908538022,0817202 CIEP AMILCAR CABRAL,33079072,5.3
0817030 ESCOLA MUNICIPAL DIAS MARTINS,33080330,6.8,0,1,1,1819.6626823528654,0817202 CIEP AMILCAR CABRAL,33079072,5.3
0817045 ESCOLA MUNICIPAL ARIENA VIANNA DA SILVA,33080127,6.7,0,1,1,2084.3964955501915,0817202 CIEP AMILCAR CABRAL,33079072,5.3
0817036 ESCOLA MUNICIPAL OSCAR THOMPSON,33080879,6.2,0,1,0,3113.134231254119,0817202 CIEP AMILCAR CABRAL,33079072,5.3
0817127 ESCOLA MUNICIPAL AYRTON SENNA DA SILVA,33100551,7.6,0,1,1,3651.7222921014377,0817202 CIEP AMILCAR CABRAL,33079072,5.3
0833023 ESCOLA MUNICIPAL PINTOR LAZAR SEGALL,33080925,6.0,0,1,0,4142.282749371992,0817202 CIEP AMILCAR CABRAL,33079072,5.3
0817049 ESCOLA MUNICIPAL EUSEBIO DE QUEIROZ,33080429,6.3,1,0,1,4628.763458145521,0817202 CIEP AMILCAR CABRAL,33079072,5.3
0817058 ESCOLA MUNICIPAL GUILHERME DA SILVEIRA,33080500,6.0,0,1,0,5081.7173697172875,0817202 CIEP AMILCAR CABRAL,33079072,5.3
0817055 ESCOLA MUNICIPAL PROFESSOR LAURO TRAVASSOS,33081042,6.0,0,1,0,5105.62792468128,0817202 CIEP AMILCAR CABRAL,33079072,5.3
0833037 ESCOLA MUNICIPAL CARLOS MAUL,33080208,6.1,0,1,0,5126.2952384703785,0817202 CIEP AMILCAR CABRAL,33079072,5.3
0918085 ESCOLA MUNICIPAL PROFESSOR HELTON ALVARES VELOSO DE CASTRO,33139806,6.3,0,1,0,5196.9790444177925,0817202 CIEP AMILCAR CABRAL,33079072,5.3
0833020 ESCOLA MUNICIPAL CORINTHO DA FONSECA,33080305,6.1,0,1,0,5300.598175325225,0817202 CIEP AMILCAR CABRAL,33079072,5.3
0918046 ESCOLA MUNICIPAL SAMUEL WAINER,33083401,6.3,1,0,1,5531.043925362224,0817202 CIEP AMILCAR CABRAL,33079072,5.3
0833034 ESCOLA MUNICIPAL SENADOR CAMARA,33081158,6.4,0,1,1,5724.982363207206,0817202 CIEP AMILCAR CABRAL,33079072,5.3
