nome_escola,cod_inep,ideb,pessimo_pra_bom_bin,ruim_pra_bom_bin,melhora_com_final_bom_bin,distancia,escola_risco,cod_inep_risco,ideb_2017_risco
0817030 ESCOLA MUNICIPAL DIAS MARTINS,33080330,6.8,0,1,1,638.332786691402,0817505 CIEP MAL JULIO CAETANO HORTA BARBOSA,33079137,4.9
0817033 ESCOLA MUNICIPAL HENRIQUE DA SILVA FONTES,33080526,6.7,0,1,1,853.4890284647804,0817505 CIEP MAL JULIO CAETANO HORTA BARBOSA,33079137,4.9
0817045 ESCOLA MUNICIPAL ARIENA VIANNA DA SILVA,33080127,6.7,0,1,1,1680.067930739199,0817505 CIEP MAL JULIO CAETANO HORTA BARBOSA,33079137,4.9
0817018 ESCOLA MUNICIPAL LEONIDAS SOBRINO PORTO,33080712,6.0,0,1,0,1792.3853283174565,0817505 CIEP MAL JULIO CAETANO HORTA BARBOSA,33079137,4.9
0817036 ESCOLA MUNICIPAL OSCAR THOMPSON,33080879,6.2,0,1,0,2146.9883505748353,0817505 CIEP MAL JULIO CAETANO HORTA BARBOSA,33079137,4.9
0817127 ESCOLA MUNICIPAL AYRTON SENNA DA SILVA,33100551,7.6,0,1,1,2376.947288720243,0817505 CIEP MAL JULIO CAETANO HORTA BARBOSA,33079137,4.9
0817058 ESCOLA MUNICIPAL GUILHERME DA SILVEIRA,33080500,6.0,0,1,0,3743.393961070952,0817505 CIEP MAL JULIO CAETANO HORTA BARBOSA,33079137,4.9
0918085 ESCOLA MUNICIPAL PROFESSOR HELTON ALVARES VELOSO DE CASTRO,33139806,6.3,0,1,0,4109.105661657352,0817505 CIEP MAL JULIO CAETANO HORTA BARBOSA,33079137,4.9
0817049 ESCOLA MUNICIPAL EUSEBIO DE QUEIROZ,33080429,6.3,1,0,1,4218.660615623132,0817505 CIEP MAL JULIO CAETANO HORTA BARBOSA,33079137,4.9
0918046 ESCOLA MUNICIPAL SAMUEL WAINER,33083401,6.3,1,0,1,4278.290544746063,0817505 CIEP MAL JULIO CAETANO HORTA BARBOSA,33079137,4.9
0817055 ESCOLA MUNICIPAL PROFESSOR LAURO TRAVASSOS,33081042,6.0,0,1,0,4308.042907553828,0817505 CIEP MAL JULIO CAETANO HORTA BARBOSA,33079137,4.9
0833023 ESCOLA MUNICIPAL PINTOR LAZAR SEGALL,33080925,6.0,0,1,0,4401.500480658664,0817505 CIEP MAL JULIO CAETANO HORTA BARBOSA,33079137,4.9
0833020 ESCOLA MUNICIPAL CORINTHO DA FONSECA,33080305,6.1,0,1,0,4933.400249302378,0817505 CIEP MAL JULIO CAETANO HORTA BARBOSA,33079137,4.9
0833037 ESCOLA MUNICIPAL CARLOS MAUL,33080208,6.1,0,1,0,5653.768048085517,0817505 CIEP MAL JULIO CAETANO HORTA BARBOSA,33079137,4.9
0918044 ESCOLA MUNICIPAL ERNESTO NAZARETH,33082855,6.2,0,1,0,5801.118708013164,0817505 CIEP MAL JULIO CAETANO HORTA BARBOSA,33079137,4.9
