nome_escola,cod_inep,ideb,pessimo_pra_bom_bin,ruim_pra_bom_bin,melhora_com_final_bom_bin,distancia,escola_risco,cod_inep_risco,ideb_2017_risco
0817036 ESCOLA MUNICIPAL OSCAR THOMPSON,33080879,6.2,0,1,0,873.9216333342362,0817034 ESCOLA MUNICIPAL JORGE JABOUR,33080615,4.7
0817030 ESCOLA MUNICIPAL DIAS MARTINS,33080330,6.8,0,1,1,1121.8102007625769,0817034 ESCOLA MUNICIPAL JORGE JABOUR,33080615,4.7
0817045 ESCOLA MUNICIPAL ARIENA VIANNA DA SILVA,33080127,6.7,0,1,1,1644.4217497174673,0817034 ESCOLA MUNICIPAL JORGE JABOUR,33080615,4.7
0817033 ESCOLA MUNICIPAL HENRIQUE DA SILVA FONTES,33080526,6.7,0,1,1,1826.6800356443787,0817034 ESCOLA MUNICIPAL JORGE JABOUR,33080615,4.7
0817127 ESCOLA MUNICIPAL AYRTON SENNA DA SILVA,33100551,7.6,0,1,1,2395.8736492437547,0817034 ESCOLA MUNICIPAL JORGE JABOUR,33080615,4.7
0918085 ESCOLA MUNICIPAL PROFESSOR HELTON ALVARES VELOSO DE CASTRO,33139806,6.3,0,1,0,2460.7790216248586,0817034 ESCOLA MUNICIPAL JORGE JABOUR,33080615,4.7
0918046 ESCOLA MUNICIPAL SAMUEL WAINER,33083401,6.3,1,0,1,2609.42715491682,0817034 ESCOLA MUNICIPAL JORGE JABOUR,33080615,4.7
0817058 ESCOLA MUNICIPAL GUILHERME DA SILVEIRA,33080500,6.0,0,1,0,3245.921829062538,0817034 ESCOLA MUNICIPAL JORGE JABOUR,33080615,4.7
0817018 ESCOLA MUNICIPAL LEONIDAS SOBRINO PORTO,33080712,6.0,0,1,0,3438.126801600181,0817034 ESCOLA MUNICIPAL JORGE JABOUR,33080615,4.7
0918044 ESCOLA MUNICIPAL ERNESTO NAZARETH,33082855,6.2,0,1,0,4189.359818686497,0817034 ESCOLA MUNICIPAL JORGE JABOUR,33080615,4.7
0817055 ESCOLA MUNICIPAL PROFESSOR LAURO TRAVASSOS,33081042,6.0,0,1,0,4902.583866212661,0817034 ESCOLA MUNICIPAL JORGE JABOUR,33080615,4.7
0817049 ESCOLA MUNICIPAL EUSEBIO DE QUEIROZ,33080429,6.3,1,0,1,5254.155574199572,0817034 ESCOLA MUNICIPAL JORGE JABOUR,33080615,4.7
0918049 ESCOLA MUNICIPAL RIO GRANDE DO NORTE,33083363,6.1,0,1,0,5881.635023762865,0817034 ESCOLA MUNICIPAL JORGE JABOUR,33080615,4.7
0833023 ESCOLA MUNICIPAL PINTOR LAZAR SEGALL,33080925,6.0,0,1,0,5883.082432664554,0817034 ESCOLA MUNICIPAL JORGE JABOUR,33080615,4.7
0833020 ESCOLA MUNICIPAL CORINTHO DA FONSECA,33080305,6.1,0,1,0,5956.575836130849,0817034 ESCOLA MUNICIPAL JORGE JABOUR,33080615,4.7
