nome_escola,cod_inep,ideb,pessimo_pra_bom_bin,ruim_pra_bom_bin,melhora_com_final_bom_bin,distancia,escola_risco,cod_inep_risco,ideb_2017_risco
0817030 ESCOLA MUNICIPAL DIAS MARTINS,33080330,6.8,0,1,1,1193.8455301218617,0817039 ESCOLA MUNICIPAL SAMPAIO CORREA,33081140,5.1
0817127 ESCOLA MUNICIPAL AYRTON SENNA DA SILVA,33100551,7.6,0,1,1,1568.6802260537172,0817039 ESCOLA MUNICIPAL SAMPAIO CORREA,33081140,5.1
0817036 ESCOLA MUNICIPAL OSCAR THOMPSON,33080879,6.2,0,1,0,1709.356317257041,0817039 ESCOLA MUNICIPAL SAMPAIO CORREA,33081140,5.1
0817033 ESCOLA MUNICIPAL HENRIQUE DA SILVA FONTES,33080526,6.7,0,1,1,1986.568929757363,0817039 ESCOLA MUNICIPAL SAMPAIO CORREA,33081140,5.1
0817045 ESCOLA MUNICIPAL ARIENA VIANNA DA SILVA,33080127,6.7,0,1,1,2200.0816295094282,0817039 ESCOLA MUNICIPAL SAMPAIO CORREA,33081140,5.1
0817058 ESCOLA MUNICIPAL GUILHERME DA SILVEIRA,33080500,6.0,0,1,0,2581.8802153926304,0817039 ESCOLA MUNICIPAL SAMPAIO CORREA,33081140,5.1
0817018 ESCOLA MUNICIPAL LEONIDAS SOBRINO PORTO,33080712,6.0,0,1,0,2995.695811654524,0817039 ESCOLA MUNICIPAL SAMPAIO CORREA,33081140,5.1
0918046 ESCOLA MUNICIPAL SAMUEL WAINER,33083401,6.3,1,0,1,3016.012111105462,0817039 ESCOLA MUNICIPAL SAMPAIO CORREA,33081140,5.1
0918085 ESCOLA MUNICIPAL PROFESSOR HELTON ALVARES VELOSO DE CASTRO,33139806,6.3,0,1,0,3104.8679709895614,0817039 ESCOLA MUNICIPAL SAMPAIO CORREA,33081140,5.1
0817055 ESCOLA MUNICIPAL PROFESSOR LAURO TRAVASSOS,33081042,6.0,0,1,0,4061.6977514826817,0817039 ESCOLA MUNICIPAL SAMPAIO CORREA,33081140,5.1
0817049 ESCOLA MUNICIPAL EUSEBIO DE QUEIROZ,33080429,6.3,1,0,1,4452.267658394914,0817039 ESCOLA MUNICIPAL SAMPAIO CORREA,33081140,5.1
0918044 ESCOLA MUNICIPAL ERNESTO NAZARETH,33082855,6.2,0,1,0,4855.18941416353,0817039 ESCOLA MUNICIPAL SAMPAIO CORREA,33081140,5.1
0833020 ESCOLA MUNICIPAL CORINTHO DA FONSECA,33080305,6.1,0,1,0,5147.384312273998,0817039 ESCOLA MUNICIPAL SAMPAIO CORREA,33081140,5.1
0833023 ESCOLA MUNICIPAL PINTOR LAZAR SEGALL,33080925,6.0,0,1,0,5230.252147732822,0817039 ESCOLA MUNICIPAL SAMPAIO CORREA,33081140,5.1
0833034 ESCOLA MUNICIPAL SENADOR CAMARA,33081158,6.4,0,1,1,6403.144884444148,0817039 ESCOLA MUNICIPAL SAMPAIO CORREA,33081140,5.1
