nome_escola,cod_inep,ideb,pessimo_pra_bom_bin,ruim_pra_bom_bin,melhora_com_final_bom_bin,distancia,escola_risco,cod_inep_risco,ideb_2017_risco
0817033 ESCOLA MUNICIPAL HENRIQUE DA SILVA FONTES,33080526,6.7,0,1,1,1133.3408513649015,0817014 ESCOLA MUNICIPAL COMENIUS,33080275,5.2
0817018 ESCOLA MUNICIPAL LEONIDAS SOBRINO PORTO,33080712,6.0,0,1,0,1344.316293901185,0817014 ESCOLA MUNICIPAL COMENIUS,33080275,5.2
0817030 ESCOLA MUNICIPAL DIAS MARTINS,33080330,6.8,0,1,1,1693.9453634637264,0817014 ESCOLA MUNICIPAL COMENIUS,33080275,5.2
0817045 ESCOLA MUNICIPAL ARIENA VIANNA DA SILVA,33080127,6.7,0,1,1,2076.204041093567,0817014 ESCOLA MUNICIPAL COMENIUS,33080275,5.2
0817036 ESCOLA MUNICIPAL OSCAR THOMPSON,33080879,6.2,0,1,0,3043.122416538841,0817014 ESCOLA MUNICIPAL COMENIUS,33080275,5.2
0817127 ESCOLA MUNICIPAL AYRTON SENNA DA SILVA,33100551,7.6,0,1,1,3451.7554181682967,0817014 ESCOLA MUNICIPAL COMENIUS,33080275,5.2
0833023 ESCOLA MUNICIPAL PINTOR LAZAR SEGALL,33080925,6.0,0,1,0,4042.270948924711,0817014 ESCOLA MUNICIPAL COMENIUS,33080275,5.2
0817049 ESCOLA MUNICIPAL EUSEBIO DE QUEIROZ,33080429,6.3,1,0,1,4459.043060671795,0817014 ESCOLA MUNICIPAL COMENIUS,33080275,5.2
0817058 ESCOLA MUNICIPAL GUILHERME DA SILVEIRA,33080500,6.0,0,1,0,4885.123825631592,0817014 ESCOLA MUNICIPAL COMENIUS,33080275,5.2
0817055 ESCOLA MUNICIPAL PROFESSOR LAURO TRAVASSOS,33081042,6.0,0,1,0,4911.300650863075,0817014 ESCOLA MUNICIPAL COMENIUS,33080275,5.2
0833037 ESCOLA MUNICIPAL CARLOS MAUL,33080208,6.1,0,1,0,5070.570347757081,0817014 ESCOLA MUNICIPAL COMENIUS,33080275,5.2
0918085 ESCOLA MUNICIPAL PROFESSOR HELTON ALVARES VELOSO DE CASTRO,33139806,6.3,0,1,0,5118.0425321887815,0817014 ESCOLA MUNICIPAL COMENIUS,33080275,5.2
0833020 ESCOLA MUNICIPAL CORINTHO DA FONSECA,33080305,6.1,0,1,0,5136.665352270602,0817014 ESCOLA MUNICIPAL COMENIUS,33080275,5.2
0918046 ESCOLA MUNICIPAL SAMUEL WAINER,33083401,6.3,1,0,1,5419.296582022715,0817014 ESCOLA MUNICIPAL COMENIUS,33080275,5.2
0833034 ESCOLA MUNICIPAL SENADOR CAMARA,33081158,6.4,0,1,1,5609.503746071599,0817014 ESCOLA MUNICIPAL COMENIUS,33080275,5.2
