nome_escola,cod_inep,ideb,pessimo_pra_bom_bin,ruim_pra_bom_bin,melhora_com_final_bom_bin,distancia,escola_risco,cod_inep_risco,ideb_2017_risco
0817058 ESCOLA MUNICIPAL GUILHERME DA SILVEIRA,33080500,6.0,0,1,0,1434.9227008654693,0817061 ESCOLA MUNICIPAL JOAQUIM EDSON DE CAMARGO,33080607,5.4
0817127 ESCOLA MUNICIPAL AYRTON SENNA DA SILVA,33100551,7.6,0,1,1,1726.3342698416745,0817061 ESCOLA MUNICIPAL JOAQUIM EDSON DE CAMARGO,33080607,5.4
0918046 ESCOLA MUNICIPAL SAMUEL WAINER,33083401,6.3,1,0,1,2347.5841191538134,0817061 ESCOLA MUNICIPAL JOAQUIM EDSON DE CAMARGO,33080607,5.4
0817036 ESCOLA MUNICIPAL OSCAR THOMPSON,33080879,6.2,0,1,0,2826.760843737402,0817061 ESCOLA MUNICIPAL JOAQUIM EDSON DE CAMARGO,33080607,5.4
0817030 ESCOLA MUNICIPAL DIAS MARTINS,33080330,6.8,0,1,1,2933.0970171629124,0817061 ESCOLA MUNICIPAL JOAQUIM EDSON DE CAMARGO,33080607,5.4
0918085 ESCOLA MUNICIPAL PROFESSOR HELTON ALVARES VELOSO DE CASTRO,33139806,6.3,0,1,0,3000.2349072851885,0817061 ESCOLA MUNICIPAL JOAQUIM EDSON DE CAMARGO,33080607,5.4
0817033 ESCOLA MUNICIPAL HENRIQUE DA SILVA FONTES,33080526,6.7,0,1,1,3728.872308228039,0817061 ESCOLA MUNICIPAL JOAQUIM EDSON DE CAMARGO,33080607,5.4
0817045 ESCOLA MUNICIPAL ARIENA VIANNA DA SILVA,33080127,6.7,0,1,1,3767.5940326327213,0817061 ESCOLA MUNICIPAL JOAQUIM EDSON DE CAMARGO,33080607,5.4
0817055 ESCOLA MUNICIPAL PROFESSOR LAURO TRAVASSOS,33081042,6.0,0,1,0,4015.599520266297,0817061 ESCOLA MUNICIPAL JOAQUIM EDSON DE CAMARGO,33080607,5.4
0817018 ESCOLA MUNICIPAL LEONIDAS SOBRINO PORTO,33080712,6.0,0,1,0,4482.978861402342,0817061 ESCOLA MUNICIPAL JOAQUIM EDSON DE CAMARGO,33080607,5.4
0918044 ESCOLA MUNICIPAL ERNESTO NAZARETH,33082855,6.2,0,1,0,4572.131586092689,0817061 ESCOLA MUNICIPAL JOAQUIM EDSON DE CAMARGO,33080607,5.4
0817049 ESCOLA MUNICIPAL EUSEBIO DE QUEIROZ,33080429,6.3,1,0,1,4905.470961151616,0817061 ESCOLA MUNICIPAL JOAQUIM EDSON DE CAMARGO,33080607,5.4
0833020 ESCOLA MUNICIPAL CORINTHO DA FONSECA,33080305,6.1,0,1,0,5501.678649469317,0817061 ESCOLA MUNICIPAL JOAQUIM EDSON DE CAMARGO,33080607,5.4
0918079 ESCOLA MUNICIPAL CONSTANTINO MAGALHAES,33082766,6.3,0,1,0,5626.1662969442805,0817061 ESCOLA MUNICIPAL JOAQUIM EDSON DE CAMARGO,33080607,5.4
0833023 ESCOLA MUNICIPAL PINTOR LAZAR SEGALL,33080925,6.0,0,1,0,6227.135524849488,0817061 ESCOLA MUNICIPAL JOAQUIM EDSON DE CAMARGO,33080607,5.4
