nome_escola,cod_inep,ideb,pessimo_pra_bom_bin,ruim_pra_bom_bin,melhora_com_final_bom_bin,distancia,escola_risco,cod_inep_risco,ideb_2017_risco
0817058 ESCOLA MUNICIPAL GUILHERME DA SILVEIRA,33080500,6.0,0,1,0,773.8597619334754,0817207 CIEP VILA KENNEDY,33079218,5.2
0817127 ESCOLA MUNICIPAL AYRTON SENNA DA SILVA,33100551,7.6,0,1,1,1936.4033882473227,0817207 CIEP VILA KENNEDY,33079218,5.2
0918046 ESCOLA MUNICIPAL SAMUEL WAINER,33083401,6.3,1,0,1,3075.764377854716,0817207 CIEP VILA KENNEDY,33079218,5.2
0817055 ESCOLA MUNICIPAL PROFESSOR LAURO TRAVASSOS,33081042,6.0,0,1,0,3618.0435420909034,0817207 CIEP VILA KENNEDY,33079218,5.2
0817030 ESCOLA MUNICIPAL DIAS MARTINS,33080330,6.8,0,1,1,3804.0627909462655,0817207 CIEP VILA KENNEDY,33079218,5.2
0817036 ESCOLA MUNICIPAL OSCAR THOMPSON,33080879,6.2,0,1,0,3844.20234918054,0817207 CIEP VILA KENNEDY,33079218,5.2
0918085 ESCOLA MUNICIPAL PROFESSOR HELTON ALVARES VELOSO DE CASTRO,33139806,6.3,0,1,0,3875.5258363843304,0817207 CIEP VILA KENNEDY,33079218,5.2
0817033 ESCOLA MUNICIPAL HENRIQUE DA SILVA FONTES,33080526,6.7,0,1,1,4591.5479925444915,0817207 CIEP VILA KENNEDY,33079218,5.2
0817049 ESCOLA MUNICIPAL EUSEBIO DE QUEIROZ,33080429,6.3,1,0,1,4732.499975388722,0817207 CIEP VILA KENNEDY,33079218,5.2
0817045 ESCOLA MUNICIPAL ARIENA VIANNA DA SILVA,33080127,6.7,0,1,1,4735.204060072896,0817207 CIEP VILA KENNEDY,33079218,5.2
0817018 ESCOLA MUNICIPAL LEONIDAS SOBRINO PORTO,33080712,6.0,0,1,0,4982.966656371825,0817207 CIEP VILA KENNEDY,33079218,5.2
0833020 ESCOLA MUNICIPAL CORINTHO DA FONSECA,33080305,6.1,0,1,0,5239.674501215685,0817207 CIEP VILA KENNEDY,33079218,5.2
0918044 ESCOLA MUNICIPAL ERNESTO NAZARETH,33082855,6.2,0,1,0,5313.740093319265,0817207 CIEP VILA KENNEDY,33079218,5.2
0918079 ESCOLA MUNICIPAL CONSTANTINO MAGALHAES,33082766,6.3,0,1,0,5833.565822309928,0817207 CIEP VILA KENNEDY,33079218,5.2
0833023 ESCOLA MUNICIPAL PINTOR LAZAR SEGALL,33080925,6.0,0,1,0,6323.567737440151,0817207 CIEP VILA KENNEDY,33079218,5.2
