nome_escola,cod_inep,ideb,pessimo_pra_bom_bin,ruim_pra_bom_bin,melhora_com_final_bom_bin,distancia,escola_risco,cod_inep_risco,ideb_2017_risco
0817058 ESCOLA MUNICIPAL GUILHERME DA SILVEIRA,33080500,6.0,0,1,0,689.5521046433764,0817059 ESCOLA MUNICIPAL JOANA ANGELICA,33080577,5.2
0817127 ESCOLA MUNICIPAL AYRTON SENNA DA SILVA,33100551,7.6,0,1,1,1409.3289764596532,0817059 ESCOLA MUNICIPAL JOANA ANGELICA,33080577,5.2
0918046 ESCOLA MUNICIPAL SAMUEL WAINER,33083401,6.3,1,0,1,3058.3948465485523,0817059 ESCOLA MUNICIPAL JOANA ANGELICA,33080577,5.2
0817030 ESCOLA MUNICIPAL DIAS MARTINS,33080330,6.8,0,1,1,3275.6450374924757,0817059 ESCOLA MUNICIPAL JOANA ANGELICA,33080577,5.2
0817055 ESCOLA MUNICIPAL PROFESSOR LAURO TRAVASSOS,33081042,6.0,0,1,0,3372.766479757609,0817059 ESCOLA MUNICIPAL JOANA ANGELICA,33080577,5.2
0817036 ESCOLA MUNICIPAL OSCAR THOMPSON,33080879,6.2,0,1,0,3440.7499348195142,0817059 ESCOLA MUNICIPAL JOANA ANGELICA,33080577,5.2
0918085 ESCOLA MUNICIPAL PROFESSOR HELTON ALVARES VELOSO DE CASTRO,33139806,6.3,0,1,0,3745.009826550799,0817059 ESCOLA MUNICIPAL JOANA ANGELICA,33080577,5.2
0817033 ESCOLA MUNICIPAL HENRIQUE DA SILVA FONTES,33080526,6.7,0,1,1,4056.9457120121647,0817059 ESCOLA MUNICIPAL JOANA ANGELICA,33080577,5.2
0817045 ESCOLA MUNICIPAL ARIENA VIANNA DA SILVA,33080127,6.7,0,1,1,4252.365176014922,0817059 ESCOLA MUNICIPAL JOANA ANGELICA,33080577,5.2
0817049 ESCOLA MUNICIPAL EUSEBIO DE QUEIROZ,33080429,6.3,1,0,1,4377.417258528289,0817059 ESCOLA MUNICIPAL JOANA ANGELICA,33080577,5.2
0817018 ESCOLA MUNICIPAL LEONIDAS SOBRINO PORTO,33080712,6.0,0,1,0,4430.511121922546,0817059 ESCOLA MUNICIPAL JOANA ANGELICA,33080577,5.2
0833020 ESCOLA MUNICIPAL CORINTHO DA FONSECA,33080305,6.1,0,1,0,4929.890246726358,0817059 ESCOLA MUNICIPAL JOANA ANGELICA,33080577,5.2
0918044 ESCOLA MUNICIPAL ERNESTO NAZARETH,33082855,6.2,0,1,0,5295.526196574008,0817059 ESCOLA MUNICIPAL JOANA ANGELICA,33080577,5.2
0833023 ESCOLA MUNICIPAL PINTOR LAZAR SEGALL,33080925,6.0,0,1,0,5868.433009348617,0817059 ESCOLA MUNICIPAL JOANA ANGELICA,33080577,5.2
0918079 ESCOLA MUNICIPAL CONSTANTINO MAGALHAES,33082766,6.3,0,1,0,6124.921369999967,0817059 ESCOLA MUNICIPAL JOANA ANGELICA,33080577,5.2
