nome_escola,cod_inep,ideb,pessimo_pra_bom_bin,ruim_pra_bom_bin,melhora_com_final_bom_bin,distancia,escola_risco,cod_inep_risco,ideb_2017_risco
0817127 ESCOLA MUNICIPAL AYRTON SENNA DA SILVA,33100551,7.6,0,1,1,779.7655010999642,0817078 ESCOLA MUNICIPAL EDISON CARNEIRO,33080356,5.4
0817058 ESCOLA MUNICIPAL GUILHERME DA SILVEIRA,33080500,6.0,0,1,0,1843.6135021153304,0817078 ESCOLA MUNICIPAL EDISON CARNEIRO,33080356,5.4
0817030 ESCOLA MUNICIPAL DIAS MARTINS,33080330,6.8,0,1,1,1880.891409334854,0817078 ESCOLA MUNICIPAL EDISON CARNEIRO,33080356,5.4
0817036 ESCOLA MUNICIPAL OSCAR THOMPSON,33080879,6.2,0,1,0,2495.401984906228,0817078 ESCOLA MUNICIPAL EDISON CARNEIRO,33080356,5.4
0817033 ESCOLA MUNICIPAL HENRIQUE DA SILVA FONTES,33080526,6.7,0,1,1,2631.249007348937,0817078 ESCOLA MUNICIPAL EDISON CARNEIRO,33080356,5.4
0817045 ESCOLA MUNICIPAL ARIENA VIANNA DA SILVA,33080127,6.7,0,1,1,2986.3864531110617,0817078 ESCOLA MUNICIPAL EDISON CARNEIRO,33080356,5.4
0817018 ESCOLA MUNICIPAL LEONIDAS SOBRINO PORTO,33080712,6.0,0,1,0,3069.3548918866145,0817078 ESCOLA MUNICIPAL EDISON CARNEIRO,33080356,5.4
0918046 ESCOLA MUNICIPAL SAMUEL WAINER,33083401,6.3,1,0,1,3302.7136843708513,0817078 ESCOLA MUNICIPAL EDISON CARNEIRO,33080356,5.4
0817055 ESCOLA MUNICIPAL PROFESSOR LAURO TRAVASSOS,33081042,6.0,0,1,0,3331.3468816902605,0817078 ESCOLA MUNICIPAL EDISON CARNEIRO,33080356,5.4
0918085 ESCOLA MUNICIPAL PROFESSOR HELTON ALVARES VELOSO DE CASTRO,33139806,6.3,0,1,0,3609.125284650624,0817078 ESCOLA MUNICIPAL EDISON CARNEIRO,33080356,5.4
0817049 ESCOLA MUNICIPAL EUSEBIO DE QUEIROZ,33080429,6.3,1,0,1,3883.1694580820954,0817078 ESCOLA MUNICIPAL EDISON CARNEIRO,33080356,5.4
0833020 ESCOLA MUNICIPAL CORINTHO DA FONSECA,33080305,6.1,0,1,0,4550.939743240053,0817078 ESCOLA MUNICIPAL EDISON CARNEIRO,33080356,5.4
0833023 ESCOLA MUNICIPAL PINTOR LAZAR SEGALL,33080925,6.0,0,1,0,4935.164400899537,0817078 ESCOLA MUNICIPAL EDISON CARNEIRO,33080356,5.4
0918044 ESCOLA MUNICIPAL ERNESTO NAZARETH,33082855,6.2,0,1,0,5340.410287787462,0817078 ESCOLA MUNICIPAL EDISON CARNEIRO,33080356,5.4
0833034 ESCOLA MUNICIPAL SENADOR CAMARA,33081158,6.4,0,1,1,5952.329486593847,0817078 ESCOLA MUNICIPAL EDISON CARNEIRO,33080356,5.4
