nome_escola,cod_inep,ideb,pessimo_pra_bom_bin,ruim_pra_bom_bin,melhora_com_final_bom_bin,distancia,escola_risco,cod_inep_risco,ideb_2017_risco
0817036 ESCOLA MUNICIPAL OSCAR THOMPSON,33080879,6.2,0,1,0,1749.9130262669603,0817046 ESCOLA MUNICIPAL RAUL FRANCISCO RYFF,33081085,4.8
0817127 ESCOLA MUNICIPAL AYRTON SENNA DA SILVA,33100551,7.6,0,1,1,1962.7018793430595,0817046 ESCOLA MUNICIPAL RAUL FRANCISCO RYFF,33081085,4.8
0817030 ESCOLA MUNICIPAL DIAS MARTINS,33080330,6.8,0,1,1,2037.0948385916415,0817046 ESCOLA MUNICIPAL RAUL FRANCISCO RYFF,33081085,4.8
0918046 ESCOLA MUNICIPAL SAMUEL WAINER,33083401,6.3,1,0,1,2067.027295968916,0817046 ESCOLA MUNICIPAL RAUL FRANCISCO RYFF,33081085,4.8
0918085 ESCOLA MUNICIPAL PROFESSOR HELTON ALVARES VELOSO DE CASTRO,33139806,6.3,0,1,0,2359.2094982962903,0817046 ESCOLA MUNICIPAL RAUL FRANCISCO RYFF,33081085,4.8
0817058 ESCOLA MUNICIPAL GUILHERME DA SILVEIRA,33080500,6.0,0,1,0,2363.155376781236,0817046 ESCOLA MUNICIPAL RAUL FRANCISCO RYFF,33081085,4.8
0817045 ESCOLA MUNICIPAL ARIENA VIANNA DA SILVA,33080127,6.7,0,1,1,2722.0559074709004,0817046 ESCOLA MUNICIPAL RAUL FRANCISCO RYFF,33081085,4.8
0817033 ESCOLA MUNICIPAL HENRIQUE DA SILVA FONTES,33080526,6.7,0,1,1,2815.33291900234,0817046 ESCOLA MUNICIPAL RAUL FRANCISCO RYFF,33081085,4.8
0817018 ESCOLA MUNICIPAL LEONIDAS SOBRINO PORTO,33080712,6.0,0,1,0,4004.184768852461,0817046 ESCOLA MUNICIPAL RAUL FRANCISCO RYFF,33081085,4.8
0918044 ESCOLA MUNICIPAL ERNESTO NAZARETH,33082855,6.2,0,1,0,4079.9891806408327,0817046 ESCOLA MUNICIPAL RAUL FRANCISCO RYFF,33081085,4.8
0817055 ESCOLA MUNICIPAL PROFESSOR LAURO TRAVASSOS,33081042,6.0,0,1,0,4513.626115950861,0817046 ESCOLA MUNICIPAL RAUL FRANCISCO RYFF,33081085,4.8
0817049 ESCOLA MUNICIPAL EUSEBIO DE QUEIROZ,33080429,6.3,1,0,1,5144.73807902068,0817046 ESCOLA MUNICIPAL RAUL FRANCISCO RYFF,33081085,4.8
0918079 ESCOLA MUNICIPAL CONSTANTINO MAGALHAES,33082766,6.3,0,1,0,5771.155451743403,0817046 ESCOLA MUNICIPAL RAUL FRANCISCO RYFF,33081085,4.8
0833020 ESCOLA MUNICIPAL CORINTHO DA FONSECA,33080305,6.1,0,1,0,5806.922303413274,0817046 ESCOLA MUNICIPAL RAUL FRANCISCO RYFF,33081085,4.8
0833023 ESCOLA MUNICIPAL PINTOR LAZAR SEGALL,33080925,6.0,0,1,0,6137.963282274351,0817046 ESCOLA MUNICIPAL RAUL FRANCISCO RYFF,33081085,4.8
