nome_escola,cod_inep,ideb,pessimo_pra_bom_bin,ruim_pra_bom_bin,melhora_com_final_bom_bin,distancia,escola_risco,cod_inep_risco,ideb_2017_risco
0817018 ESCOLA MUNICIPAL LEONIDAS SOBRINO PORTO,33080712,6.0,0,1,0,1392.5726106723314,0817012 ESCOLA MUNICIPAL ANTONIO AUSTREGESILO,33080089,5.4
0817030 ESCOLA MUNICIPAL DIAS MARTINS,33080330,6.8,0,1,1,1654.4430187877867,0817012 ESCOLA MUNICIPAL ANTONIO AUSTREGESILO,33080089,5.4
0817127 ESCOLA MUNICIPAL AYRTON SENNA DA SILVA,33100551,7.6,0,1,1,1727.8931403106853,0817012 ESCOLA MUNICIPAL ANTONIO AUSTREGESILO,33080089,5.4
0817033 ESCOLA MUNICIPAL HENRIQUE DA SILVA FONTES,33080526,6.7,0,1,1,1962.2419833785207,0817012 ESCOLA MUNICIPAL ANTONIO AUSTREGESILO,33080089,5.4
0817045 ESCOLA MUNICIPAL ARIENA VIANNA DA SILVA,33080127,6.7,0,1,1,2806.9449839276685,0817012 ESCOLA MUNICIPAL ANTONIO AUSTREGESILO,33080089,5.4
0817036 ESCOLA MUNICIPAL OSCAR THOMPSON,33080879,6.2,0,1,0,3059.297302223964,0817012 ESCOLA MUNICIPAL ANTONIO AUSTREGESILO,33080089,5.4
0817049 ESCOLA MUNICIPAL EUSEBIO DE QUEIROZ,33080429,6.3,1,0,1,3094.713702058751,0817012 ESCOLA MUNICIPAL ANTONIO AUSTREGESILO,33080089,5.4
0817058 ESCOLA MUNICIPAL GUILHERME DA SILVEIRA,33080500,6.0,0,1,0,3190.8510615494934,0817012 ESCOLA MUNICIPAL ANTONIO AUSTREGESILO,33080089,5.4
0817055 ESCOLA MUNICIPAL PROFESSOR LAURO TRAVASSOS,33081042,6.0,0,1,0,3208.9651980018048,0817012 ESCOLA MUNICIPAL ANTONIO AUSTREGESILO,33080089,5.4
0833023 ESCOLA MUNICIPAL PINTOR LAZAR SEGALL,33080925,6.0,0,1,0,3521.4379330763063,0817012 ESCOLA MUNICIPAL ANTONIO AUSTREGESILO,33080089,5.4
0833020 ESCOLA MUNICIPAL CORINTHO DA FONSECA,33080305,6.1,0,1,0,3810.778363781411,0817012 ESCOLA MUNICIPAL ANTONIO AUSTREGESILO,33080089,5.4
0918046 ESCOLA MUNICIPAL SAMUEL WAINER,33083401,6.3,1,0,1,4748.108878599073,0817012 ESCOLA MUNICIPAL ANTONIO AUSTREGESILO,33080089,5.4
0918085 ESCOLA MUNICIPAL PROFESSOR HELTON ALVARES VELOSO DE CASTRO,33139806,6.3,0,1,0,4800.016064830809,0817012 ESCOLA MUNICIPAL ANTONIO AUSTREGESILO,33080089,5.4
0833034 ESCOLA MUNICIPAL SENADOR CAMARA,33081158,6.4,0,1,1,4801.207399380968,0817012 ESCOLA MUNICIPAL ANTONIO AUSTREGESILO,33080089,5.4
0833037 ESCOLA MUNICIPAL CARLOS MAUL,33080208,6.1,0,1,0,4887.270494295314,0817012 ESCOLA MUNICIPAL ANTONIO AUSTREGESILO,33080089,5.4
