nome_escola,cod_inep,ideb,pessimo_pra_bom_bin,ruim_pra_bom_bin,melhora_com_final_bom_bin,distancia,escola_risco,cod_inep_risco,ideb_2017_risco
0817127 ESCOLA MUNICIPAL AYRTON SENNA DA SILVA,33100551,7.6,0,1,1,842.093741761074,0817509 CIEP MAESTRINA CHIQUINHA GONZAGA,33079110,5.3
0817055 ESCOLA MUNICIPAL PROFESSOR LAURO TRAVASSOS,33081042,6.0,0,1,0,2106.859043839775,0817509 CIEP MAESTRINA CHIQUINHA GONZAGA,33079110,5.3
0817058 ESCOLA MUNICIPAL GUILHERME DA SILVEIRA,33080500,6.0,0,1,0,2135.636994485115,0817509 CIEP MAESTRINA CHIQUINHA GONZAGA,33079110,5.3
0817018 ESCOLA MUNICIPAL LEONIDAS SOBRINO PORTO,33080712,6.0,0,1,0,2451.5910347058384,0817509 CIEP MAESTRINA CHIQUINHA GONZAGA,33079110,5.3
0817049 ESCOLA MUNICIPAL EUSEBIO DE QUEIROZ,33080429,6.3,1,0,1,2483.35697498322,0817509 CIEP MAESTRINA CHIQUINHA GONZAGA,33079110,5.3
0817030 ESCOLA MUNICIPAL DIAS MARTINS,33080330,6.8,0,1,1,2595.8439030518743,0817509 CIEP MAESTRINA CHIQUINHA GONZAGA,33079110,5.3
0817033 ESCOLA MUNICIPAL HENRIQUE DA SILVA FONTES,33080526,6.7,0,1,1,3123.099766241887,0817509 CIEP MAESTRINA CHIQUINHA GONZAGA,33079110,5.3
0833020 ESCOLA MUNICIPAL CORINTHO DA FONSECA,33080305,6.1,0,1,0,3158.765341166052,0817509 CIEP MAESTRINA CHIQUINHA GONZAGA,33079110,5.3
0833023 ESCOLA MUNICIPAL PINTOR LAZAR SEGALL,33080925,6.0,0,1,0,3668.61115814509,0817509 CIEP MAESTRINA CHIQUINHA GONZAGA,33079110,5.3
0817036 ESCOLA MUNICIPAL OSCAR THOMPSON,33080879,6.2,0,1,0,3687.5230394333093,0817509 CIEP MAESTRINA CHIQUINHA GONZAGA,33079110,5.3
0817045 ESCOLA MUNICIPAL ARIENA VIANNA DA SILVA,33080127,6.7,0,1,1,3813.2491674614316,0817509 CIEP MAESTRINA CHIQUINHA GONZAGA,33079110,5.3
0833034 ESCOLA MUNICIPAL SENADOR CAMARA,33081158,6.4,0,1,1,4569.35983699644,0817509 CIEP MAESTRINA CHIQUINHA GONZAGA,33079110,5.3
0918046 ESCOLA MUNICIPAL SAMUEL WAINER,33083401,6.3,1,0,1,4685.176713643082,0817509 CIEP MAESTRINA CHIQUINHA GONZAGA,33079110,5.3
0918085 ESCOLA MUNICIPAL PROFESSOR HELTON ALVARES VELOSO DE CASTRO,33139806,6.3,0,1,0,5006.020337158995,0817509 CIEP MAESTRINA CHIQUINHA GONZAGA,33079110,5.3
0833037 ESCOLA MUNICIPAL CARLOS MAUL,33080208,6.1,0,1,0,5136.078168301368,0817509 CIEP MAESTRINA CHIQUINHA GONZAGA,33079110,5.3
