nome_escola,cod_inep,ideb,pessimo_pra_bom_bin,ruim_pra_bom_bin,melhora_com_final_bom_bin,distancia,escola_risco,cod_inep_risco,ideb_2017_risco
0833023 ESCOLA MUNICIPAL PINTOR LAZAR SEGALL,33080925,6.0,0,1,0,982.9348596905553,0817507 CIEP MESTRE ANDRE,33079145,4.8
0817049 ESCOLA MUNICIPAL EUSEBIO DE QUEIROZ,33080429,6.3,1,0,1,1437.4336346813063,0817507 CIEP MESTRE ANDRE,33079145,4.8
0833020 ESCOLA MUNICIPAL CORINTHO DA FONSECA,33080305,6.1,0,1,0,1901.7697709050547,0817507 CIEP MESTRE ANDRE,33079145,4.8
0817018 ESCOLA MUNICIPAL LEONIDAS SOBRINO PORTO,33080712,6.0,0,1,0,2126.4191191522204,0817507 CIEP MESTRE ANDRE,33079145,4.8
0833034 ESCOLA MUNICIPAL SENADOR CAMARA,33081158,6.4,0,1,1,2201.109424333662,0817507 CIEP MESTRE ANDRE,33079145,4.8
0833037 ESCOLA MUNICIPAL CARLOS MAUL,33080208,6.1,0,1,0,2453.4999808845882,0817507 CIEP MESTRE ANDRE,33079145,4.8
0817055 ESCOLA MUNICIPAL PROFESSOR LAURO TRAVASSOS,33081042,6.0,0,1,0,2671.3373330557715,0817507 CIEP MESTRE ANDRE,33079145,4.8
0833019 ESCOLA MUNICIPAL LIMA BARRETO,33080720,6.5,1,0,1,2794.0638122578075,0817507 CIEP MESTRE ANDRE,33079145,4.8
0833012 ESCOLA MUNICIPAL ALVARO ALVIM,33080062,6.5,0,1,0,3483.4932717648776,0817507 CIEP MESTRE ANDRE,33079145,4.8
0817127 ESCOLA MUNICIPAL AYRTON SENNA DA SILVA,33100551,7.6,0,1,1,3528.055971895979,0817507 CIEP MESTRE ANDRE,33079145,4.8
0817030 ESCOLA MUNICIPAL DIAS MARTINS,33080330,6.8,0,1,1,4219.569623147498,0817507 CIEP MESTRE ANDRE,33079145,4.8
0817033 ESCOLA MUNICIPAL HENRIQUE DA SILVA FONTES,33080526,6.7,0,1,1,4259.592419879851,0817507 CIEP MESTRE ANDRE,33079145,4.8
0817058 ESCOLA MUNICIPAL GUILHERME DA SILVEIRA,33080500,6.0,0,1,0,4666.617224407393,0817507 CIEP MESTRE ANDRE,33079145,4.8
0817045 ESCOLA MUNICIPAL ARIENA VIANNA DA SILVA,33080127,6.7,0,1,1,5235.888492647406,0817507 CIEP MESTRE ANDRE,33079145,4.8
0817036 ESCOLA MUNICIPAL OSCAR THOMPSON,33080879,6.2,0,1,0,5682.518533747291,0817507 CIEP MESTRE ANDRE,33079145,4.8
