nome_escola,cod_inep,ideb,pessimo_pra_bom_bin,ruim_pra_bom_bin,melhora_com_final_bom_bin,distancia,escola_risco,cod_inep_risco,ideb_2017_risco
0817055 ESCOLA MUNICIPAL PROFESSOR LAURO TRAVASSOS,33081042,6.0,0,1,0,1068.329865543197,0817082 ESCOLA MUNICIPAL JOSE MAURO DE VASCONCELOS,33080658,5.2
0817058 ESCOLA MUNICIPAL GUILHERME DA SILVEIRA,33080500,6.0,0,1,0,1881.8481953666605,0817082 ESCOLA MUNICIPAL JOSE MAURO DE VASCONCELOS,33080658,5.2
0817127 ESCOLA MUNICIPAL AYRTON SENNA DA SILVA,33100551,7.6,0,1,1,2073.4250313880707,0817082 ESCOLA MUNICIPAL JOSE MAURO DE VASCONCELOS,33080658,5.2
0817049 ESCOLA MUNICIPAL EUSEBIO DE QUEIROZ,33080429,6.3,1,0,1,2424.866992357736,0817082 ESCOLA MUNICIPAL JOSE MAURO DE VASCONCELOS,33080658,5.2
0833020 ESCOLA MUNICIPAL CORINTHO DA FONSECA,33080305,6.1,0,1,0,2754.80796306162,0817082 ESCOLA MUNICIPAL JOSE MAURO DE VASCONCELOS,33080658,5.2
0817018 ESCOLA MUNICIPAL LEONIDAS SOBRINO PORTO,33080712,6.0,0,1,0,4240.278641483152,0817082 ESCOLA MUNICIPAL JOSE MAURO DE VASCONCELOS,33080658,5.2
0833023 ESCOLA MUNICIPAL PINTOR LAZAR SEGALL,33080925,6.0,0,1,0,4380.727782279134,0817082 ESCOLA MUNICIPAL JOSE MAURO DE VASCONCELOS,33080658,5.2
0817030 ESCOLA MUNICIPAL DIAS MARTINS,33080330,6.8,0,1,1,4498.7605821785,0817082 ESCOLA MUNICIPAL JOSE MAURO DE VASCONCELOS,33080658,5.2
0833034 ESCOLA MUNICIPAL SENADOR CAMARA,33081158,6.4,0,1,1,4582.8444607586125,0817082 ESCOLA MUNICIPAL JOSE MAURO DE VASCONCELOS,33080658,5.2
0817033 ESCOLA MUNICIPAL HENRIQUE DA SILVA FONTES,33080526,6.7,0,1,1,5092.513192324285,0817082 ESCOLA MUNICIPAL JOSE MAURO DE VASCONCELOS,33080658,5.2
0833019 ESCOLA MUNICIPAL LIMA BARRETO,33080720,6.5,1,0,1,5121.492226903699,0817082 ESCOLA MUNICIPAL JOSE MAURO DE VASCONCELOS,33080658,5.2
0817036 ESCOLA MUNICIPAL OSCAR THOMPSON,33080879,6.2,0,1,0,5336.07202070378,0817082 ESCOLA MUNICIPAL JOSE MAURO DE VASCONCELOS,33080658,5.2
0918046 ESCOLA MUNICIPAL SAMUEL WAINER,33083401,6.3,1,0,1,5540.22916132487,0817082 ESCOLA MUNICIPAL JOSE MAURO DE VASCONCELOS,33080658,5.2
0817045 ESCOLA MUNICIPAL ARIENA VIANNA DA SILVA,33080127,6.7,0,1,1,5702.218189722388,0817082 ESCOLA MUNICIPAL JOSE MAURO DE VASCONCELOS,33080658,5.2
0833012 ESCOLA MUNICIPAL ALVARO ALVIM,33080062,6.5,0,1,0,5706.046360120724,0817082 ESCOLA MUNICIPAL JOSE MAURO DE VASCONCELOS,33080658,5.2
