nome_escola,cod_inep,ideb,pessimo_pra_bom_bin,ruim_pra_bom_bin,melhora_com_final_bom_bin,distancia,escola_risco,cod_inep_risco,ideb_2017_risco
0833037 ESCOLA MUNICIPAL CARLOS MAUL,33080208,6.1,0,1,0,1606.0068450130623,0833033 ESCOLA MUNICIPAL DALVA DE OLIVEIRA,33080321,5.3
0833023 ESCOLA MUNICIPAL PINTOR LAZAR SEGALL,33080925,6.0,0,1,0,3014.2412403882645,0833033 ESCOLA MUNICIPAL DALVA DE OLIVEIRA,33080321,5.3
0833019 ESCOLA MUNICIPAL LIMA BARRETO,33080720,6.5,1,0,1,3147.1567091039615,0833033 ESCOLA MUNICIPAL DALVA DE OLIVEIRA,33080321,5.3
0833012 ESCOLA MUNICIPAL ALVARO ALVIM,33080062,6.5,0,1,0,3223.550365224124,0833033 ESCOLA MUNICIPAL DALVA DE OLIVEIRA,33080321,5.3
0833034 ESCOLA MUNICIPAL SENADOR CAMARA,33081158,6.4,0,1,1,3281.7754641601846,0833033 ESCOLA MUNICIPAL DALVA DE OLIVEIRA,33080321,5.3
0716009 ESCOLA MUNICIPAL DENISE MARIA TORRES,33077819,6.1,0,1,0,3583.521444088432,0833033 ESCOLA MUNICIPAL DALVA DE OLIVEIRA,33080321,5.3
0716043 ESCOLA MUNICIPAL GASTAO MONTEIRO MOUTINHO,33077932,6.2,1,0,1,3819.1625387514982,0833033 ESCOLA MUNICIPAL DALVA DE OLIVEIRA,33080321,5.3
0833505 CIEP ARACY DE ALMEIDA CANTORA,33079080,6.8,0,1,1,3861.5689214308222,0833033 ESCOLA MUNICIPAL DALVA DE OLIVEIRA,33080321,5.3
0833020 ESCOLA MUNICIPAL CORINTHO DA FONSECA,33080305,6.1,0,1,0,4922.019647237464,0833033 ESCOLA MUNICIPAL DALVA DE OLIVEIRA,33080321,5.3
0817049 ESCOLA MUNICIPAL EUSEBIO DE QUEIROZ,33080429,6.3,1,0,1,4979.596453325331,0833033 ESCOLA MUNICIPAL DALVA DE OLIVEIRA,33080321,5.3
0716052 ESCOLA MUNICIPAL ROSA DO POVO,33078335,6.4,1,0,1,4988.050229551615,0833033 ESCOLA MUNICIPAL DALVA DE OLIVEIRA,33080321,5.3
0817018 ESCOLA MUNICIPAL LEONIDAS SOBRINO PORTO,33080712,6.0,0,1,0,4991.242019246002,0833033 ESCOLA MUNICIPAL DALVA DE OLIVEIRA,33080321,5.3
0716502 CIEP ALMIR BONFIM DE ANDRADE,33076880,6.3,0,1,1,5249.740309444013,0833033 ESCOLA MUNICIPAL DALVA DE OLIVEIRA,33080321,5.3
0833006 ESCOLA MUNICIPAL CONDESSA PEREIRA CARNEIRO,33080283,6.4,0,1,1,5326.9876933685455,0833033 ESCOLA MUNICIPAL DALVA DE OLIVEIRA,33080321,5.3
0833004 ESCOLA MUNICIPAL ENGENHEIRO LAFAYETTE DE ANDRADE,33080399,7.2,0,1,1,5682.734746918139,0833033 ESCOLA MUNICIPAL DALVA DE OLIVEIRA,33080321,5.3
