nome_escola,cod_inep,ideb,pessimo_pra_bom_bin,ruim_pra_bom_bin,melhora_com_final_bom_bin,distancia,escola_risco,cod_inep_risco,ideb_2017_risco
0833023 ESCOLA MUNICIPAL PINTOR LAZAR SEGALL,33080925,6.0,0,1,0,871.1958298846015,0833024 ESCOLA MUNICIPAL PRESIDENTE ROOSEVELT,33080984,5.1
0833034 ESCOLA MUNICIPAL SENADOR CAMARA,33081158,6.4,0,1,1,1033.8726641436933,0833024 ESCOLA MUNICIPAL PRESIDENTE ROOSEVELT,33080984,5.1
0833020 ESCOLA MUNICIPAL CORINTHO DA FONSECA,33080305,6.1,0,1,0,1451.9815093679817,0833024 ESCOLA MUNICIPAL PRESIDENTE ROOSEVELT,33080984,5.1
0817049 ESCOLA MUNICIPAL EUSEBIO DE QUEIROZ,33080429,6.3,1,0,1,1488.4444642143296,0833024 ESCOLA MUNICIPAL PRESIDENTE ROOSEVELT,33080984,5.1
0833019 ESCOLA MUNICIPAL LIMA BARRETO,33080720,6.5,1,0,1,1638.0505772357344,0833024 ESCOLA MUNICIPAL PRESIDENTE ROOSEVELT,33080984,5.1
0833037 ESCOLA MUNICIPAL CARLOS MAUL,33080208,6.1,0,1,0,1907.5712996090062,0833024 ESCOLA MUNICIPAL PRESIDENTE ROOSEVELT,33080984,5.1
0833012 ESCOLA MUNICIPAL ALVARO ALVIM,33080062,6.5,0,1,0,2330.781404929682,0833024 ESCOLA MUNICIPAL PRESIDENTE ROOSEVELT,33080984,5.1
0817055 ESCOLA MUNICIPAL PROFESSOR LAURO TRAVASSOS,33081042,6.0,0,1,0,2890.7843485922335,0833024 ESCOLA MUNICIPAL PRESIDENTE ROOSEVELT,33080984,5.1
0817018 ESCOLA MUNICIPAL LEONIDAS SOBRINO PORTO,33080712,6.0,0,1,0,3272.5194398321196,0833024 ESCOLA MUNICIPAL PRESIDENTE ROOSEVELT,33080984,5.1
0817127 ESCOLA MUNICIPAL AYRTON SENNA DA SILVA,33100551,7.6,0,1,1,4434.102757914119,0833024 ESCOLA MUNICIPAL PRESIDENTE ROOSEVELT,33080984,5.1
0833006 ESCOLA MUNICIPAL CONDESSA PEREIRA CARNEIRO,33080283,6.4,0,1,1,5117.588794824665,0833024 ESCOLA MUNICIPAL PRESIDENTE ROOSEVELT,33080984,5.1
0622002 ESCOLA MUNICIPAL ANTONIO MACEO,33086893,6.1,0,1,0,5204.8780094240765,0833024 ESCOLA MUNICIPAL PRESIDENTE ROOSEVELT,33080984,5.1
0817058 ESCOLA MUNICIPAL GUILHERME DA SILVEIRA,33080500,6.0,0,1,0,5379.479013591825,0833024 ESCOLA MUNICIPAL PRESIDENTE ROOSEVELT,33080984,5.1
0817030 ESCOLA MUNICIPAL DIAS MARTINS,33080330,6.8,0,1,1,5380.105432099555,0833024 ESCOLA MUNICIPAL PRESIDENTE ROOSEVELT,33080984,5.1
0817033 ESCOLA MUNICIPAL HENRIQUE DA SILVA FONTES,33080526,6.7,0,1,1,5430.476773718981,0833024 ESCOLA MUNICIPAL PRESIDENTE ROOSEVELT,33080984,5.1
