nome_escola,cod_inep,ideb,pessimo_pra_bom_bin,ruim_pra_bom_bin,melhora_com_final_bom_bin,distancia,escola_risco,cod_inep_risco,ideb_2017_risco
0833037 ESCOLA MUNICIPAL CARLOS MAUL,33080208,6.1,0,1,0,203.77111798900123,0833032 ESCOLA MUNICIPAL STELLA GUERRA DUVAL,33081174,5.4
0833023 ESCOLA MUNICIPAL PINTOR LAZAR SEGALL,33080925,6.0,0,1,0,1675.9156702310484,0833032 ESCOLA MUNICIPAL STELLA GUERRA DUVAL,33081174,5.4
0833034 ESCOLA MUNICIPAL SENADOR CAMARA,33081158,6.4,0,1,1,1949.3334198493583,0833032 ESCOLA MUNICIPAL STELLA GUERRA DUVAL,33081174,5.4
0833019 ESCOLA MUNICIPAL LIMA BARRETO,33080720,6.5,1,0,1,1973.1563911409373,0833032 ESCOLA MUNICIPAL STELLA GUERRA DUVAL,33081174,5.4
0833012 ESCOLA MUNICIPAL ALVARO ALVIM,33080062,6.5,0,1,0,2289.518318617282,0833032 ESCOLA MUNICIPAL STELLA GUERRA DUVAL,33081174,5.4
0833020 ESCOLA MUNICIPAL CORINTHO DA FONSECA,33080305,6.1,0,1,0,3505.254248640756,0833032 ESCOLA MUNICIPAL STELLA GUERRA DUVAL,33081174,5.4
0817049 ESCOLA MUNICIPAL EUSEBIO DE QUEIROZ,33080429,6.3,1,0,1,3567.9967926614963,0833032 ESCOLA MUNICIPAL STELLA GUERRA DUVAL,33081174,5.4
0817018 ESCOLA MUNICIPAL LEONIDAS SOBRINO PORTO,33080712,6.0,0,1,0,4059.9418841175284,0833032 ESCOLA MUNICIPAL STELLA GUERRA DUVAL,33081174,5.4
0833505 CIEP ARACY DE ALMEIDA CANTORA,33079080,6.8,0,1,1,4761.337478860035,0833032 ESCOLA MUNICIPAL STELLA GUERRA DUVAL,33081174,5.4
0833006 ESCOLA MUNICIPAL CONDESSA PEREIRA CARNEIRO,33080283,6.4,0,1,1,4909.829959510046,0833032 ESCOLA MUNICIPAL STELLA GUERRA DUVAL,33081174,5.4
0716009 ESCOLA MUNICIPAL DENISE MARIA TORRES,33077819,6.1,0,1,0,4952.373644970951,0833032 ESCOLA MUNICIPAL STELLA GUERRA DUVAL,33081174,5.4
0817055 ESCOLA MUNICIPAL PROFESSOR LAURO TRAVASSOS,33081042,6.0,0,1,0,4975.501428318635,0833032 ESCOLA MUNICIPAL STELLA GUERRA DUVAL,33081174,5.4
0716043 ESCOLA MUNICIPAL GASTAO MONTEIRO MOUTINHO,33077932,6.2,1,0,1,5199.168423138395,0833032 ESCOLA MUNICIPAL STELLA GUERRA DUVAL,33081174,5.4
0833004 ESCOLA MUNICIPAL ENGENHEIRO LAFAYETTE DE ANDRADE,33080399,7.2,0,1,1,5532.227673891635,0833032 ESCOLA MUNICIPAL STELLA GUERRA DUVAL,33081174,5.4
0622002 ESCOLA MUNICIPAL ANTONIO MACEO,33086893,6.1,0,1,0,5904.040572631088,0833032 ESCOLA MUNICIPAL STELLA GUERRA DUVAL,33081174,5.4
