nome_escola,cod_inep,ideb,pessimo_pra_bom_bin,ruim_pra_bom_bin,melhora_com_final_bom_bin,distancia,escola_risco,cod_inep_risco,ideb_2017_risco
0833019 ESCOLA MUNICIPAL LIMA BARRETO,33080720,6.5,1,0,1,98.08219257051984,0833503 CIEP THOMAS JEFFERSON,33079200,4.9
0833034 ESCOLA MUNICIPAL SENADOR CAMARA,33081158,6.4,0,1,1,551.5770279947072,0833503 CIEP THOMAS JEFFERSON,33079200,4.9
0833012 ESCOLA MUNICIPAL ALVARO ALVIM,33080062,6.5,0,1,0,755.5937516499752,0833503 CIEP THOMAS JEFFERSON,33079200,4.9
0833037 ESCOLA MUNICIPAL CARLOS MAUL,33080208,6.1,0,1,0,1962.5140165360053,0833503 CIEP THOMAS JEFFERSON,33079200,4.9
0833023 ESCOLA MUNICIPAL PINTOR LAZAR SEGALL,33080925,6.0,0,1,0,2110.5575684313612,0833503 CIEP THOMAS JEFFERSON,33079200,4.9
0833020 ESCOLA MUNICIPAL CORINTHO DA FONSECA,33080305,6.1,0,1,0,2274.5561393997095,0833503 CIEP THOMAS JEFFERSON,33079200,4.9
0817049 ESCOLA MUNICIPAL EUSEBIO DE QUEIROZ,33080429,6.3,1,0,1,2726.742486818528,0833503 CIEP THOMAS JEFFERSON,33079200,4.9
0833006 ESCOLA MUNICIPAL CONDESSA PEREIRA CARNEIRO,33080283,6.4,0,1,1,3551.939990549687,0833503 CIEP THOMAS JEFFERSON,33079200,4.9
0817055 ESCOLA MUNICIPAL PROFESSOR LAURO TRAVASSOS,33081042,6.0,0,1,0,3960.4098344951617,0833503 CIEP THOMAS JEFFERSON,33079200,4.9
0622002 ESCOLA MUNICIPAL ANTONIO MACEO,33086893,6.1,0,1,0,3983.6927912487313,0833503 CIEP THOMAS JEFFERSON,33079200,4.9
0833004 ESCOLA MUNICIPAL ENGENHEIRO LAFAYETTE DE ANDRADE,33080399,7.2,0,1,1,4469.725698815956,0833503 CIEP THOMAS JEFFERSON,33079200,4.9
0622008 ESCOLA MUNICIPAL NARBAL FONTES,33087237,6.1,0,1,0,4595.238424025743,0833503 CIEP THOMAS JEFFERSON,33079200,4.9
0817018 ESCOLA MUNICIPAL LEONIDAS SOBRINO PORTO,33080712,6.0,0,1,0,4798.122981276919,0833503 CIEP THOMAS JEFFERSON,33079200,4.9
0833001 ESCOLA MUNICIPAL MADRE BENEDITA,33087172,6.0,1,0,1,5081.185785713737,0833503 CIEP THOMAS JEFFERSON,33079200,4.9
0833505 CIEP ARACY DE ALMEIDA CANTORA,33079080,6.8,0,1,1,5307.2771846171,0833503 CIEP THOMAS JEFFERSON,33079200,4.9
