nome_escola,cod_inep,ideb,pessimo_pra_bom_bin,ruim_pra_bom_bin,melhora_com_final_bom_bin,distancia,escola_risco,cod_inep_risco,ideb_2017_risco
0833023 ESCOLA MUNICIPAL PINTOR LAZAR SEGALL,33080925,6.0,0,1,0,489.36380688456586,0833021 ESCOLA MUNICIPAL CORONEL CORSINO DO AMARANTE,33080224,4.9
0833034 ESCOLA MUNICIPAL SENADOR CAMARA,33081158,6.4,0,1,1,1161.7826100504237,0833021 ESCOLA MUNICIPAL CORONEL CORSINO DO AMARANTE,33080224,4.9
0833037 ESCOLA MUNICIPAL CARLOS MAUL,33080208,6.1,0,1,0,1289.2856164545497,0833021 ESCOLA MUNICIPAL CORONEL CORSINO DO AMARANTE,33080224,4.9
0833019 ESCOLA MUNICIPAL LIMA BARRETO,33080720,6.5,1,0,1,1641.916254710922,0833021 ESCOLA MUNICIPAL CORONEL CORSINO DO AMARANTE,33080224,4.9
0817049 ESCOLA MUNICIPAL EUSEBIO DE QUEIROZ,33080429,6.3,1,0,1,2086.4703408992227,0833021 ESCOLA MUNICIPAL CORONEL CORSINO DO AMARANTE,33080224,4.9
0833020 ESCOLA MUNICIPAL CORINTHO DA FONSECA,33080305,6.1,0,1,0,2099.6257771355367,0833021 ESCOLA MUNICIPAL CORONEL CORSINO DO AMARANTE,33080224,4.9
0833012 ESCOLA MUNICIPAL ALVARO ALVIM,33080062,6.5,0,1,0,2291.993827364911,0833021 ESCOLA MUNICIPAL CORONEL CORSINO DO AMARANTE,33080224,4.9
0817018 ESCOLA MUNICIPAL LEONIDAS SOBRINO PORTO,33080712,6.0,0,1,0,3215.8863965373216,0833021 ESCOLA MUNICIPAL CORONEL CORSINO DO AMARANTE,33080224,4.9
0817055 ESCOLA MUNICIPAL PROFESSOR LAURO TRAVASSOS,33081042,6.0,0,1,0,3493.889837700247,0833021 ESCOLA MUNICIPAL CORONEL CORSINO DO AMARANTE,33080224,4.9
0817127 ESCOLA MUNICIPAL AYRTON SENNA DA SILVA,33100551,7.6,0,1,1,4818.829008610782,0833021 ESCOLA MUNICIPAL CORONEL CORSINO DO AMARANTE,33080224,4.9
0833006 ESCOLA MUNICIPAL CONDESSA PEREIRA CARNEIRO,33080283,6.4,0,1,1,5146.6081175088375,0833021 ESCOLA MUNICIPAL CORONEL CORSINO DO AMARANTE,33080224,4.9
0817033 ESCOLA MUNICIPAL HENRIQUE DA SILVA FONTES,33080526,6.7,0,1,1,5439.381247768074,0833021 ESCOLA MUNICIPAL CORONEL CORSINO DO AMARANTE,33080224,4.9
0817030 ESCOLA MUNICIPAL DIAS MARTINS,33080330,6.8,0,1,1,5483.519694245922,0833021 ESCOLA MUNICIPAL CORONEL CORSINO DO AMARANTE,33080224,4.9
0622002 ESCOLA MUNICIPAL ANTONIO MACEO,33086893,6.1,0,1,0,5514.220117141364,0833021 ESCOLA MUNICIPAL CORONEL CORSINO DO AMARANTE,33080224,4.9
0817058 ESCOLA MUNICIPAL GUILHERME DA SILVEIRA,33080500,6.0,0,1,0,5864.627417281195,0833021 ESCOLA MUNICIPAL CORONEL CORSINO DO AMARANTE,33080224,4.9
