nome_escola,cod_inep,ideb,pessimo_pra_bom_bin,ruim_pra_bom_bin,melhora_com_final_bom_bin,distancia,escola_risco,cod_inep_risco,ideb_2017_risco
0833037 ESCOLA MUNICIPAL CARLOS MAUL,33080208,6.1,0,1,0,969.1720402161981,0833504 CIEP FRANCISCO SOLANO TRINDADE,33079196,5.1
0833023 ESCOLA MUNICIPAL PINTOR LAZAR SEGALL,33080925,6.0,0,1,0,1901.7505487439764,0833504 CIEP FRANCISCO SOLANO TRINDADE,33079196,5.1
0833034 ESCOLA MUNICIPAL SENADOR CAMARA,33081158,6.4,0,1,1,2754.9044540107125,0833504 CIEP FRANCISCO SOLANO TRINDADE,33079196,5.1
0833019 ESCOLA MUNICIPAL LIMA BARRETO,33080720,6.5,1,0,1,2881.40160157813,0833504 CIEP FRANCISCO SOLANO TRINDADE,33079196,5.1
0833012 ESCOLA MUNICIPAL ALVARO ALVIM,33080062,6.5,0,1,0,3238.0847296986526,0833504 CIEP FRANCISCO SOLANO TRINDADE,33079196,5.1
0817018 ESCOLA MUNICIPAL LEONIDAS SOBRINO PORTO,33080712,6.0,0,1,0,3654.6457313725123,0833504 CIEP FRANCISCO SOLANO TRINDADE,33079196,5.1
0817049 ESCOLA MUNICIPAL EUSEBIO DE QUEIROZ,33080429,6.3,1,0,1,3958.63302205929,0833504 CIEP FRANCISCO SOLANO TRINDADE,33079196,5.1
0833020 ESCOLA MUNICIPAL CORINTHO DA FONSECA,33080305,6.1,0,1,0,4052.9007190947577,0833504 CIEP FRANCISCO SOLANO TRINDADE,33079196,5.1
0716009 ESCOLA MUNICIPAL DENISE MARIA TORRES,33077819,6.1,0,1,0,4434.93746113064,0833504 CIEP FRANCISCO SOLANO TRINDADE,33079196,5.1
0716043 ESCOLA MUNICIPAL GASTAO MONTEIRO MOUTINHO,33077932,6.2,1,0,1,5068.804980683132,0833504 CIEP FRANCISCO SOLANO TRINDADE,33079196,5.1
0833505 CIEP ARACY DE ALMEIDA CANTORA,33079080,6.8,0,1,1,5149.541570405021,0833504 CIEP FRANCISCO SOLANO TRINDADE,33079196,5.1
0817055 ESCOLA MUNICIPAL PROFESSOR LAURO TRAVASSOS,33081042,6.0,0,1,0,5341.76438606224,0833504 CIEP FRANCISCO SOLANO TRINDADE,33079196,5.1
0817033 ESCOLA MUNICIPAL HENRIQUE DA SILVA FONTES,33080526,6.7,0,1,1,5773.683848034738,0833504 CIEP FRANCISCO SOLANO TRINDADE,33079196,5.1
0833006 ESCOLA MUNICIPAL CONDESSA PEREIRA CARNEIRO,33080283,6.4,0,1,1,5831.458625990905,0833504 CIEP FRANCISCO SOLANO TRINDADE,33079196,5.1
0817030 ESCOLA MUNICIPAL DIAS MARTINS,33080330,6.8,0,1,1,6076.934817243597,0833504 CIEP FRANCISCO SOLANO TRINDADE,33079196,5.1
