nome_escola,cod_inep,ideb,pessimo_pra_bom_bin,ruim_pra_bom_bin,melhora_com_final_bom_bin,distancia,escola_risco,cod_inep_risco,ideb_2017_risco
0918079 ESCOLA MUNICIPAL CONSTANTINO MAGALHAES,33082766,6.3,0,1,0,1320.29499694005,0918086 ESCOLA MUNICIPAL PROFESSOR FABIO CESAR PACIFICO,33142920,4.9
0918046 ESCOLA MUNICIPAL SAMUEL WAINER,33083401,6.3,1,0,1,2527.9369198395234,0918086 ESCOLA MUNICIPAL PROFESSOR FABIO CESAR PACIFICO,33142920,4.9
0918044 ESCOLA MUNICIPAL ERNESTO NAZARETH,33082855,6.2,0,1,0,2604.41908989244,0918086 ESCOLA MUNICIPAL PROFESSOR FABIO CESAR PACIFICO,33142920,4.9
0918085 ESCOLA MUNICIPAL PROFESSOR HELTON ALVARES VELOSO DE CASTRO,33139806,6.3,0,1,0,3096.0705869494927,0918086 ESCOLA MUNICIPAL PROFESSOR FABIO CESAR PACIFICO,33142920,4.9
0918051 ESCOLA MUNICIPAL PROFESSOR FLORIANO DE BRITO,33083240,6.1,0,1,0,3274.4689000202848,0918086 ESCOLA MUNICIPAL PROFESSOR FABIO CESAR PACIFICO,33142920,4.9
0918080 ESCOLA MUNICIPAL COMUNIDADE JARDIM PEDREGOSO,33082758,6.4,0,1,0,3813.0786309008254,0918086 ESCOLA MUNICIPAL PROFESSOR FABIO CESAR PACIFICO,33142920,4.9
0918053 ESCOLA MUNICIPAL PROFESSOR MANUEL SAID ALI,33083274,6.1,0,1,0,4043.1868517234634,0918086 ESCOLA MUNICIPAL PROFESSOR FABIO CESAR PACIFICO,33142920,4.9
0817036 ESCOLA MUNICIPAL OSCAR THOMPSON,33080879,6.2,0,1,0,5063.3325344285795,0918086 ESCOLA MUNICIPAL PROFESSOR FABIO CESAR PACIFICO,33142920,4.9
0918049 ESCOLA MUNICIPAL RIO GRANDE DO NORTE,33083363,6.1,0,1,0,5073.027736446918,0918086 ESCOLA MUNICIPAL PROFESSOR FABIO CESAR PACIFICO,33142920,4.9
0817058 ESCOLA MUNICIPAL GUILHERME DA SILVEIRA,33080500,6.0,0,1,0,5346.292311988535,0918086 ESCOLA MUNICIPAL PROFESSOR FABIO CESAR PACIFICO,33142920,4.9
0918040 ESCOLA MUNICIPAL PROFESSORA MARITA DE VASCONCELOS,33083096,6.1,0,1,0,5883.545348336617,0918086 ESCOLA MUNICIPAL PROFESSOR FABIO CESAR PACIFICO,33142920,4.9
0817127 ESCOLA MUNICIPAL AYRTON SENNA DA SILVA,33100551,7.6,0,1,1,6037.583147103329,0918086 ESCOLA MUNICIPAL PROFESSOR FABIO CESAR PACIFICO,33142920,4.9
0918068 ESCOLA MUNICIPAL BENJAMIN FRANKLIN,33082685,6.6,0,1,0,6160.75928101395,0918086 ESCOLA MUNICIPAL PROFESSOR FABIO CESAR PACIFICO,33142920,4.9
0817030 ESCOLA MUNICIPAL DIAS MARTINS,33080330,6.8,0,1,1,6253.634239147443,0918086 ESCOLA MUNICIPAL PROFESSOR FABIO CESAR PACIFICO,33142920,4.9
0817045 ESCOLA MUNICIPAL ARIENA VIANNA DA SILVA,33080127,6.7,0,1,1,6321.193375867225,0918086 ESCOLA MUNICIPAL PROFESSOR FABIO CESAR PACIFICO,33142920,4.9
