nome_escola,cod_inep,ideb,pessimo_pra_bom_bin,ruim_pra_bom_bin,melhora_com_final_bom_bin,distancia,escola_risco,cod_inep_risco,ideb_2017_risco
1019004 ESCOLA MUNICIPAL PROFESSOR JOAO GUALBERTO JORGE DO AMARAL,33084980,6.1,0,1,0,1088.616050069664,0918205 CIEP CLAUDIO MANOEL DA COSTA,33081786,5.1
1019033 ESCOLA MUNICIPAL ESPANHA,33084653,6.2,0,1,1,2052.535938690189,0918205 CIEP CLAUDIO MANOEL DA COSTA,33081786,5.1
1019032 ESCOLA MUNICIPAL MIGUEL CALMON,33084866,6.1,0,1,0,2135.052290602727,0918205 CIEP CLAUDIO MANOEL DA COSTA,33081786,5.1
1019205 CIEP ROBERTO MORENA,33084149,6.1,1,0,1,3125.8577200772997,0918205 CIEP CLAUDIO MANOEL DA COSTA,33081786,5.1
0918004 ESCOLA MUNICIPAL ATENAS,33082634,6.1,0,1,1,3538.1320596189757,0918205 CIEP CLAUDIO MANOEL DA COSTA,33081786,5.1
0918005 ESCOLA MUNICIPAL LYCIO DE SOUZA CARVALHO,33083061,6.1,0,1,0,3583.1264182060163,0918205 CIEP CLAUDIO MANOEL DA COSTA,33081786,5.1
0918037 ESCOLA MUNICIPAL SANTA ISABEL,33083428,6.1,0,1,0,3709.20377428105,0918205 CIEP CLAUDIO MANOEL DA COSTA,33081786,5.1
0918065 ESCOLA MUNICIPAL FERNANDO COSTA,33082901,6.1,0,1,0,3838.5376569580244,0918205 CIEP CLAUDIO MANOEL DA COSTA,33081786,5.1
1019043 ESCOLA MUNICIPAL PROFESSORA FLAVIA DOS SANTOS SOARES,33084971,6.7,0,1,0,3848.508868822079,0918205 CIEP CLAUDIO MANOEL DA COSTA,33081786,5.1
0918073 ESCOLA MUNICIPAL MINISTRO ADAUCTO LUCIO CARDOSO,33083118,6.0,0,1,0,3986.228993364675,0918205 CIEP CLAUDIO MANOEL DA COSTA,33081786,5.1
0918039 ESCOLA MUNICIPAL SAO CAMILO DE LELIS,33083410,6.0,0,1,0,4244.066079660547,0918205 CIEP CLAUDIO MANOEL DA COSTA,33081786,5.1
0918507 CIEP PROFESSOR DARCY RIBEIRO,33081751,6.6,0,1,1,4632.833427489174,0918205 CIEP CLAUDIO MANOEL DA COSTA,33081786,5.1
1026017 ESCOLA MUNICIPAL GIUSEPPE MELCHIORI - PADRE JOSE,33140081,6.0,0,1,0,4636.554097882296,0918205 CIEP CLAUDIO MANOEL DA COSTA,33081786,5.1
1019039 ESCOLA MUNICIPAL PROFESSORA LEILA MEHL MENEZES DE MATTOS,33084998,6.2,0,1,0,4818.007502149807,0918205 CIEP CLAUDIO MANOEL DA COSTA,33081786,5.1
1019003 ESCOLA MUNICIPAL PROFESSOR ARTHUR THIRE,33084564,6.1,0,1,0,5292.575298678843,0918205 CIEP CLAUDIO MANOEL DA COSTA,33081786,5.1
