nome_escola,cod_inep,ideb,pessimo_pra_bom_bin,ruim_pra_bom_bin,melhora_com_final_bom_bin,distancia,escola_risco,cod_inep_risco,ideb_2017_risco
0918073 ESCOLA MUNICIPAL MINISTRO ADAUCTO LUCIO CARDOSO,33083118,6.0,0,1,0,1060.1528054904268,0918011 ESCOLA MUNICIPAL PROFESSOR MANOEL MAURICIO,33083266,5.4
0918005 ESCOLA MUNICIPAL LYCIO DE SOUZA CARVALHO,33083061,6.1,0,1,0,1581.8043026274631,0918011 ESCOLA MUNICIPAL PROFESSOR MANOEL MAURICIO,33083266,5.4
0918065 ESCOLA MUNICIPAL FERNANDO COSTA,33082901,6.1,0,1,0,1777.050374475127,0918011 ESCOLA MUNICIPAL PROFESSOR MANOEL MAURICIO,33083266,5.4
0918004 ESCOLA MUNICIPAL ATENAS,33082634,6.1,0,1,1,2240.9232373817295,0918011 ESCOLA MUNICIPAL PROFESSOR MANOEL MAURICIO,33083266,5.4
0918507 CIEP PROFESSOR DARCY RIBEIRO,33081751,6.6,0,1,1,2473.2120184519927,0918011 ESCOLA MUNICIPAL PROFESSOR MANOEL MAURICIO,33083266,5.4
1019039 ESCOLA MUNICIPAL PROFESSORA LEILA MEHL MENEZES DE MATTOS,33084998,6.2,0,1,0,2627.2011885038487,0918011 ESCOLA MUNICIPAL PROFESSOR MANOEL MAURICIO,33083266,5.4
0918068 ESCOLA MUNICIPAL BENJAMIN FRANKLIN,33082685,6.6,0,1,0,3701.8950857484324,0918011 ESCOLA MUNICIPAL PROFESSOR MANOEL MAURICIO,33083266,5.4
0918037 ESCOLA MUNICIPAL SANTA ISABEL,33083428,6.1,0,1,0,3883.4783898741957,0918011 ESCOLA MUNICIPAL PROFESSOR MANOEL MAURICIO,33083266,5.4
1019004 ESCOLA MUNICIPAL PROFESSOR JOAO GUALBERTO JORGE DO AMARAL,33084980,6.1,0,1,0,4286.567069264589,0918011 ESCOLA MUNICIPAL PROFESSOR MANOEL MAURICIO,33083266,5.4
1019033 ESCOLA MUNICIPAL ESPANHA,33084653,6.2,0,1,1,4547.329557645337,0918011 ESCOLA MUNICIPAL PROFESSOR MANOEL MAURICIO,33083266,5.4
0918039 ESCOLA MUNICIPAL SAO CAMILO DE LELIS,33083410,6.0,0,1,0,4763.603462657189,0918011 ESCOLA MUNICIPAL PROFESSOR MANOEL MAURICIO,33083266,5.4
1019032 ESCOLA MUNICIPAL MIGUEL CALMON,33084866,6.1,0,1,0,5086.8430394225115,0918011 ESCOLA MUNICIPAL PROFESSOR MANOEL MAURICIO,33083266,5.4
0918072 ESCOLA MUNICIPAL GUANDU,33082723,6.1,0,1,0,5514.974188410646,0918011 ESCOLA MUNICIPAL PROFESSOR MANOEL MAURICIO,33083266,5.4
0918053 ESCOLA MUNICIPAL PROFESSOR MANUEL SAID ALI,33083274,6.1,0,1,0,5661.395657838319,0918011 ESCOLA MUNICIPAL PROFESSOR MANOEL MAURICIO,33083266,5.4
0918080 ESCOLA MUNICIPAL COMUNIDADE JARDIM PEDREGOSO,33082758,6.4,0,1,0,5719.032920121709,0918011 ESCOLA MUNICIPAL PROFESSOR MANOEL MAURICIO,33083266,5.4
