nome_escola,cod_inep,ideb,pessimo_pra_bom_bin,ruim_pra_bom_bin,melhora_com_final_bom_bin,distancia,escola_risco,cod_inep_risco,ideb_2017_risco
1019046 ESCOLA MUNICIPAL PROFESSORA ZULMIRA TELLES DA COSTA,33085056,6.0,1,0,1,1131.2594508803418,1019209 CIEP PAPA JOAO XXIII,33084130,5.1
1019010 ESCOLA MUNICIPAL JOSE DE MELLO,33084785,6.3,0,1,0,2547.7533571558292,1019209 CIEP PAPA JOAO XXIII,33084130,5.1
1019020 ESCOLA MUNICIPAL PROFESSORA MARIA SANTIAGO,33085013,6.9,0,1,1,4607.0563327105065,1019209 CIEP PAPA JOAO XXIII,33084130,5.1
1019043 ESCOLA MUNICIPAL PROFESSORA FLAVIA DOS SANTOS SOARES,33084971,6.7,0,1,0,5664.326200518818,1019209 CIEP PAPA JOAO XXIII,33084130,5.1
1019205 CIEP ROBERTO MORENA,33084149,6.1,1,0,1,6785.359537022034,1019209 CIEP PAPA JOAO XXIII,33084130,5.1
1019033 ESCOLA MUNICIPAL ESPANHA,33084653,6.2,0,1,1,7480.3364816024305,1019209 CIEP PAPA JOAO XXIII,33084130,5.1
1019032 ESCOLA MUNICIPAL MIGUEL CALMON,33084866,6.1,0,1,0,7911.873478786321,1019209 CIEP PAPA JOAO XXIII,33084130,5.1
1019003 ESCOLA MUNICIPAL PROFESSOR ARTHUR THIRE,33084564,6.1,0,1,0,8234.428150160478,1019209 CIEP PAPA JOAO XXIII,33084130,5.1
1019004 ESCOLA MUNICIPAL PROFESSOR JOAO GUALBERTO JORGE DO AMARAL,33084980,6.1,0,1,0,9059.404265829664,1019209 CIEP PAPA JOAO XXIII,33084130,5.1
1019039 ESCOLA MUNICIPAL PROFESSORA LEILA MEHL MENEZES DE MATTOS,33084998,6.2,0,1,0,9366.642190951112,1019209 CIEP PAPA JOAO XXIII,33084130,5.1
0918073 ESCOLA MUNICIPAL MINISTRO ADAUCTO LUCIO CARDOSO,33083118,6.0,0,1,0,10466.046558678314,1019209 CIEP PAPA JOAO XXIII,33084130,5.1
1026007 ESCOLA MUNICIPAL PROFESSORA LEOCADIA TORRES,33083320,6.2,1,0,1,11195.01640637326,1019209 CIEP PAPA JOAO XXIII,33084130,5.1
0918005 ESCOLA MUNICIPAL LYCIO DE SOUZA CARVALHO,33083061,6.1,0,1,0,12116.701808680235,1019209 CIEP PAPA JOAO XXIII,33084130,5.1
1026017 ESCOLA MUNICIPAL GIUSEPPE MELCHIORI - PADRE JOSE,33140081,6.0,0,1,0,12260.025907447642,1019209 CIEP PAPA JOAO XXIII,33084130,5.1
1026015 ESCOLA MUNICIPAL NESTOR VICTOR,33083150,6.0,0,1,0,12314.731883515069,1019209 CIEP PAPA JOAO XXIII,33084130,5.1
