nome_escola,cod_inep,ideb,pessimo_pra_bom_bin,ruim_pra_bom_bin,melhora_com_final_bom_bin,distancia,escola_risco,cod_inep_risco,ideb_2017_risco
1019043 ESCOLA MUNICIPAL PROFESSORA FLAVIA DOS SANTOS SOARES,33084971,6.7,0,1,0,351.4577525129663,1019210 CIEP ALBERTO PASQUALINI,33084041,5.4
1019205 CIEP ROBERTO MORENA,33084149,6.1,1,0,1,1655.3804150337178,1019210 CIEP ALBERTO PASQUALINI,33084041,5.4
1019033 ESCOLA MUNICIPAL ESPANHA,33084653,6.2,0,1,1,2165.337744053269,1019210 CIEP ALBERTO PASQUALINI,33084041,5.4
1019032 ESCOLA MUNICIPAL MIGUEL CALMON,33084866,6.1,0,1,0,2668.2582162300782,1019210 CIEP ALBERTO PASQUALINI,33084041,5.4
1019020 ESCOLA MUNICIPAL PROFESSORA MARIA SANTIAGO,33085013,6.9,0,1,1,2869.144276342902,1019210 CIEP ALBERTO PASQUALINI,33084041,5.4
1019004 ESCOLA MUNICIPAL PROFESSOR JOAO GUALBERTO JORGE DO AMARAL,33084980,6.1,0,1,0,3751.0133968363357,1019210 CIEP ALBERTO PASQUALINI,33084041,5.4
1019010 ESCOLA MUNICIPAL JOSE DE MELLO,33084785,6.3,0,1,0,3834.4900140475575,1019210 CIEP ALBERTO PASQUALINI,33084041,5.4
1019003 ESCOLA MUNICIPAL PROFESSOR ARTHUR THIRE,33084564,6.1,0,1,0,4469.988314722311,1019210 CIEP ALBERTO PASQUALINI,33084041,5.4
1019039 ESCOLA MUNICIPAL PROFESSORA LEILA MEHL MENEZES DE MATTOS,33084998,6.2,0,1,0,5772.983254344861,1019210 CIEP ALBERTO PASQUALINI,33084041,5.4
0918073 ESCOLA MUNICIPAL MINISTRO ADAUCTO LUCIO CARDOSO,33083118,6.0,0,1,0,6188.831529418913,1019210 CIEP ALBERTO PASQUALINI,33084041,5.4
1019046 ESCOLA MUNICIPAL PROFESSORA ZULMIRA TELLES DA COSTA,33085056,6.0,1,0,1,6365.040588681206,1019210 CIEP ALBERTO PASQUALINI,33084041,5.4
0918005 ESCOLA MUNICIPAL LYCIO DE SOUZA CARVALHO,33083061,6.1,0,1,0,7210.136554550117,1019210 CIEP ALBERTO PASQUALINI,33084041,5.4
1026017 ESCOLA MUNICIPAL GIUSEPPE MELCHIORI - PADRE JOSE,33140081,6.0,0,1,0,7278.107985922017,1019210 CIEP ALBERTO PASQUALINI,33084041,5.4
0918004 ESCOLA MUNICIPAL ATENAS,33082634,6.1,0,1,1,7431.796508828688,1019210 CIEP ALBERTO PASQUALINI,33084041,5.4
0918065 ESCOLA MUNICIPAL FERNANDO COSTA,33082901,6.1,0,1,0,7475.540432983819,1019210 CIEP ALBERTO PASQUALINI,33084041,5.4
