nome_escola,cod_inep,ideb,pessimo_pra_bom_bin,ruim_pra_bom_bin,melhora_com_final_bom_bin,distancia,escola_risco,cod_inep_risco,ideb_2017_risco
1019043 ESCOLA MUNICIPAL PROFESSORA FLAVIA DOS SANTOS SOARES,33084971,6.7,0,1,0,2358.3408016565627,1019072 ESCOLA MUNICIPAL MARIA DE JESUS OLIVEIRA,33083991,5.1
1019010 ESCOLA MUNICIPAL JOSE DE MELLO,33084785,6.3,0,1,0,2938.2167814605564,1019072 ESCOLA MUNICIPAL MARIA DE JESUS OLIVEIRA,33083991,5.1
1019020 ESCOLA MUNICIPAL PROFESSORA MARIA SANTIAGO,33085013,6.9,0,1,1,3283.405062218365,1019072 ESCOLA MUNICIPAL MARIA DE JESUS OLIVEIRA,33083991,5.1
1019205 CIEP ROBERTO MORENA,33084149,6.1,1,0,1,3660.8078681671636,1019072 ESCOLA MUNICIPAL MARIA DE JESUS OLIVEIRA,33083991,5.1
1019033 ESCOLA MUNICIPAL ESPANHA,33084653,6.2,0,1,1,4083.838290248745,1019072 ESCOLA MUNICIPAL MARIA DE JESUS OLIVEIRA,33083991,5.1
1019046 ESCOLA MUNICIPAL PROFESSORA ZULMIRA TELLES DA COSTA,33085056,6.0,1,0,1,4496.099421576587,1019072 ESCOLA MUNICIPAL MARIA DE JESUS OLIVEIRA,33083991,5.1
1019032 ESCOLA MUNICIPAL MIGUEL CALMON,33084866,6.1,0,1,0,4677.892675218861,1019072 ESCOLA MUNICIPAL MARIA DE JESUS OLIVEIRA,33083991,5.1
1019004 ESCOLA MUNICIPAL PROFESSOR JOAO GUALBERTO JORGE DO AMARAL,33084980,6.1,0,1,0,5705.0424054991645,1019072 ESCOLA MUNICIPAL MARIA DE JESUS OLIVEIRA,33083991,5.1
1019003 ESCOLA MUNICIPAL PROFESSOR ARTHUR THIRE,33084564,6.1,0,1,0,6098.135733590904,1019072 ESCOLA MUNICIPAL MARIA DE JESUS OLIVEIRA,33083991,5.1
1019039 ESCOLA MUNICIPAL PROFESSORA LEILA MEHL MENEZES DE MATTOS,33084998,6.2,0,1,0,6204.04072387202,1019072 ESCOLA MUNICIPAL MARIA DE JESUS OLIVEIRA,33083991,5.1
0918073 ESCOLA MUNICIPAL MINISTRO ADAUCTO LUCIO CARDOSO,33083118,6.0,0,1,0,7084.401725912794,1019072 ESCOLA MUNICIPAL MARIA DE JESUS OLIVEIRA,33083991,5.1
0918005 ESCOLA MUNICIPAL LYCIO DE SOUZA CARVALHO,33083061,6.1,0,1,0,8593.749109451086,1019072 ESCOLA MUNICIPAL MARIA DE JESUS OLIVEIRA,33083991,5.1
0918065 ESCOLA MUNICIPAL FERNANDO COSTA,33082901,6.1,0,1,0,8849.52671712026,1019072 ESCOLA MUNICIPAL MARIA DE JESUS OLIVEIRA,33083991,5.1
0918004 ESCOLA MUNICIPAL ATENAS,33082634,6.1,0,1,1,8938.64119945484,1019072 ESCOLA MUNICIPAL MARIA DE JESUS OLIVEIRA,33083991,5.1
1026017 ESCOLA MUNICIPAL GIUSEPPE MELCHIORI - PADRE JOSE,33140081,6.0,0,1,0,9289.828159963543,1019072 ESCOLA MUNICIPAL MARIA DE JESUS OLIVEIRA,33083991,5.1
