nome_escola,cod_inep,ideb,pessimo_pra_bom_bin,ruim_pra_bom_bin,melhora_com_final_bom_bin,distancia,escola_risco,cod_inep_risco,ideb_2017_risco
1019010 ESCOLA MUNICIPAL JOSE DE MELLO,33084785,6.3,0,1,0,1733.4766663473395,1019014 ESCOLA MUNICIPAL CORONEL BERTHIER,33084610,5.4
1019046 ESCOLA MUNICIPAL PROFESSORA ZULMIRA TELLES DA COSTA,33085056,6.0,1,0,1,2843.138984493943,1019014 ESCOLA MUNICIPAL CORONEL BERTHIER,33084610,5.4
1019020 ESCOLA MUNICIPAL PROFESSORA MARIA SANTIAGO,33085013,6.9,0,1,1,3703.8888329374886,1019014 ESCOLA MUNICIPAL CORONEL BERTHIER,33084610,5.4
1019043 ESCOLA MUNICIPAL PROFESSORA FLAVIA DOS SANTOS SOARES,33084971,6.7,0,1,0,5839.72686217573,1019014 ESCOLA MUNICIPAL CORONEL BERTHIER,33084610,5.4
1019205 CIEP ROBERTO MORENA,33084149,6.1,1,0,1,6651.179742434629,1019014 ESCOLA MUNICIPAL CORONEL BERTHIER,33084610,5.4
1019003 ESCOLA MUNICIPAL PROFESSOR ARTHUR THIRE,33084564,6.1,0,1,0,7234.295290498914,1019014 ESCOLA MUNICIPAL CORONEL BERTHIER,33084610,5.4
1019033 ESCOLA MUNICIPAL ESPANHA,33084653,6.2,0,1,1,7605.330797860145,1019014 ESCOLA MUNICIPAL CORONEL BERTHIER,33084610,5.4
1019032 ESCOLA MUNICIPAL MIGUEL CALMON,33084866,6.1,0,1,0,7797.020719779377,1019014 ESCOLA MUNICIPAL CORONEL BERTHIER,33084610,5.4
1019004 ESCOLA MUNICIPAL PROFESSOR JOAO GUALBERTO JORGE DO AMARAL,33084980,6.1,0,1,0,9035.508462824868,1019014 ESCOLA MUNICIPAL CORONEL BERTHIER,33084610,5.4
1026007 ESCOLA MUNICIPAL PROFESSORA LEOCADIA TORRES,33083320,6.2,1,0,1,9785.099454244752,1019014 ESCOLA MUNICIPAL CORONEL BERTHIER,33084610,5.4
1019039 ESCOLA MUNICIPAL PROFESSORA LEILA MEHL MENEZES DE MATTOS,33084998,6.2,0,1,0,10539.374008655279,1019014 ESCOLA MUNICIPAL CORONEL BERTHIER,33084610,5.4
1026015 ESCOLA MUNICIPAL NESTOR VICTOR,33083150,6.0,0,1,0,10595.847623667534,1019014 ESCOLA MUNICIPAL CORONEL BERTHIER,33084610,5.4
0918073 ESCOLA MUNICIPAL MINISTRO ADAUCTO LUCIO CARDOSO,33083118,6.0,0,1,0,11402.119504967786,1019014 ESCOLA MUNICIPAL CORONEL BERTHIER,33084610,5.4
1026017 ESCOLA MUNICIPAL GIUSEPPE MELCHIORI - PADRE JOSE,33140081,6.0,0,1,0,11676.513761453965,1019014 ESCOLA MUNICIPAL CORONEL BERTHIER,33084610,5.4
0918005 ESCOLA MUNICIPAL LYCIO DE SOUZA CARVALHO,33083061,6.1,0,1,0,12718.086308462474,1019014 ESCOLA MUNICIPAL CORONEL BERTHIER,33084610,5.4
