nome_escola,cod_inep,ideb,pessimo_pra_bom_bin,ruim_pra_bom_bin,melhora_com_final_bom_bin,distancia,escola_risco,cod_inep_risco,ideb_2017_risco
1019010 ESCOLA MUNICIPAL JOSE DE MELLO,33084785,6.3,0,1,0,2028.929514467759,1019011 ESCOLA MUNICIPAL RONALD DE CARVALHO,33085099,5.3
1019020 ESCOLA MUNICIPAL PROFESSORA MARIA SANTIAGO,33085013,6.9,0,1,1,3136.1568492563556,1019011 ESCOLA MUNICIPAL RONALD DE CARVALHO,33085099,5.3
1019046 ESCOLA MUNICIPAL PROFESSORA ZULMIRA TELLES DA COSTA,33085056,6.0,1,0,1,4407.193268431664,1019011 ESCOLA MUNICIPAL RONALD DE CARVALHO,33085099,5.3
1019043 ESCOLA MUNICIPAL PROFESSORA FLAVIA DOS SANTOS SOARES,33084971,6.7,0,1,0,5868.90157963315,1019011 ESCOLA MUNICIPAL RONALD DE CARVALHO,33085099,5.3
1019003 ESCOLA MUNICIPAL PROFESSOR ARTHUR THIRE,33084564,6.1,0,1,0,6272.567580542703,1019011 ESCOLA MUNICIPAL RONALD DE CARVALHO,33085099,5.3
1019205 CIEP ROBERTO MORENA,33084149,6.1,1,0,1,6387.610846225197,1019011 ESCOLA MUNICIPAL RONALD DE CARVALHO,33085099,5.3
1019033 ESCOLA MUNICIPAL ESPANHA,33084653,6.2,0,1,1,7481.4807168351535,1019011 ESCOLA MUNICIPAL RONALD DE CARVALHO,33085099,5.3
1019032 ESCOLA MUNICIPAL MIGUEL CALMON,33084866,6.1,0,1,0,7484.467279318739,1019011 ESCOLA MUNICIPAL RONALD DE CARVALHO,33085099,5.3
1026007 ESCOLA MUNICIPAL PROFESSORA LEOCADIA TORRES,33083320,6.2,1,0,1,8477.149202987224,1019011 ESCOLA MUNICIPAL RONALD DE CARVALHO,33085099,5.3
1019004 ESCOLA MUNICIPAL PROFESSOR JOAO GUALBERTO JORGE DO AMARAL,33084980,6.1,0,1,0,8740.484899969699,1019011 ESCOLA MUNICIPAL RONALD DE CARVALHO,33085099,5.3
1026015 ESCOLA MUNICIPAL NESTOR VICTOR,33083150,6.0,0,1,0,9109.26462177978,1019011 ESCOLA MUNICIPAL RONALD DE CARVALHO,33085099,5.3
1026017 ESCOLA MUNICIPAL GIUSEPPE MELCHIORI - PADRE JOSE,33140081,6.0,0,1,0,10904.298753305851,1019011 ESCOLA MUNICIPAL RONALD DE CARVALHO,33085099,5.3
1019039 ESCOLA MUNICIPAL PROFESSORA LEILA MEHL MENEZES DE MATTOS,33084998,6.2,0,1,0,11094.260978072149,1019011 ESCOLA MUNICIPAL RONALD DE CARVALHO,33085099,5.3
0918073 ESCOLA MUNICIPAL MINISTRO ADAUCTO LUCIO CARDOSO,33083118,6.0,0,1,0,11758.310725406494,1019011 ESCOLA MUNICIPAL RONALD DE CARVALHO,33085099,5.3
0918005 ESCOLA MUNICIPAL LYCIO DE SOUZA CARVALHO,33083061,6.1,0,1,0,12796.024128078872,1019011 ESCOLA MUNICIPAL RONALD DE CARVALHO,33085099,5.3
