nome_escola,cod_inep,ideb,pessimo_pra_bom_bin,ruim_pra_bom_bin,melhora_com_final_bom_bin,distancia,escola_risco,cod_inep_risco,ideb_2017_risco
1019043 ESCOLA MUNICIPAL PROFESSORA FLAVIA DOS SANTOS SOARES,33084971,6.7,0,1,0,906.7981939425389,1019502 CIEP MAESTRO HEITOR VILLA LOBOS,33084106,5.2
1019205 CIEP ROBERTO MORENA,33084149,6.1,1,0,1,917.3116001060694,1019502 CIEP MAESTRO HEITOR VILLA LOBOS,33084106,5.2
1019033 ESCOLA MUNICIPAL ESPANHA,33084653,6.2,0,1,1,1956.8308034795361,1019502 CIEP MAESTRO HEITOR VILLA LOBOS,33084106,5.2
1019032 ESCOLA MUNICIPAL MIGUEL CALMON,33084866,6.1,0,1,0,2067.5533081234594,1019502 CIEP MAESTRO HEITOR VILLA LOBOS,33084106,5.2
1019020 ESCOLA MUNICIPAL PROFESSORA MARIA SANTIAGO,33085013,6.9,0,1,1,2474.452186872806,1019502 CIEP MAESTRO HEITOR VILLA LOBOS,33084106,5.2
1019004 ESCOLA MUNICIPAL PROFESSOR JOAO GUALBERTO JORGE DO AMARAL,33084980,6.1,0,1,0,3296.8848627790944,1019502 CIEP MAESTRO HEITOR VILLA LOBOS,33084106,5.2
1019003 ESCOLA MUNICIPAL PROFESSOR ARTHUR THIRE,33084564,6.1,0,1,0,3404.089482186221,1019502 CIEP MAESTRO HEITOR VILLA LOBOS,33084106,5.2
1019010 ESCOLA MUNICIPAL JOSE DE MELLO,33084785,6.3,0,1,0,4005.9140430493267,1019502 CIEP MAESTRO HEITOR VILLA LOBOS,33084106,5.2
1026017 ESCOLA MUNICIPAL GIUSEPPE MELCHIORI - PADRE JOSE,33140081,6.0,0,1,0,6435.029529223598,1019502 CIEP MAESTRO HEITOR VILLA LOBOS,33084106,5.2
1019039 ESCOLA MUNICIPAL PROFESSORA LEILA MEHL MENEZES DE MATTOS,33084998,6.2,0,1,0,6470.58900764149,1019502 CIEP MAESTRO HEITOR VILLA LOBOS,33084106,5.2
0918073 ESCOLA MUNICIPAL MINISTRO ADAUCTO LUCIO CARDOSO,33083118,6.0,0,1,0,6651.64647564431,1019502 CIEP MAESTRO HEITOR VILLA LOBOS,33084106,5.2
1026007 ESCOLA MUNICIPAL PROFESSORA LEOCADIA TORRES,33083320,6.2,1,0,1,6899.176434289888,1019502 CIEP MAESTRO HEITOR VILLA LOBOS,33084106,5.2
1019046 ESCOLA MUNICIPAL PROFESSORA ZULMIRA TELLES DA COSTA,33085056,6.0,1,0,1,6992.201719017861,1019502 CIEP MAESTRO HEITOR VILLA LOBOS,33084106,5.2
0918005 ESCOLA MUNICIPAL LYCIO DE SOUZA CARVALHO,33083061,6.1,0,1,0,7321.856707798517,1019502 CIEP MAESTRO HEITOR VILLA LOBOS,33084106,5.2
0918004 ESCOLA MUNICIPAL ATENAS,33082634,6.1,0,1,1,7436.173225085579,1019502 CIEP MAESTRO HEITOR VILLA LOBOS,33084106,5.2
