nome_escola,cod_inep,ideb,pessimo_pra_bom_bin,ruim_pra_bom_bin,melhora_com_final_bom_bin,distancia,escola_risco,cod_inep_risco,ideb_2017_risco
1019046 ESCOLA MUNICIPAL PROFESSORA ZULMIRA TELLES DA COSTA,33085056,6.0,1,0,1,671.9324786727045,1019048 ESCOLA MUNICIPAL JAPAO,33084750,5.3
1019010 ESCOLA MUNICIPAL JOSE DE MELLO,33084785,6.3,0,1,0,4061.618635410215,1019048 ESCOLA MUNICIPAL JAPAO,33084750,5.3
1019020 ESCOLA MUNICIPAL PROFESSORA MARIA SANTIAGO,33085013,6.9,0,1,1,6186.7665951243025,1019048 ESCOLA MUNICIPAL JAPAO,33084750,5.3
1019043 ESCOLA MUNICIPAL PROFESSORA FLAVIA DOS SANTOS SOARES,33084971,6.7,0,1,0,7339.58078247591,1019048 ESCOLA MUNICIPAL JAPAO,33084750,5.3
1019205 CIEP ROBERTO MORENA,33084149,6.1,1,0,1,8473.094122092954,1019048 ESCOLA MUNICIPAL JAPAO,33084750,5.3
1019033 ESCOLA MUNICIPAL ESPANHA,33084653,6.2,0,1,1,9150.56610461499,1019048 ESCOLA MUNICIPAL JAPAO,33084750,5.3
1019032 ESCOLA MUNICIPAL MIGUEL CALMON,33084866,6.1,0,1,0,9597.91881322129,1019048 ESCOLA MUNICIPAL JAPAO,33084750,5.3
1019003 ESCOLA MUNICIPAL PROFESSOR ARTHUR THIRE,33084564,6.1,0,1,0,9828.15002882875,1019048 ESCOLA MUNICIPAL JAPAO,33084750,5.3
1019039 ESCOLA MUNICIPAL PROFESSORA LEILA MEHL MENEZES DE MATTOS,33084998,6.2,0,1,0,10673.249856889754,1019048 ESCOLA MUNICIPAL JAPAO,33084750,5.3
1019004 ESCOLA MUNICIPAL PROFESSOR JOAO GUALBERTO JORGE DO AMARAL,33084980,6.1,0,1,0,10738.181888807761,1019048 ESCOLA MUNICIPAL JAPAO,33084750,5.3
0918073 ESCOLA MUNICIPAL MINISTRO ADAUCTO LUCIO CARDOSO,33083118,6.0,0,1,0,11885.969934736933,1019048 ESCOLA MUNICIPAL JAPAO,33084750,5.3
1026007 ESCOLA MUNICIPAL PROFESSORA LEOCADIA TORRES,33083320,6.2,1,0,1,12655.43257077888,1019048 ESCOLA MUNICIPAL JAPAO,33084750,5.3
1026015 ESCOLA MUNICIPAL NESTOR VICTOR,33083150,6.0,0,1,0,13586.644674042269,1019048 ESCOLA MUNICIPAL JAPAO,33084750,5.3
0918005 ESCOLA MUNICIPAL LYCIO DE SOUZA CARVALHO,33083061,6.1,0,1,0,13657.159014744058,1019048 ESCOLA MUNICIPAL JAPAO,33084750,5.3
0918065 ESCOLA MUNICIPAL FERNANDO COSTA,33082901,6.1,0,1,0,13905.317042442006,1019048 ESCOLA MUNICIPAL JAPAO,33084750,5.3
