nome_escola,cod_inep,ideb,pessimo_pra_bom_bin,ruim_pra_bom_bin,melhora_com_final_bom_bin,distancia,escola_risco,cod_inep_risco,ideb_2017_risco
1019046 ESCOLA MUNICIPAL PROFESSORA ZULMIRA TELLES DA COSTA,33085056,6.0,1,0,1,1181.4952736429977,1019030 ESCOLA MUNICIPAL PROFESSORA MARIA HELENA ALVES PORTILHO,33085005,5.3
1019010 ESCOLA MUNICIPAL JOSE DE MELLO,33084785,6.3,0,1,0,4676.185484198423,1019030 ESCOLA MUNICIPAL PROFESSORA MARIA HELENA ALVES PORTILHO,33085005,5.3
1019020 ESCOLA MUNICIPAL PROFESSORA MARIA SANTIAGO,33085013,6.9,0,1,1,6801.0323414500435,1019030 ESCOLA MUNICIPAL PROFESSORA MARIA HELENA ALVES PORTILHO,33085005,5.3
1019043 ESCOLA MUNICIPAL PROFESSORA FLAVIA DOS SANTOS SOARES,33084971,6.7,0,1,0,7897.10718484267,1019030 ESCOLA MUNICIPAL PROFESSORA MARIA HELENA ALVES PORTILHO,33085005,5.3
1019205 CIEP ROBERTO MORENA,33084149,6.1,1,0,1,9050.641689906879,1019030 ESCOLA MUNICIPAL PROFESSORA MARIA HELENA ALVES PORTILHO,33085005,5.3
1019033 ESCOLA MUNICIPAL ESPANHA,33084653,6.2,0,1,1,9701.226909949404,1019030 ESCOLA MUNICIPAL PROFESSORA MARIA HELENA ALVES PORTILHO,33085005,5.3
1019032 ESCOLA MUNICIPAL MIGUEL CALMON,33084866,6.1,0,1,0,10169.520657959478,1019030 ESCOLA MUNICIPAL PROFESSORA MARIA HELENA ALVES PORTILHO,33085005,5.3
1019003 ESCOLA MUNICIPAL PROFESSOR ARTHUR THIRE,33084564,6.1,0,1,0,10442.357293491712,1019030 ESCOLA MUNICIPAL PROFESSORA MARIA HELENA ALVES PORTILHO,33085005,5.3
1019039 ESCOLA MUNICIPAL PROFESSORA LEILA MEHL MENEZES DE MATTOS,33084998,6.2,0,1,0,11028.72772245332,1019030 ESCOLA MUNICIPAL PROFESSORA MARIA HELENA ALVES PORTILHO,33085005,5.3
1019004 ESCOLA MUNICIPAL PROFESSOR JOAO GUALBERTO JORGE DO AMARAL,33084980,6.1,0,1,0,11297.323084447924,1019030 ESCOLA MUNICIPAL PROFESSORA MARIA HELENA ALVES PORTILHO,33085005,5.3
0918073 ESCOLA MUNICIPAL MINISTRO ADAUCTO LUCIO CARDOSO,33083118,6.0,0,1,0,12288.894894536017,1019030 ESCOLA MUNICIPAL PROFESSORA MARIA HELENA ALVES PORTILHO,33085005,5.3
1026007 ESCOLA MUNICIPAL PROFESSORA LEOCADIA TORRES,33083320,6.2,1,0,1,13263.677869192716,1019030 ESCOLA MUNICIPAL PROFESSORA MARIA HELENA ALVES PORTILHO,33085005,5.3
0918005 ESCOLA MUNICIPAL LYCIO DE SOUZA CARVALHO,33083061,6.1,0,1,0,14117.621072775632,1019030 ESCOLA MUNICIPAL PROFESSORA MARIA HELENA ALVES PORTILHO,33085005,5.3
1026015 ESCOLA MUNICIPAL NESTOR VICTOR,33083150,6.0,0,1,0,14169.074366431274,1019030 ESCOLA MUNICIPAL PROFESSORA MARIA HELENA ALVES PORTILHO,33085005,5.3
0918065 ESCOLA MUNICIPAL FERNANDO COSTA,33082901,6.1,0,1,0,14362.80799759845,1019030 ESCOLA MUNICIPAL PROFESSORA MARIA HELENA ALVES PORTILHO,33085005,5.3
