nome_escola,cod_inep,ideb,pessimo_pra_bom_bin,ruim_pra_bom_bin,melhora_com_final_bom_bin,distancia,escola_risco,cod_inep_risco,ideb_2017_risco
1019020 ESCOLA MUNICIPAL PROFESSORA MARIA SANTIAGO,33085013,6.9,0,1,1,896.7366345615444,1019002 ESCOLA MUNICIPAL GENERAL GOMES CARNEIRO,33084718,5.3
1019205 CIEP ROBERTO MORENA,33084149,6.1,1,0,1,2702.4510856068127,1019002 ESCOLA MUNICIPAL GENERAL GOMES CARNEIRO,33084718,5.3
1019003 ESCOLA MUNICIPAL PROFESSOR ARTHUR THIRE,33084564,6.1,0,1,0,2770.486428749176,1019002 ESCOLA MUNICIPAL GENERAL GOMES CARNEIRO,33084718,5.3
1019043 ESCOLA MUNICIPAL PROFESSORA FLAVIA DOS SANTOS SOARES,33084971,6.7,0,1,0,2802.1670242436326,1019002 ESCOLA MUNICIPAL GENERAL GOMES CARNEIRO,33084718,5.3
1019010 ESCOLA MUNICIPAL JOSE DE MELLO,33084785,6.3,0,1,0,3029.8240224543047,1019002 ESCOLA MUNICIPAL GENERAL GOMES CARNEIRO,33084718,5.3
1019032 ESCOLA MUNICIPAL MIGUEL CALMON,33084866,6.1,0,1,0,3681.5667103808855,1019002 ESCOLA MUNICIPAL GENERAL GOMES CARNEIRO,33084718,5.3
1019033 ESCOLA MUNICIPAL ESPANHA,33084653,6.2,0,1,1,3900.8855065876073,1019002 ESCOLA MUNICIPAL GENERAL GOMES CARNEIRO,33084718,5.3
1019004 ESCOLA MUNICIPAL PROFESSOR JOAO GUALBERTO JORGE DO AMARAL,33084980,6.1,0,1,0,4918.714732390148,1019002 ESCOLA MUNICIPAL GENERAL GOMES CARNEIRO,33084718,5.3
1026007 ESCOLA MUNICIPAL PROFESSORA LEOCADIA TORRES,33083320,6.2,1,0,1,5929.125231799573,1019002 ESCOLA MUNICIPAL GENERAL GOMES CARNEIRO,33084718,5.3
1019046 ESCOLA MUNICIPAL PROFESSORA ZULMIRA TELLES DA COSTA,33085056,6.0,1,0,1,6591.0320948184635,1019002 ESCOLA MUNICIPAL GENERAL GOMES CARNEIRO,33084718,5.3
1026017 ESCOLA MUNICIPAL GIUSEPPE MELCHIORI - PADRE JOSE,33140081,6.0,0,1,0,7086.145569400314,1019002 ESCOLA MUNICIPAL GENERAL GOMES CARNEIRO,33084718,5.3
1026015 ESCOLA MUNICIPAL NESTOR VICTOR,33083150,6.0,0,1,0,7566.063553213895,1019002 ESCOLA MUNICIPAL GENERAL GOMES CARNEIRO,33084718,5.3
1019039 ESCOLA MUNICIPAL PROFESSORA LEILA MEHL MENEZES DE MATTOS,33084998,6.2,0,1,0,8480.234543226263,1019002 ESCOLA MUNICIPAL GENERAL GOMES CARNEIRO,33084718,5.3
0918073 ESCOLA MUNICIPAL MINISTRO ADAUCTO LUCIO CARDOSO,33083118,6.0,0,1,0,8705.388843177234,1019002 ESCOLA MUNICIPAL GENERAL GOMES CARNEIRO,33084718,5.3
0918005 ESCOLA MUNICIPAL LYCIO DE SOUZA CARVALHO,33083061,6.1,0,1,0,9272.769458450015,1019002 ESCOLA MUNICIPAL GENERAL GOMES CARNEIRO,33084718,5.3
