nome_escola,cod_inep,ideb,pessimo_pra_bom_bin,ruim_pra_bom_bin,melhora_com_final_bom_bin,distancia,escola_risco,cod_inep_risco,ideb_2017_risco
1019205 CIEP ROBERTO MORENA,33084149,6.1,1,0,1,554.8129557394609,1019006 ESCOLA MUNICIPAL VIVALDO RAMOS DE VASCONCELOS,33085137,5.3
1019032 ESCOLA MUNICIPAL MIGUEL CALMON,33084866,6.1,0,1,0,624.2542290678588,1019006 ESCOLA MUNICIPAL VIVALDO RAMOS DE VASCONCELOS,33085137,5.3
1019033 ESCOLA MUNICIPAL ESPANHA,33084653,6.2,0,1,1,801.0998443174834,1019006 ESCOLA MUNICIPAL VIVALDO RAMOS DE VASCONCELOS,33085137,5.3
1019043 ESCOLA MUNICIPAL PROFESSORA FLAVIA DOS SANTOS SOARES,33084971,6.7,0,1,0,1712.2754795007259,1019006 ESCOLA MUNICIPAL VIVALDO RAMOS DE VASCONCELOS,33085137,5.3
1019004 ESCOLA MUNICIPAL PROFESSOR JOAO GUALBERTO JORGE DO AMARAL,33084980,6.1,0,1,0,1834.5650092461885,1019006 ESCOLA MUNICIPAL VIVALDO RAMOS DE VASCONCELOS,33085137,5.3
1019003 ESCOLA MUNICIPAL PROFESSOR ARTHUR THIRE,33084564,6.1,0,1,0,3393.862812315396,1019006 ESCOLA MUNICIPAL VIVALDO RAMOS DE VASCONCELOS,33085137,5.3
1019020 ESCOLA MUNICIPAL PROFESSORA MARIA SANTIAGO,33085013,6.9,0,1,1,3826.781274739527,1019006 ESCOLA MUNICIPAL VIVALDO RAMOS DE VASCONCELOS,33085137,5.3
1026017 ESCOLA MUNICIPAL GIUSEPPE MELCHIORI - PADRE JOSE,33140081,6.0,0,1,0,5246.389785444134,1019006 ESCOLA MUNICIPAL VIVALDO RAMOS DE VASCONCELOS,33085137,5.3
1019010 ESCOLA MUNICIPAL JOSE DE MELLO,33084785,6.3,0,1,0,5468.30117786357,1019006 ESCOLA MUNICIPAL VIVALDO RAMOS DE VASCONCELOS,33085137,5.3
0918073 ESCOLA MUNICIPAL MINISTRO ADAUCTO LUCIO CARDOSO,33083118,6.0,0,1,0,5765.103123935871,1019006 ESCOLA MUNICIPAL VIVALDO RAMOS DE VASCONCELOS,33085137,5.3
1019039 ESCOLA MUNICIPAL PROFESSORA LEILA MEHL MENEZES DE MATTOS,33084998,6.2,0,1,0,5927.327490260364,1019006 ESCOLA MUNICIPAL VIVALDO RAMOS DE VASCONCELOS,33085137,5.3
0918005 ESCOLA MUNICIPAL LYCIO DE SOUZA CARVALHO,33083061,6.1,0,1,0,6066.344576428422,1019006 ESCOLA MUNICIPAL VIVALDO RAMOS DE VASCONCELOS,33085137,5.3
0918004 ESCOLA MUNICIPAL ATENAS,33082634,6.1,0,1,1,6104.315829247404,1019006 ESCOLA MUNICIPAL VIVALDO RAMOS DE VASCONCELOS,33085137,5.3
0918037 ESCOLA MUNICIPAL SANTA ISABEL,33083428,6.1,0,1,0,6194.548409745112,1019006 ESCOLA MUNICIPAL VIVALDO RAMOS DE VASCONCELOS,33085137,5.3
0918065 ESCOLA MUNICIPAL FERNANDO COSTA,33082901,6.1,0,1,0,6330.296025789378,1019006 ESCOLA MUNICIPAL VIVALDO RAMOS DE VASCONCELOS,33085137,5.3
