nome_escola,cod_inep,ideb,pessimo_pra_bom_bin,ruim_pra_bom_bin,melhora_com_final_bom_bin,distancia,escola_risco,cod_inep_risco,ideb_2017_risco
1019010 ESCOLA MUNICIPAL JOSE DE MELLO,33084785,6.3,0,1,0,750.1758276046799,1019044 ESCOLA MUNICIPAL SOCRATES GALVEAS,33085110,5.3
1019020 ESCOLA MUNICIPAL PROFESSORA MARIA SANTIAGO,33085013,6.9,0,1,1,2854.8515893583453,1019044 ESCOLA MUNICIPAL SOCRATES GALVEAS,33085110,5.3
1019046 ESCOLA MUNICIPAL PROFESSORA ZULMIRA TELLES DA COSTA,33085056,6.0,1,0,1,2892.7354560798503,1019044 ESCOLA MUNICIPAL SOCRATES GALVEAS,33085110,5.3
1019043 ESCOLA MUNICIPAL PROFESSORA FLAVIA DOS SANTOS SOARES,33084971,6.7,0,1,0,4498.936384038024,1019044 ESCOLA MUNICIPAL SOCRATES GALVEAS,33085110,5.3
1019205 CIEP ROBERTO MORENA,33084149,6.1,1,0,1,5422.580440838673,1019044 ESCOLA MUNICIPAL SOCRATES GALVEAS,33085110,5.3
1019033 ESCOLA MUNICIPAL ESPANHA,33084653,6.2,0,1,1,6297.19829710711,1019044 ESCOLA MUNICIPAL SOCRATES GALVEAS,33085110,5.3
1019003 ESCOLA MUNICIPAL PROFESSOR ARTHUR THIRE,33084564,6.1,0,1,0,6496.242592418122,1019044 ESCOLA MUNICIPAL SOCRATES GALVEAS,33085110,5.3
1019032 ESCOLA MUNICIPAL MIGUEL CALMON,33084866,6.1,0,1,0,6572.493643119539,1019044 ESCOLA MUNICIPAL SOCRATES GALVEAS,33085110,5.3
1019004 ESCOLA MUNICIPAL PROFESSOR JOAO GUALBERTO JORGE DO AMARAL,33084980,6.1,0,1,0,7786.427078120145,1019044 ESCOLA MUNICIPAL SOCRATES GALVEAS,33085110,5.3
1019039 ESCOLA MUNICIPAL PROFESSORA LEILA MEHL MENEZES DE MATTOS,33084998,6.2,0,1,0,9120.816227137522,1019044 ESCOLA MUNICIPAL SOCRATES GALVEAS,33085110,5.3
1026007 ESCOLA MUNICIPAL PROFESSORA LEOCADIA TORRES,33083320,6.2,1,0,1,9398.50927245206,1019044 ESCOLA MUNICIPAL SOCRATES GALVEAS,33085110,5.3
0918073 ESCOLA MUNICIPAL MINISTRO ADAUCTO LUCIO CARDOSO,33083118,6.0,0,1,0,9975.235665030144,1019044 ESCOLA MUNICIPAL SOCRATES GALVEAS,33085110,5.3
1026015 ESCOLA MUNICIPAL NESTOR VICTOR,33083150,6.0,0,1,0,10545.298094836058,1019044 ESCOLA MUNICIPAL SOCRATES GALVEAS,33085110,5.3
1026017 ESCOLA MUNICIPAL GIUSEPPE MELCHIORI - PADRE JOSE,33140081,6.0,0,1,0,10693.205562583755,1019044 ESCOLA MUNICIPAL SOCRATES GALVEAS,33085110,5.3
0918005 ESCOLA MUNICIPAL LYCIO DE SOUZA CARVALHO,33083061,6.1,0,1,0,11323.140462175546,1019044 ESCOLA MUNICIPAL SOCRATES GALVEAS,33085110,5.3
