nome_escola,cod_inep,ideb,pessimo_pra_bom_bin,ruim_pra_bom_bin,melhora_com_final_bom_bin,distancia,escola_risco,cod_inep_risco,ideb_2017_risco
1019032 ESCOLA MUNICIPAL MIGUEL CALMON,33084866,6.1,0,1,0,668.7106655262454,1019056 ESCOLA MUNICIPAL PROFESSORA SONIA MOTA MOLISANI,33085030,5.1
1019205 CIEP ROBERTO MORENA,33084149,6.1,1,0,1,1324.2760009788758,1019056 ESCOLA MUNICIPAL PROFESSORA SONIA MOTA MOLISANI,33085030,5.1
1019033 ESCOLA MUNICIPAL ESPANHA,33084653,6.2,0,1,1,1573.7465586269518,1019056 ESCOLA MUNICIPAL PROFESSORA SONIA MOTA MOLISANI,33085030,5.1
1019004 ESCOLA MUNICIPAL PROFESSOR JOAO GUALBERTO JORGE DO AMARAL,33084980,6.1,0,1,0,1574.1475224993776,1019056 ESCOLA MUNICIPAL PROFESSORA SONIA MOTA MOLISANI,33085030,5.1
1019043 ESCOLA MUNICIPAL PROFESSORA FLAVIA DOS SANTOS SOARES,33084971,6.7,0,1,0,2648.3428037499352,1019056 ESCOLA MUNICIPAL PROFESSORA SONIA MOTA MOLISANI,33085030,5.1
1019003 ESCOLA MUNICIPAL PROFESSOR ARTHUR THIRE,33084564,6.1,0,1,0,2764.5259082336124,1019056 ESCOLA MUNICIPAL PROFESSORA SONIA MOTA MOLISANI,33085030,5.1
1019020 ESCOLA MUNICIPAL PROFESSORA MARIA SANTIAGO,33085013,6.9,0,1,1,4187.981638317191,1019056 ESCOLA MUNICIPAL PROFESSORA SONIA MOTA MOLISANI,33085030,5.1
1026017 ESCOLA MUNICIPAL GIUSEPPE MELCHIORI - PADRE JOSE,33140081,6.0,0,1,0,4305.139958115434,1019056 ESCOLA MUNICIPAL PROFESSORA SONIA MOTA MOLISANI,33085030,5.1
0918037 ESCOLA MUNICIPAL SANTA ISABEL,33083428,6.1,0,1,0,5889.053253348479,1019056 ESCOLA MUNICIPAL PROFESSORA SONIA MOTA MOLISANI,33085030,5.1
1026007 ESCOLA MUNICIPAL PROFESSORA LEOCADIA TORRES,33083320,6.2,1,0,1,5914.190885465057,1019056 ESCOLA MUNICIPAL PROFESSORA SONIA MOTA MOLISANI,33085030,5.1
1019010 ESCOLA MUNICIPAL JOSE DE MELLO,33084785,6.3,0,1,0,6052.085769142161,1019056 ESCOLA MUNICIPAL PROFESSORA SONIA MOTA MOLISANI,33085030,5.1
0918004 ESCOLA MUNICIPAL ATENAS,33082634,6.1,0,1,1,6099.533822372638,1019056 ESCOLA MUNICIPAL PROFESSORA SONIA MOTA MOLISANI,33085030,5.1
0918039 ESCOLA MUNICIPAL SAO CAMILO DE LELIS,33083410,6.0,0,1,0,6167.994108850251,1019056 ESCOLA MUNICIPAL PROFESSORA SONIA MOTA MOLISANI,33085030,5.1
0918005 ESCOLA MUNICIPAL LYCIO DE SOUZA CARVALHO,33083061,6.1,0,1,0,6185.378627912523,1019056 ESCOLA MUNICIPAL PROFESSORA SONIA MOTA MOLISANI,33085030,5.1
0918073 ESCOLA MUNICIPAL MINISTRO ADAUCTO LUCIO CARDOSO,33083118,6.0,0,1,0,6271.360758511834,1019056 ESCOLA MUNICIPAL PROFESSORA SONIA MOTA MOLISANI,33085030,5.1
