nome_escola,cod_inep,ideb,pessimo_pra_bom_bin,ruim_pra_bom_bin,melhora_com_final_bom_bin,distancia,escola_risco,cod_inep_risco,ideb_2017_risco
1019010 ESCOLA MUNICIPAL JOSE DE MELLO,33084785,6.3,0,1,0,738.5786269695136,1019206 CIEP BARAO DE ITARARE,33084068,5.1
1019020 ESCOLA MUNICIPAL PROFESSORA MARIA SANTIAGO,33085013,6.9,0,1,1,2463.602880292975,1019206 CIEP BARAO DE ITARARE,33084068,5.1
1019046 ESCOLA MUNICIPAL PROFESSORA ZULMIRA TELLES DA COSTA,33085056,6.0,1,0,1,3689.6666140988877,1019206 CIEP BARAO DE ITARARE,33084068,5.1
1019043 ESCOLA MUNICIPAL PROFESSORA FLAVIA DOS SANTOS SOARES,33084971,6.7,0,1,0,4795.001145031319,1019206 CIEP BARAO DE ITARARE,33084068,5.1
1019205 CIEP ROBERTO MORENA,33084149,6.1,1,0,1,5495.6272608527925,1019206 CIEP BARAO DE ITARARE,33084068,5.1
1019003 ESCOLA MUNICIPAL PROFESSOR ARTHUR THIRE,33084564,6.1,0,1,0,6003.149820445888,1019206 CIEP BARAO DE ITARARE,33084068,5.1
1019033 ESCOLA MUNICIPAL ESPANHA,33084653,6.2,0,1,1,6505.635489434265,1019206 CIEP BARAO DE ITARARE,33084068,5.1
1019032 ESCOLA MUNICIPAL MIGUEL CALMON,33084866,6.1,0,1,0,6632.090945837054,1019206 CIEP BARAO DE ITARARE,33084068,5.1
1019004 ESCOLA MUNICIPAL PROFESSOR JOAO GUALBERTO JORGE DO AMARAL,33084980,6.1,0,1,0,7880.5762054805755,1019206 CIEP BARAO DE ITARARE,33084068,5.1
1026007 ESCOLA MUNICIPAL PROFESSORA LEOCADIA TORRES,33083320,6.2,1,0,1,8658.819849318714,1019206 CIEP BARAO DE ITARARE,33084068,5.1
1026015 ESCOLA MUNICIPAL NESTOR VICTOR,33083150,6.0,0,1,0,9636.697728421479,1019206 CIEP BARAO DE ITARARE,33084068,5.1
1019039 ESCOLA MUNICIPAL PROFESSORA LEILA MEHL MENEZES DE MATTOS,33084998,6.2,0,1,0,9837.594624434283,1019206 CIEP BARAO DE ITARARE,33084068,5.1
1026017 ESCOLA MUNICIPAL GIUSEPPE MELCHIORI - PADRE JOSE,33140081,6.0,0,1,0,10435.81631043908,1019206 CIEP BARAO DE ITARARE,33084068,5.1
0918073 ESCOLA MUNICIPAL MINISTRO ADAUCTO LUCIO CARDOSO,33083118,6.0,0,1,0,10564.921114413291,1019206 CIEP BARAO DE ITARARE,33084068,5.1
0918005 ESCOLA MUNICIPAL LYCIO DE SOUZA CARVALHO,33083061,6.1,0,1,0,11725.575631198464,1019206 CIEP BARAO DE ITARARE,33084068,5.1
