nome_escola,cod_inep,ideb,pessimo_pra_bom_bin,ruim_pra_bom_bin,melhora_com_final_bom_bin,distancia,escola_risco,cod_inep_risco,ideb_2017_risco
1019043 ESCOLA MUNICIPAL PROFESSORA FLAVIA DOS SANTOS SOARES,33084971,6.7,0,1,0,1943.246358866103,1019064 ESCOLA MUNICIPAL ALVARO VALLE,33146110,5.3
1019020 ESCOLA MUNICIPAL PROFESSORA MARIA SANTIAGO,33085013,6.9,0,1,1,2048.95704938539,1019064 ESCOLA MUNICIPAL ALVARO VALLE,33146110,5.3
1019010 ESCOLA MUNICIPAL JOSE DE MELLO,33084785,6.3,0,1,0,2266.673280288622,1019064 ESCOLA MUNICIPAL ALVARO VALLE,33146110,5.3
1019205 CIEP ROBERTO MORENA,33084149,6.1,1,0,1,3000.396935645425,1019064 ESCOLA MUNICIPAL ALVARO VALLE,33146110,5.3
1019033 ESCOLA MUNICIPAL ESPANHA,33084653,6.2,0,1,1,3756.842874541331,1019064 ESCOLA MUNICIPAL ALVARO VALLE,33146110,5.3
1019032 ESCOLA MUNICIPAL MIGUEL CALMON,33084866,6.1,0,1,0,4127.942994964066,1019064 ESCOLA MUNICIPAL ALVARO VALLE,33146110,5.3
1019046 ESCOLA MUNICIPAL PROFESSORA ZULMIRA TELLES DA COSTA,33085056,6.0,1,0,1,4876.049671513526,1019064 ESCOLA MUNICIPAL ALVARO VALLE,33146110,5.3
1019003 ESCOLA MUNICIPAL PROFESSOR ARTHUR THIRE,33084564,6.1,0,1,0,4974.8821072510855,1019064 ESCOLA MUNICIPAL ALVARO VALLE,33146110,5.3
1019004 ESCOLA MUNICIPAL PROFESSOR JOAO GUALBERTO JORGE DO AMARAL,33084980,6.1,0,1,0,5295.237304057574,1019064 ESCOLA MUNICIPAL ALVARO VALLE,33146110,5.3
1019039 ESCOLA MUNICIPAL PROFESSORA LEILA MEHL MENEZES DE MATTOS,33084998,6.2,0,1,0,6940.791323521296,1019064 ESCOLA MUNICIPAL ALVARO VALLE,33146110,5.3
0918073 ESCOLA MUNICIPAL MINISTRO ADAUCTO LUCIO CARDOSO,33083118,6.0,0,1,0,7589.812880653737,1019064 ESCOLA MUNICIPAL ALVARO VALLE,33146110,5.3
1026007 ESCOLA MUNICIPAL PROFESSORA LEOCADIA TORRES,33083320,6.2,1,0,1,8335.412089775122,1019064 ESCOLA MUNICIPAL ALVARO VALLE,33146110,5.3
1026017 ESCOLA MUNICIPAL GIUSEPPE MELCHIORI - PADRE JOSE,33140081,6.0,0,1,0,8539.82027598041,1019064 ESCOLA MUNICIPAL ALVARO VALLE,33146110,5.3
0918005 ESCOLA MUNICIPAL LYCIO DE SOUZA CARVALHO,33083061,6.1,0,1,0,8787.621619745874,1019064 ESCOLA MUNICIPAL ALVARO VALLE,33146110,5.3
0918004 ESCOLA MUNICIPAL ATENAS,33082634,6.1,0,1,1,9034.615049601867,1019064 ESCOLA MUNICIPAL ALVARO VALLE,33146110,5.3
