nome_escola,cod_inep,ideb,pessimo_pra_bom_bin,ruim_pra_bom_bin,melhora_com_final_bom_bin,distancia,escola_risco,cod_inep_risco,ideb_2017_risco
1019004 ESCOLA MUNICIPAL PROFESSOR JOAO GUALBERTO JORGE DO AMARAL,33084980,6.1,0,1,0,297.4791497743476,1019503 CIEP DOUTOR NELSON HUNGRIA,33084084,4.9
1019032 ESCOLA MUNICIPAL MIGUEL CALMON,33084866,6.1,0,1,0,1016.8148042517092,1019503 CIEP DOUTOR NELSON HUNGRIA,33084084,4.9
1019033 ESCOLA MUNICIPAL ESPANHA,33084653,6.2,0,1,1,1533.2573761227695,1019503 CIEP DOUTOR NELSON HUNGRIA,33084084,4.9
1019205 CIEP ROBERTO MORENA,33084149,6.1,1,0,1,2164.044476858183,1019503 CIEP DOUTOR NELSON HUNGRIA,33084084,4.9
1019043 ESCOLA MUNICIPAL PROFESSORA FLAVIA DOS SANTOS SOARES,33084971,6.7,0,1,0,3247.797224091169,1019503 CIEP DOUTOR NELSON HUNGRIA,33084084,4.9
1019003 ESCOLA MUNICIPAL PROFESSOR ARTHUR THIRE,33084564,6.1,0,1,0,3916.9579591632573,1019503 CIEP DOUTOR NELSON HUNGRIA,33084084,4.9
1026017 ESCOLA MUNICIPAL GIUSEPPE MELCHIORI - PADRE JOSE,33140081,6.0,0,1,0,4010.7847826089446,1019503 CIEP DOUTOR NELSON HUNGRIA,33084084,4.9
0918037 ESCOLA MUNICIPAL SANTA ISABEL,33083428,6.1,0,1,0,4653.145284796379,1019503 CIEP DOUTOR NELSON HUNGRIA,33084084,4.9
0918004 ESCOLA MUNICIPAL ATENAS,33082634,6.1,0,1,1,4823.685882732675,1019503 CIEP DOUTOR NELSON HUNGRIA,33084084,4.9
0918005 ESCOLA MUNICIPAL LYCIO DE SOUZA CARVALHO,33083061,6.1,0,1,0,4936.086024296779,1019503 CIEP DOUTOR NELSON HUNGRIA,33084084,4.9
0918039 ESCOLA MUNICIPAL SAO CAMILO DE LELIS,33083410,6.0,0,1,0,4998.094428983907,1019503 CIEP DOUTOR NELSON HUNGRIA,33084084,4.9
0918065 ESCOLA MUNICIPAL FERNANDO COSTA,33082901,6.1,0,1,0,5186.297429634633,1019503 CIEP DOUTOR NELSON HUNGRIA,33084084,4.9
0918073 ESCOLA MUNICIPAL MINISTRO ADAUCTO LUCIO CARDOSO,33083118,6.0,0,1,0,5262.239077365745,1019503 CIEP DOUTOR NELSON HUNGRIA,33084084,4.9
1019020 ESCOLA MUNICIPAL PROFESSORA MARIA SANTIAGO,33085013,6.9,0,1,1,5352.976391124583,1019503 CIEP DOUTOR NELSON HUNGRIA,33084084,4.9
0918030 ESCOLA MUNICIPAL RAYMUNDO CORREA,33083355,6.7,0,1,1,5762.302025920801,1019503 CIEP DOUTOR NELSON HUNGRIA,33084084,4.9
