nome_escola,cod_inep,ideb,pessimo_pra_bom_bin,ruim_pra_bom_bin,melhora_com_final_bom_bin,distancia,escola_risco,cod_inep_risco,ideb_2017_risco
1026015 ESCOLA MUNICIPAL NESTOR VICTOR,33083150,6.0,0,1,0,5464.423538592894,1019207 CIEP DEPUTADO ULYSSES GUIMARAES,33084076,5.3
1019020 ESCOLA MUNICIPAL PROFESSORA MARIA SANTIAGO,33085013,6.9,0,1,1,5685.051017912954,1019207 CIEP DEPUTADO ULYSSES GUIMARAES,33084076,5.3
1026007 ESCOLA MUNICIPAL PROFESSORA LEOCADIA TORRES,33083320,6.2,1,0,1,6137.46263631041,1019207 CIEP DEPUTADO ULYSSES GUIMARAES,33084076,5.3
1019003 ESCOLA MUNICIPAL PROFESSOR ARTHUR THIRE,33084564,6.1,0,1,0,6163.2825287161195,1019207 CIEP DEPUTADO ULYSSES GUIMARAES,33084076,5.3
1019010 ESCOLA MUNICIPAL JOSE DE MELLO,33084785,6.3,0,1,0,6273.055396981148,1019207 CIEP DEPUTADO ULYSSES GUIMARAES,33084076,5.3
1019205 CIEP ROBERTO MORENA,33084149,6.1,1,0,1,8333.673830562946,1019207 CIEP DEPUTADO ULYSSES GUIMARAES,33084076,5.3
1019043 ESCOLA MUNICIPAL PROFESSORA FLAVIA DOS SANTOS SOARES,33084971,6.7,0,1,0,8571.48086536775,1019207 CIEP DEPUTADO ULYSSES GUIMARAES,33084076,5.3
1019032 ESCOLA MUNICIPAL MIGUEL CALMON,33084866,6.1,0,1,0,9069.650259699834,1019207 CIEP DEPUTADO ULYSSES GUIMARAES,33084076,5.3
1019046 ESCOLA MUNICIPAL PROFESSORA ZULMIRA TELLES DA COSTA,33085056,6.0,1,0,1,9094.063440701655,1019207 CIEP DEPUTADO ULYSSES GUIMARAES,33084076,5.3
1019033 ESCOLA MUNICIPAL ESPANHA,33084653,6.2,0,1,1,9534.423343004179,1019207 CIEP DEPUTADO ULYSSES GUIMARAES,33084076,5.3
1019004 ESCOLA MUNICIPAL PROFESSOR JOAO GUALBERTO JORGE DO AMARAL,33084980,6.1,0,1,0,10153.151358791929,1019207 CIEP DEPUTADO ULYSSES GUIMARAES,33084076,5.3
1026017 ESCOLA MUNICIPAL GIUSEPPE MELCHIORI - PADRE JOSE,33140081,6.0,0,1,0,10534.271471828022,1019207 CIEP DEPUTADO ULYSSES GUIMARAES,33084076,5.3
0918030 ESCOLA MUNICIPAL RAYMUNDO CORREA,33083355,6.7,0,1,1,14134.537459986697,1019207 CIEP DEPUTADO ULYSSES GUIMARAES,33084076,5.3
0918037 ESCOLA MUNICIPAL SANTA ISABEL,33083428,6.1,0,1,0,14251.182512652576,1019207 CIEP DEPUTADO ULYSSES GUIMARAES,33084076,5.3
1019039 ESCOLA MUNICIPAL PROFESSORA LEILA MEHL MENEZES DE MATTOS,33084998,6.2,0,1,0,14251.499677178597,1019207 CIEP DEPUTADO ULYSSES GUIMARAES,33084076,5.3
