nome_escola,cod_inep,ideb,pessimo_pra_bom_bin,ruim_pra_bom_bin,melhora_com_final_bom_bin,distancia,escola_risco,cod_inep_risco,ideb_2017_risco
1019020 ESCOLA MUNICIPAL PROFESSORA MARIA SANTIAGO,33085013,6.9,0,1,1,2944.1994516942773,1019024 ESCOLA MUNICIPAL JULIO CESARIO DE MELO,33084793,4.8
1019010 ESCOLA MUNICIPAL JOSE DE MELLO,33084785,6.3,0,1,0,3800.7601885696813,1019024 ESCOLA MUNICIPAL JULIO CESARIO DE MELO,33084793,4.8
1019003 ESCOLA MUNICIPAL PROFESSOR ARTHUR THIRE,33084564,6.1,0,1,0,4255.58872945115,1019024 ESCOLA MUNICIPAL JULIO CESARIO DE MELO,33084793,4.8
1026007 ESCOLA MUNICIPAL PROFESSORA LEOCADIA TORRES,33083320,6.2,1,0,1,5748.51541841074,1019024 ESCOLA MUNICIPAL JULIO CESARIO DE MELO,33084793,4.8
1019205 CIEP ROBERTO MORENA,33084149,6.1,1,0,1,5758.453757878278,1019024 ESCOLA MUNICIPAL JULIO CESARIO DE MELO,33084793,4.8
1019043 ESCOLA MUNICIPAL PROFESSORA FLAVIA DOS SANTOS SOARES,33084971,6.7,0,1,0,5865.425204071384,1019024 ESCOLA MUNICIPAL JULIO CESARIO DE MELO,33084793,4.8
1026015 ESCOLA MUNICIPAL NESTOR VICTOR,33083150,6.0,0,1,0,6274.290815425898,1019024 ESCOLA MUNICIPAL JULIO CESARIO DE MELO,33084793,4.8
1019032 ESCOLA MUNICIPAL MIGUEL CALMON,33084866,6.1,0,1,0,6616.6525006920165,1019024 ESCOLA MUNICIPAL JULIO CESARIO DE MELO,33084793,4.8
1019033 ESCOLA MUNICIPAL ESPANHA,33084653,6.2,0,1,1,6966.574906098981,1019024 ESCOLA MUNICIPAL JULIO CESARIO DE MELO,33084793,4.8
1019046 ESCOLA MUNICIPAL PROFESSORA ZULMIRA TELLES DA COSTA,33085056,6.0,1,0,1,7099.651790481691,1019024 ESCOLA MUNICIPAL JULIO CESARIO DE MELO,33084793,4.8
1019004 ESCOLA MUNICIPAL PROFESSOR JOAO GUALBERTO JORGE DO AMARAL,33084980,6.1,0,1,0,7786.313294079374,1019024 ESCOLA MUNICIPAL JULIO CESARIO DE MELO,33084793,4.8
1026017 ESCOLA MUNICIPAL GIUSEPPE MELCHIORI - PADRE JOSE,33140081,6.0,0,1,0,8960.816285095283,1019024 ESCOLA MUNICIPAL JULIO CESARIO DE MELO,33084793,4.8
1019039 ESCOLA MUNICIPAL PROFESSORA LEILA MEHL MENEZES DE MATTOS,33084998,6.2,0,1,0,11537.785078487646,1019024 ESCOLA MUNICIPAL JULIO CESARIO DE MELO,33084793,4.8
0918073 ESCOLA MUNICIPAL MINISTRO ADAUCTO LUCIO CARDOSO,33083118,6.0,0,1,0,11808.75033110258,1019024 ESCOLA MUNICIPAL JULIO CESARIO DE MELO,33084793,4.8
0918037 ESCOLA MUNICIPAL SANTA ISABEL,33083428,6.1,0,1,0,12064.79359201025,1019024 ESCOLA MUNICIPAL JULIO CESARIO DE MELO,33084793,4.8
