nome_escola,cod_inep,ideb,pessimo_pra_bom_bin,ruim_pra_bom_bin,melhora_com_final_bom_bin,distancia,escola_risco,cod_inep_risco,ideb_2017_risco
1019043 ESCOLA MUNICIPAL PROFESSORA FLAVIA DOS SANTOS SOARES,33084971,6.7,0,1,0,1286.9606556502704,1019017 ESCOLA MUNICIPAL OTELO DE SOUZA REIS,33084890,4.8
1019020 ESCOLA MUNICIPAL PROFESSORA MARIA SANTIAGO,33085013,6.9,0,1,1,1730.458423882011,1019017 ESCOLA MUNICIPAL OTELO DE SOUZA REIS,33084890,4.8
1019205 CIEP ROBERTO MORENA,33084149,6.1,1,0,1,1845.152524736178,1019017 ESCOLA MUNICIPAL OTELO DE SOUZA REIS,33084890,4.8
1019033 ESCOLA MUNICIPAL ESPANHA,33084653,6.2,0,1,1,2834.6891596062924,1019017 ESCOLA MUNICIPAL OTELO DE SOUZA REIS,33084890,4.8
1019032 ESCOLA MUNICIPAL MIGUEL CALMON,33084866,6.1,0,1,0,2995.0862896989106,1019017 ESCOLA MUNICIPAL OTELO DE SOUZA REIS,33084890,4.8
1019010 ESCOLA MUNICIPAL JOSE DE MELLO,33084785,6.3,0,1,0,3078.205041977576,1019017 ESCOLA MUNICIPAL OTELO DE SOUZA REIS,33084890,4.8
1019003 ESCOLA MUNICIPAL PROFESSOR ARTHUR THIRE,33084564,6.1,0,1,0,3744.9084889583005,1019017 ESCOLA MUNICIPAL OTELO DE SOUZA REIS,33084890,4.8
1019004 ESCOLA MUNICIPAL PROFESSOR JOAO GUALBERTO JORGE DO AMARAL,33084980,6.1,0,1,0,4225.043431080459,1019017 ESCOLA MUNICIPAL OTELO DE SOUZA REIS,33084890,4.8
1019046 ESCOLA MUNICIPAL PROFESSORA ZULMIRA TELLES DA COSTA,33085056,6.0,1,0,1,6130.058151992061,1019017 ESCOLA MUNICIPAL OTELO DE SOUZA REIS,33084890,4.8
1019039 ESCOLA MUNICIPAL PROFESSORA LEILA MEHL MENEZES DE MATTOS,33084998,6.2,0,1,0,6933.074825817205,1019017 ESCOLA MUNICIPAL OTELO DE SOUZA REIS,33084890,4.8
1026007 ESCOLA MUNICIPAL PROFESSORA LEOCADIA TORRES,33083320,6.2,1,0,1,7179.972162215715,1019017 ESCOLA MUNICIPAL OTELO DE SOUZA REIS,33084890,4.8
1026017 ESCOLA MUNICIPAL GIUSEPPE MELCHIORI - PADRE JOSE,33140081,6.0,0,1,0,7253.879162926607,1019017 ESCOLA MUNICIPAL OTELO DE SOUZA REIS,33084890,4.8
0918073 ESCOLA MUNICIPAL MINISTRO ADAUCTO LUCIO CARDOSO,33083118,6.0,0,1,0,7293.676560054548,1019017 ESCOLA MUNICIPAL OTELO DE SOUZA REIS,33084890,4.8
0918005 ESCOLA MUNICIPAL LYCIO DE SOUZA CARVALHO,33083061,6.1,0,1,0,8143.869986891376,1019017 ESCOLA MUNICIPAL OTELO DE SOUZA REIS,33084890,4.8
0918004 ESCOLA MUNICIPAL ATENAS,33082634,6.1,0,1,1,8295.786143916714,1019017 ESCOLA MUNICIPAL OTELO DE SOUZA REIS,33084890,4.8
