nome_escola,cod_inep,ideb,pessimo_pra_bom_bin,ruim_pra_bom_bin,melhora_com_final_bom_bin,distancia,escola_risco,cod_inep_risco,ideb_2017_risco
1019010 ESCOLA MUNICIPAL JOSE DE MELLO,33084785,6.3,0,1,0,935.1639657465538,1019001 ESCOLA MUNICIPAL PROFESSOR COQUEIRO,33084947,4.8
1019020 ESCOLA MUNICIPAL PROFESSORA MARIA SANTIAGO,33085013,6.9,0,1,1,1497.3099374888398,1019001 ESCOLA MUNICIPAL PROFESSOR COQUEIRO,33084947,4.8
1019043 ESCOLA MUNICIPAL PROFESSORA FLAVIA DOS SANTOS SOARES,33084971,6.7,0,1,0,3205.0416175604664,1019001 ESCOLA MUNICIPAL PROFESSOR COQUEIRO,33084947,4.8
1019205 CIEP ROBERTO MORENA,33084149,6.1,1,0,1,3989.7974848029603,1019001 ESCOLA MUNICIPAL PROFESSOR COQUEIRO,33084947,4.8
1019046 ESCOLA MUNICIPAL PROFESSORA ZULMIRA TELLES DA COSTA,33085056,6.0,1,0,1,4276.033704499429,1019001 ESCOLA MUNICIPAL PROFESSOR COQUEIRO,33084947,4.8
1019033 ESCOLA MUNICIPAL ESPANHA,33084653,6.2,0,1,1,4942.481797000878,1019001 ESCOLA MUNICIPAL PROFESSOR COQUEIRO,33084947,4.8
1019003 ESCOLA MUNICIPAL PROFESSOR ARTHUR THIRE,33084564,6.1,0,1,0,5091.1517981596435,1019001 ESCOLA MUNICIPAL PROFESSOR COQUEIRO,33084947,4.8
1019032 ESCOLA MUNICIPAL MIGUEL CALMON,33084866,6.1,0,1,0,5138.516548538581,1019001 ESCOLA MUNICIPAL PROFESSOR COQUEIRO,33084947,4.8
1019004 ESCOLA MUNICIPAL PROFESSOR JOAO GUALBERTO JORGE DO AMARAL,33084980,6.1,0,1,0,6371.089988495917,1019001 ESCOLA MUNICIPAL PROFESSOR COQUEIRO,33084947,4.8
1026007 ESCOLA MUNICIPAL PROFESSORA LEOCADIA TORRES,33083320,6.2,1,0,1,8161.492916266372,1019001 ESCOLA MUNICIPAL PROFESSOR COQUEIRO,33084947,4.8
1019039 ESCOLA MUNICIPAL PROFESSORA LEILA MEHL MENEZES DE MATTOS,33084998,6.2,0,1,0,8340.84469496658,1019001 ESCOLA MUNICIPAL PROFESSOR COQUEIRO,33084947,4.8
0918073 ESCOLA MUNICIPAL MINISTRO ADAUCTO LUCIO CARDOSO,33083118,6.0,0,1,0,8999.188525466197,1019001 ESCOLA MUNICIPAL PROFESSOR COQUEIRO,33084947,4.8
1026017 ESCOLA MUNICIPAL GIUSEPPE MELCHIORI - PADRE JOSE,33140081,6.0,0,1,0,9208.063154915051,1019001 ESCOLA MUNICIPAL PROFESSOR COQUEIRO,33084947,4.8
1026015 ESCOLA MUNICIPAL NESTOR VICTOR,33083150,6.0,0,1,0,9541.56014152383,1019001 ESCOLA MUNICIPAL PROFESSOR COQUEIRO,33084947,4.8
0918005 ESCOLA MUNICIPAL LYCIO DE SOUZA CARVALHO,33083061,6.1,0,1,0,10131.7187628491,1019001 ESCOLA MUNICIPAL PROFESSOR COQUEIRO,33084947,4.8
