nome_escola,cod_inep,ideb,pessimo_pra_bom_bin,ruim_pra_bom_bin,melhora_com_final_bom_bin,distancia,escola_risco,cod_inep_risco,ideb_2017_risco
1019205 CIEP ROBERTO MORENA,33084149,6.1,1,0,1,1158.4339352861496,1019018 ESCOLA MUNICIPAL HAYDEA VIANNA FIUZA DE CASTRO,33084734,4.8
1019043 ESCOLA MUNICIPAL PROFESSORA FLAVIA DOS SANTOS SOARES,33084971,6.7,0,1,0,1945.3514773033892,1019018 ESCOLA MUNICIPAL HAYDEA VIANNA FIUZA DE CASTRO,33084734,4.8
1019032 ESCOLA MUNICIPAL MIGUEL CALMON,33084866,6.1,0,1,0,2003.939504869314,1019018 ESCOLA MUNICIPAL HAYDEA VIANNA FIUZA DE CASTRO,33084734,4.8
1019033 ESCOLA MUNICIPAL ESPANHA,33084653,6.2,0,1,1,2351.0440806531324,1019018 ESCOLA MUNICIPAL HAYDEA VIANNA FIUZA DE CASTRO,33084734,4.8
1019003 ESCOLA MUNICIPAL PROFESSOR ARTHUR THIRE,33084564,6.1,0,1,0,2351.3070733772743,1019018 ESCOLA MUNICIPAL HAYDEA VIANNA FIUZA DE CASTRO,33084734,4.8
1019020 ESCOLA MUNICIPAL PROFESSORA MARIA SANTIAGO,33085013,6.9,0,1,1,2427.4939025251456,1019018 ESCOLA MUNICIPAL HAYDEA VIANNA FIUZA DE CASTRO,33084734,4.8
1019004 ESCOLA MUNICIPAL PROFESSOR JOAO GUALBERTO JORGE DO AMARAL,33084980,6.1,0,1,0,3234.188283143683,1019018 ESCOLA MUNICIPAL HAYDEA VIANNA FIUZA DE CASTRO,33084734,4.8
1019010 ESCOLA MUNICIPAL JOSE DE MELLO,33084785,6.3,0,1,0,4357.195972013842,1019018 ESCOLA MUNICIPAL HAYDEA VIANNA FIUZA DE CASTRO,33084734,4.8
1026017 ESCOLA MUNICIPAL GIUSEPPE MELCHIORI - PADRE JOSE,33140081,6.0,0,1,0,5740.669496827175,1019018 ESCOLA MUNICIPAL HAYDEA VIANNA FIUZA DE CASTRO,33084734,4.8
1026007 ESCOLA MUNICIPAL PROFESSORA LEOCADIA TORRES,33083320,6.2,1,0,1,5846.50047738784,1019018 ESCOLA MUNICIPAL HAYDEA VIANNA FIUZA DE CASTRO,33084734,4.8
1019039 ESCOLA MUNICIPAL PROFESSORA LEILA MEHL MENEZES DE MATTOS,33084998,6.2,0,1,0,7295.698056987581,1019018 ESCOLA MUNICIPAL HAYDEA VIANNA FIUZA DE CASTRO,33084734,4.8
0918073 ESCOLA MUNICIPAL MINISTRO ADAUCTO LUCIO CARDOSO,33083118,6.0,0,1,0,7296.168315074362,1019018 ESCOLA MUNICIPAL HAYDEA VIANNA FIUZA DE CASTRO,33084734,4.8
0918037 ESCOLA MUNICIPAL SANTA ISABEL,33083428,6.1,0,1,0,7615.043264353741,1019018 ESCOLA MUNICIPAL HAYDEA VIANNA FIUZA DE CASTRO,33084734,4.8
1019046 ESCOLA MUNICIPAL PROFESSORA ZULMIRA TELLES DA COSTA,33085056,6.0,1,0,1,7647.75763978423,1019018 ESCOLA MUNICIPAL HAYDEA VIANNA FIUZA DE CASTRO,33084734,4.8
0918005 ESCOLA MUNICIPAL LYCIO DE SOUZA CARVALHO,33083061,6.1,0,1,0,7654.196860452614,1019018 ESCOLA MUNICIPAL HAYDEA VIANNA FIUZA DE CASTRO,33084734,4.8
