nome_escola,cod_inep,ideb,pessimo_pra_bom_bin,ruim_pra_bom_bin,melhora_com_final_bom_bin,distancia,escola_risco,cod_inep_risco,ideb_2017_risco
1026017 ESCOLA MUNICIPAL GIUSEPPE MELCHIORI - PADRE JOSE,33140081,6.0,0,1,0,91.05838752952991,1026006 ESCOLA MUNICIPAL EUCLIDES DA CUNHA,33082863,4.5
0918030 ESCOLA MUNICIPAL RAYMUNDO CORREA,33083355,6.7,0,1,1,3667.737066859958,1026006 ESCOLA MUNICIPAL EUCLIDES DA CUNHA,33082863,4.5
1019004 ESCOLA MUNICIPAL PROFESSOR JOAO GUALBERTO JORGE DO AMARAL,33084980,6.1,0,1,0,4140.150085373093,1026006 ESCOLA MUNICIPAL EUCLIDES DA CUNHA,33082863,4.5
0918039 ESCOLA MUNICIPAL SAO CAMILO DE LELIS,33083410,6.0,0,1,0,4526.926658567083,1026006 ESCOLA MUNICIPAL EUCLIDES DA CUNHA,33082863,4.5
1019032 ESCOLA MUNICIPAL MIGUEL CALMON,33084866,6.1,0,1,0,4768.263335554576,1026006 ESCOLA MUNICIPAL EUCLIDES DA CUNHA,33082863,4.5
1019003 ESCOLA MUNICIPAL PROFESSOR ARTHUR THIRE,33084564,6.1,0,1,0,4780.3716796787785,1026006 ESCOLA MUNICIPAL EUCLIDES DA CUNHA,33082863,4.5
0918025 ESCOLA MUNICIPAL MIGUEL DE LARREINAGA,33083100,6.7,0,1,0,4935.097737330623,1026006 ESCOLA MUNICIPAL EUCLIDES DA CUNHA,33082863,4.5
0918037 ESCOLA MUNICIPAL SANTA ISABEL,33083428,6.1,0,1,0,4942.758628451224,1026006 ESCOLA MUNICIPAL EUCLIDES DA CUNHA,33082863,4.5
1026007 ESCOLA MUNICIPAL PROFESSORA LEOCADIA TORRES,33083320,6.2,1,0,1,5224.1597321158815,1026006 ESCOLA MUNICIPAL EUCLIDES DA CUNHA,33082863,4.5
0918029 ESCOLA MUNICIPAL PRESIDENTE ARTHUR BERNARDES,33083185,6.5,0,1,0,5378.225025197082,1026006 ESCOLA MUNICIPAL EUCLIDES DA CUNHA,33082863,4.5
1019033 ESCOLA MUNICIPAL ESPANHA,33084653,6.2,0,1,1,5579.342149761076,1026006 ESCOLA MUNICIPAL EUCLIDES DA CUNHA,33082863,4.5
1019205 CIEP ROBERTO MORENA,33084149,6.1,1,0,1,5716.597619338572,1026006 ESCOLA MUNICIPAL EUCLIDES DA CUNHA,33082863,4.5
0918505 CIEP ANITA MALFATTI,33081778,6.1,0,1,0,5743.569230172682,1026006 ESCOLA MUNICIPAL EUCLIDES DA CUNHA,33082863,4.5
0918004 ESCOLA MUNICIPAL ATENAS,33082634,6.1,0,1,1,6376.155113670791,1026006 ESCOLA MUNICIPAL EUCLIDES DA CUNHA,33082863,4.5
0918005 ESCOLA MUNICIPAL LYCIO DE SOUZA CARVALHO,33083061,6.1,0,1,0,6925.483654622008,1026006 ESCOLA MUNICIPAL EUCLIDES DA CUNHA,33082863,4.5
