nome_escola,cod_inep,ideb,pessimo_pra_bom_bin,ruim_pra_bom_bin,melhora_com_final_bom_bin,distancia,escola_risco,cod_inep_risco,ideb_2017_risco
1026007 ESCOLA MUNICIPAL PROFESSORA LEOCADIA TORRES,33083320,6.2,1,0,1,5333.8401797198985,1026003 ESCOLA MUNICIPAL PROFESSOR CASTILHO,33083215,5.3
1026017 ESCOLA MUNICIPAL GIUSEPPE MELCHIORI - PADRE JOSE,33140081,6.0,0,1,0,5628.1895127472835,1026003 ESCOLA MUNICIPAL PROFESSOR CASTILHO,33083215,5.3
1026004 ESCOLA MUNICIPAL LEONCIO CORREIA,33083045,6.0,0,1,0,5807.602955453685,1026003 ESCOLA MUNICIPAL PROFESSOR CASTILHO,33083215,5.3
1026015 ESCOLA MUNICIPAL NESTOR VICTOR,33083150,6.0,0,1,0,6208.1715535003705,1026003 ESCOLA MUNICIPAL PROFESSOR CASTILHO,33083215,5.3
1026014 ESCOLA MUNICIPAL EUCLIDES ROXO,33082871,6.8,0,1,1,6259.539413053414,1026003 ESCOLA MUNICIPAL PROFESSOR CASTILHO,33083215,5.3
0918030 ESCOLA MUNICIPAL RAYMUNDO CORREA,33083355,6.7,0,1,1,7751.32276264096,1026003 ESCOLA MUNICIPAL PROFESSOR CASTILHO,33083215,5.3
1019003 ESCOLA MUNICIPAL PROFESSOR ARTHUR THIRE,33084564,6.1,0,1,0,7919.621562081504,1026003 ESCOLA MUNICIPAL PROFESSOR CASTILHO,33083215,5.3
1026011 ESCOLA MUNICIPAL FLORIPES ANGLADAS LUCAS,33082910,6.3,1,0,1,8300.774139313367,1026003 ESCOLA MUNICIPAL PROFESSOR CASTILHO,33083215,5.3
0918025 ESCOLA MUNICIPAL MIGUEL DE LARREINAGA,33083100,6.7,0,1,0,8838.110989867979,1026003 ESCOLA MUNICIPAL PROFESSOR CASTILHO,33083215,5.3
0918505 CIEP ANITA MALFATTI,33081778,6.1,0,1,0,9032.521015031536,1026003 ESCOLA MUNICIPAL PROFESSOR CASTILHO,33083215,5.3
0918029 ESCOLA MUNICIPAL PRESIDENTE ARTHUR BERNARDES,33083185,6.5,0,1,0,9362.572734692601,1026003 ESCOLA MUNICIPAL PROFESSOR CASTILHO,33083215,5.3
1026013 ESCOLA MUNICIPAL ANA NERI,33082618,6.4,0,1,1,9368.73847382753,1026003 ESCOLA MUNICIPAL PROFESSOR CASTILHO,33083215,5.3
0918039 ESCOLA MUNICIPAL SAO CAMILO DE LELIS,33083410,6.0,0,1,0,9410.065738591056,1026003 ESCOLA MUNICIPAL PROFESSOR CASTILHO,33083215,5.3
1019004 ESCOLA MUNICIPAL PROFESSOR JOAO GUALBERTO JORGE DO AMARAL,33084980,6.1,0,1,0,9474.595756732166,1026003 ESCOLA MUNICIPAL PROFESSOR CASTILHO,33083215,5.3
1019032 ESCOLA MUNICIPAL MIGUEL CALMON,33084866,6.1,0,1,0,9744.565100329834,1026003 ESCOLA MUNICIPAL PROFESSOR CASTILHO,33083215,5.3
