nome_escola,cod_inep,ideb,pessimo_pra_bom_bin,ruim_pra_bom_bin,melhora_com_final_bom_bin,distancia,escola_risco,cod_inep_risco,ideb_2017_risco
1026017 ESCOLA MUNICIPAL GIUSEPPE MELCHIORI - PADRE JOSE,33140081,6.0,0,1,0,3558.979092644444,1026002 ESCOLA MUNICIPAL MONTEIRO LOBATO,33083134,5.4
1026004 ESCOLA MUNICIPAL LEONCIO CORREIA,33083045,6.0,0,1,0,4381.0106473131455,1026002 ESCOLA MUNICIPAL MONTEIRO LOBATO,33083134,5.4
0918030 ESCOLA MUNICIPAL RAYMUNDO CORREA,33083355,6.7,0,1,1,5061.029922289287,1026002 ESCOLA MUNICIPAL MONTEIRO LOBATO,33083134,5.4
1026007 ESCOLA MUNICIPAL PROFESSORA LEOCADIA TORRES,33083320,6.2,1,0,1,5848.481569923775,1026002 ESCOLA MUNICIPAL MONTEIRO LOBATO,33083134,5.4
0918025 ESCOLA MUNICIPAL MIGUEL DE LARREINAGA,33083100,6.7,0,1,0,6139.2616614586805,1026002 ESCOLA MUNICIPAL MONTEIRO LOBATO,33083134,5.4
0918505 CIEP ANITA MALFATTI,33081778,6.1,0,1,0,6370.74243979557,1026002 ESCOLA MUNICIPAL MONTEIRO LOBATO,33083134,5.4
0918029 ESCOLA MUNICIPAL PRESIDENTE ARTHUR BERNARDES,33083185,6.5,0,1,0,6663.758259493089,1026002 ESCOLA MUNICIPAL MONTEIRO LOBATO,33083134,5.4
0918039 ESCOLA MUNICIPAL SAO CAMILO DE LELIS,33083410,6.0,0,1,0,6777.469830273921,1026002 ESCOLA MUNICIPAL MONTEIRO LOBATO,33083134,5.4
1026014 ESCOLA MUNICIPAL EUCLIDES ROXO,33082871,6.8,0,1,1,7248.215237684844,1026002 ESCOLA MUNICIPAL MONTEIRO LOBATO,33083134,5.4
1019003 ESCOLA MUNICIPAL PROFESSOR ARTHUR THIRE,33084564,6.1,0,1,0,7258.659601139806,1026002 ESCOLA MUNICIPAL MONTEIRO LOBATO,33083134,5.4
0918037 ESCOLA MUNICIPAL SANTA ISABEL,33083428,6.1,0,1,0,7484.977845412893,1026002 ESCOLA MUNICIPAL MONTEIRO LOBATO,33083134,5.4
1019004 ESCOLA MUNICIPAL PROFESSOR JOAO GUALBERTO JORGE DO AMARAL,33084980,6.1,0,1,0,7607.728944211227,1026002 ESCOLA MUNICIPAL MONTEIRO LOBATO,33083134,5.4
1026015 ESCOLA MUNICIPAL NESTOR VICTOR,33083150,6.0,0,1,0,7620.599684850477,1026002 ESCOLA MUNICIPAL MONTEIRO LOBATO,33083134,5.4
1019032 ESCOLA MUNICIPAL MIGUEL CALMON,33084866,6.1,0,1,0,8160.148667885822,1026002 ESCOLA MUNICIPAL MONTEIRO LOBATO,33083134,5.4
0918038 ESCOLA MUNICIPAL PUGILISTA VIRGULINO ISAIAS DE OLIVEIRA,33083339,6.0,0,1,0,8417.922878355443,1026002 ESCOLA MUNICIPAL MONTEIRO LOBATO,33083134,5.4
