nome_escola,cod_inep,ideb,pessimo_pra_bom_bin,ruim_pra_bom_bin,melhora_com_final_bom_bin,distancia,escola_risco,cod_inep_risco,ideb_2017_risco
0918030 ESCOLA MUNICIPAL RAYMUNDO CORREA,33083355,6.7,0,1,1,2555.688266306247,1026001 ESCOLA MUNICIPAL JONATAS SERRANO,33083029,5.0
1026017 ESCOLA MUNICIPAL GIUSEPPE MELCHIORI - PADRE JOSE,33140081,6.0,0,1,0,2918.384682971131,1026001 ESCOLA MUNICIPAL JONATAS SERRANO,33083029,5.0
0918025 ESCOLA MUNICIPAL MIGUEL DE LARREINAGA,33083100,6.7,0,1,0,3590.944972238713,1026001 ESCOLA MUNICIPAL JONATAS SERRANO,33083029,5.0
0918505 CIEP ANITA MALFATTI,33081778,6.1,0,1,0,3882.8458324282797,1026001 ESCOLA MUNICIPAL JONATAS SERRANO,33083029,5.0
0918029 ESCOLA MUNICIPAL PRESIDENTE ARTHUR BERNARDES,33083185,6.5,0,1,0,4115.415011965513,1026001 ESCOLA MUNICIPAL JONATAS SERRANO,33083029,5.0
1026004 ESCOLA MUNICIPAL LEONCIO CORREIA,33083045,6.0,0,1,0,4269.097692443483,1026001 ESCOLA MUNICIPAL JONATAS SERRANO,33083029,5.0
0918039 ESCOLA MUNICIPAL SAO CAMILO DE LELIS,33083410,6.0,0,1,0,4398.921281877097,1026001 ESCOLA MUNICIPAL JONATAS SERRANO,33083029,5.0
0918037 ESCOLA MUNICIPAL SANTA ISABEL,33083428,6.1,0,1,0,5188.320667803734,1026001 ESCOLA MUNICIPAL JONATAS SERRANO,33083029,5.0
0918038 ESCOLA MUNICIPAL PUGILISTA VIRGULINO ISAIAS DE OLIVEIRA,33083339,6.0,0,1,0,5887.071639185213,1026001 ESCOLA MUNICIPAL JONATAS SERRANO,33083029,5.0
0918024 ESCOLA MUNICIPAL DOM MEINRADO,33082804,7.2,0,1,1,5987.138139641484,1026001 ESCOLA MUNICIPAL JONATAS SERRANO,33083029,5.0
0918022 ESCOLA MUNICIPAL CASTRO ALVES,33082715,6.1,0,1,0,6097.017933264821,1026001 ESCOLA MUNICIPAL JONATAS SERRANO,33083029,5.0
1019004 ESCOLA MUNICIPAL PROFESSOR JOAO GUALBERTO JORGE DO AMARAL,33084980,6.1,0,1,0,6485.410760608062,1026001 ESCOLA MUNICIPAL JONATAS SERRANO,33083029,5.0
0918040 ESCOLA MUNICIPAL PROFESSORA MARITA DE VASCONCELOS,33083096,6.1,0,1,0,6970.083476817192,1026001 ESCOLA MUNICIPAL JONATAS SERRANO,33083029,5.0
0918004 ESCOLA MUNICIPAL ATENAS,33082634,6.1,0,1,1,7002.08341856115,1026001 ESCOLA MUNICIPAL JONATAS SERRANO,33083029,5.0
1026007 ESCOLA MUNICIPAL PROFESSORA LEOCADIA TORRES,33083320,6.2,1,0,1,7334.882107318302,1026001 ESCOLA MUNICIPAL JONATAS SERRANO,33083029,5.0
