nome_escola,cod_inep,ideb,pessimo_pra_bom_bin,ruim_pra_bom_bin,melhora_com_final_bom_bin,distancia,escola_risco,cod_inep_risco,ideb_2017_risco
1026007 ESCOLA MUNICIPAL PROFESSORA LEOCADIA TORRES,33083320,6.2,1,0,1,1119.108799266527,1026018 ESCOLA MUNICIPAL EMMA DAVILA DE CAMILLIS,33140111,5.4
1026015 ESCOLA MUNICIPAL NESTOR VICTOR,33083150,6.0,0,1,0,1889.0950346874138,1026018 ESCOLA MUNICIPAL EMMA DAVILA DE CAMILLIS,33140111,5.4
1019003 ESCOLA MUNICIPAL PROFESSOR ARTHUR THIRE,33084564,6.1,0,1,0,4613.523421489315,1026018 ESCOLA MUNICIPAL EMMA DAVILA DE CAMILLIS,33140111,5.4
1026017 ESCOLA MUNICIPAL GIUSEPPE MELCHIORI - PADRE JOSE,33140081,6.0,0,1,0,5879.045900591096,1026018 ESCOLA MUNICIPAL EMMA DAVILA DE CAMILLIS,33140111,5.4
1019032 ESCOLA MUNICIPAL MIGUEL CALMON,33084866,6.1,0,1,0,7671.982665910884,1026018 ESCOLA MUNICIPAL EMMA DAVILA DE CAMILLIS,33140111,5.4
1019020 ESCOLA MUNICIPAL PROFESSORA MARIA SANTIAGO,33085013,6.9,0,1,1,7702.052139037326,1026018 ESCOLA MUNICIPAL EMMA DAVILA DE CAMILLIS,33140111,5.4
1019205 CIEP ROBERTO MORENA,33084149,6.1,1,0,1,7797.77188434398,1026018 ESCOLA MUNICIPAL EMMA DAVILA DE CAMILLIS,33140111,5.4
1019004 ESCOLA MUNICIPAL PROFESSOR JOAO GUALBERTO JORGE DO AMARAL,33084980,6.1,0,1,0,8048.034139297164,1026018 ESCOLA MUNICIPAL EMMA DAVILA DE CAMILLIS,33140111,5.4
1019033 ESCOLA MUNICIPAL ESPANHA,33084653,6.2,0,1,1,8561.758626978395,1026018 ESCOLA MUNICIPAL EMMA DAVILA DE CAMILLIS,33140111,5.4
1019043 ESCOLA MUNICIPAL PROFESSORA FLAVIA DOS SANTOS SOARES,33084971,6.7,0,1,0,8904.18757404607,1026018 ESCOLA MUNICIPAL EMMA DAVILA DE CAMILLIS,33140111,5.4
0918030 ESCOLA MUNICIPAL RAYMUNDO CORREA,33083355,6.7,0,1,1,9425.052207418355,1026018 ESCOLA MUNICIPAL EMMA DAVILA DE CAMILLIS,33140111,5.4
1019010 ESCOLA MUNICIPAL JOSE DE MELLO,33084785,6.3,0,1,0,9633.422255147081,1026018 ESCOLA MUNICIPAL EMMA DAVILA DE CAMILLIS,33140111,5.4
1026004 ESCOLA MUNICIPAL LEONCIO CORREIA,33083045,6.0,0,1,0,10098.762714232702,1026018 ESCOLA MUNICIPAL EMMA DAVILA DE CAMILLIS,33140111,5.4
0918039 ESCOLA MUNICIPAL SAO CAMILO DE LELIS,33083410,6.0,0,1,0,10365.033110758513,1026018 ESCOLA MUNICIPAL EMMA DAVILA DE CAMILLIS,33140111,5.4
0918037 ESCOLA MUNICIPAL SANTA ISABEL,33083428,6.1,0,1,0,10683.834717446101,1026018 ESCOLA MUNICIPAL EMMA DAVILA DE CAMILLIS,33140111,5.4
