nome_escola,cod_inep,ideb,pessimo_pra_bom_bin,ruim_pra_bom_bin,melhora_com_final_bom_bin,distancia,escola_risco,cod_inep_risco,ideb_2017_risco
1026017 ESCOLA MUNICIPAL GIUSEPPE MELCHIORI - PADRE JOSE,33140081,6.0,0,1,0,744.7091986879063,1026009 ESCOLA MUNICIPAL PADRE JOSE MAURICIO,33083169,5.3
0918030 ESCOLA MUNICIPAL RAYMUNDO CORREA,33083355,6.7,0,1,1,2939.4648494086664,1026009 ESCOLA MUNICIPAL PADRE JOSE MAURICIO,33083169,5.3
0918039 ESCOLA MUNICIPAL SAO CAMILO DE LELIS,33083410,6.0,0,1,0,3802.2370463403927,1026009 ESCOLA MUNICIPAL PADRE JOSE MAURICIO,33083169,5.3
1019004 ESCOLA MUNICIPAL PROFESSOR JOAO GUALBERTO JORGE DO AMARAL,33084980,6.1,0,1,0,4072.840436071293,1026009 ESCOLA MUNICIPAL PADRE JOSE MAURICIO,33083169,5.3
0918025 ESCOLA MUNICIPAL MIGUEL DE LARREINAGA,33083100,6.7,0,1,0,4200.153481963922,1026009 ESCOLA MUNICIPAL PADRE JOSE MAURICIO,33083169,5.3
0918037 ESCOLA MUNICIPAL SANTA ISABEL,33083428,6.1,0,1,0,4262.16834656377,1026009 ESCOLA MUNICIPAL PADRE JOSE MAURICIO,33083169,5.3
0918029 ESCOLA MUNICIPAL PRESIDENTE ARTHUR BERNARDES,33083185,6.5,0,1,0,4636.210140277962,1026009 ESCOLA MUNICIPAL PADRE JOSE MAURICIO,33083169,5.3
1019032 ESCOLA MUNICIPAL MIGUEL CALMON,33084866,6.1,0,1,0,4874.300496976007,1026009 ESCOLA MUNICIPAL PADRE JOSE MAURICIO,33083169,5.3
0918505 CIEP ANITA MALFATTI,33081778,6.1,0,1,0,5039.714511911256,1026009 ESCOLA MUNICIPAL PADRE JOSE MAURICIO,33083169,5.3
1019003 ESCOLA MUNICIPAL PROFESSOR ARTHUR THIRE,33084564,6.1,0,1,0,5339.0054239063,1026009 ESCOLA MUNICIPAL PADRE JOSE MAURICIO,33083169,5.3
1019033 ESCOLA MUNICIPAL ESPANHA,33084653,6.2,0,1,1,5611.978296720224,1026009 ESCOLA MUNICIPAL PADRE JOSE MAURICIO,33083169,5.3
0918004 ESCOLA MUNICIPAL ATENAS,33082634,6.1,0,1,1,5776.009551376753,1026009 ESCOLA MUNICIPAL PADRE JOSE MAURICIO,33083169,5.3
1019205 CIEP ROBERTO MORENA,33084149,6.1,1,0,1,5903.543831985224,1026009 ESCOLA MUNICIPAL PADRE JOSE MAURICIO,33083169,5.3
1026007 ESCOLA MUNICIPAL PROFESSORA LEOCADIA TORRES,33083320,6.2,1,0,1,5970.714533723295,1026009 ESCOLA MUNICIPAL PADRE JOSE MAURICIO,33083169,5.3
0918005 ESCOLA MUNICIPAL LYCIO DE SOUZA CARVALHO,33083061,6.1,0,1,0,6362.512934819972,1026009 ESCOLA MUNICIPAL PADRE JOSE MAURICIO,33083169,5.3
