nome_escola,cod_inep,ideb,pessimo_pra_bom_bin,ruim_pra_bom_bin,melhora_com_final_bom_bin,distancia,escola_risco,cod_inep_risco,ideb_2017_risco
1026014 ESCOLA MUNICIPAL EUCLIDES ROXO,33082871,6.8,0,1,1,1535.9435738777645,1026005 ESCOLA MUNICIPAL NARCISA AMALIA,33083142,5.4
1026004 ESCOLA MUNICIPAL LEONCIO CORREIA,33083045,6.0,0,1,0,4337.498672738417,1026005 ESCOLA MUNICIPAL NARCISA AMALIA,33083142,5.4
1026011 ESCOLA MUNICIPAL FLORIPES ANGLADAS LUCAS,33082910,6.3,1,0,1,5629.416580247881,1026005 ESCOLA MUNICIPAL NARCISA AMALIA,33083142,5.4
1026013 ESCOLA MUNICIPAL ANA NERI,33082618,6.4,0,1,1,7825.627756005484,1026005 ESCOLA MUNICIPAL NARCISA AMALIA,33083142,5.4
0724018 ESCOLA MUNICIPAL SAO SEBASTIAO,33078343,6.1,0,1,0,9121.156591100938,1026005 ESCOLA MUNICIPAL NARCISA AMALIA,33083142,5.4
0918505 CIEP ANITA MALFATTI,33081778,6.1,0,1,0,10037.842616829721,1026005 ESCOLA MUNICIPAL NARCISA AMALIA,33083142,5.4
0918030 ESCOLA MUNICIPAL RAYMUNDO CORREA,33083355,6.7,0,1,1,10155.205148815046,1026005 ESCOLA MUNICIPAL NARCISA AMALIA,33083142,5.4
1026017 ESCOLA MUNICIPAL GIUSEPPE MELCHIORI - PADRE JOSE,33140081,6.0,0,1,0,10336.329393356884,1026005 ESCOLA MUNICIPAL NARCISA AMALIA,33083142,5.4
0918025 ESCOLA MUNICIPAL MIGUEL DE LARREINAGA,33083100,6.7,0,1,0,10583.9160364292,1026005 ESCOLA MUNICIPAL NARCISA AMALIA,33083142,5.4
0918029 ESCOLA MUNICIPAL PRESIDENTE ARTHUR BERNARDES,33083185,6.5,0,1,0,10998.875295524384,1026005 ESCOLA MUNICIPAL NARCISA AMALIA,33083142,5.4
0918022 ESCOLA MUNICIPAL CASTRO ALVES,33082715,6.1,0,1,0,10999.347882353119,1026005 ESCOLA MUNICIPAL NARCISA AMALIA,33083142,5.4
1026007 ESCOLA MUNICIPAL PROFESSORA LEOCADIA TORRES,33083320,6.2,1,0,1,11814.79372645238,1026005 ESCOLA MUNICIPAL NARCISA AMALIA,33083142,5.4
0918024 ESCOLA MUNICIPAL DOM MEINRADO,33082804,7.2,0,1,1,11928.481062323448,1026005 ESCOLA MUNICIPAL NARCISA AMALIA,33083142,5.4
0918038 ESCOLA MUNICIPAL PUGILISTA VIRGULINO ISAIAS DE OLIVEIRA,33083339,6.0,0,1,0,11969.238923498397,1026005 ESCOLA MUNICIPAL NARCISA AMALIA,33083142,5.4
0724011 ESCOLA MUNICIPAL VICE-ALMTE ALVARO ALBERTO DA MOTTA SILVA,33087962,6.1,0,1,0,11988.522452744182,1026005 ESCOLA MUNICIPAL NARCISA AMALIA,33083142,5.4
