nome_escola,cod_inep,ideb,pessimo_pra_bom_bin,ruim_pra_bom_bin,melhora_com_final_bom_bin,distancia,escola_risco,cod_inep_risco,ideb_2017_risco
1120008 ESCOLA MUNICIPAL ALVARO MOREIRA,33085935,6.2,0,1,0,1744.343580598126,1120021 ESCOLA MUNICIPAL GURGEL DO AMARAL,33086060,4.7
1120009 ESCOLA MUNICIPAL PADRE JOSE DE ANCHIETA,33086133,7.4,0,1,1,1983.8695867825877,1120021 ESCOLA MUNICIPAL GURGEL DO AMARAL,33086060,4.7
1120010 ESCOLA MUNICIPAL COSTA RICA,33086036,6.6,0,1,0,2339.8722977452003,1120021 ESCOLA MUNICIPAL GURGEL DO AMARAL,33086060,4.7
1120028 ESCOLA MUNICIPAL COMANDANTE GUILHERME FISCHER PRESSER,33086010,6.3,0,1,0,2626.2882338064833,1120021 ESCOLA MUNICIPAL GURGEL DO AMARAL,33086060,4.7
1120017 ESCOLA MUNICIPAL CAPITAO DE FRAGATA DIDIER BARBOSA VIANNA,33086001,6.0,1,0,1,2796.2127434004437,1120021 ESCOLA MUNICIPAL GURGEL DO AMARAL,33086060,4.7
1120025 ESCOLA MUNICIPAL ALBERTO DE OLIVEIRA,33085919,6.3,1,0,1,3740.228361035647,1120021 ESCOLA MUNICIPAL GURGEL DO AMARAL,33086060,4.7
1120001 ESCOLA MUNICIPAL CUBA,33086044,6.0,0,1,0,4537.360156062313,1120021 ESCOLA MUNICIPAL GURGEL DO AMARAL,33086060,4.7
0410021 ESCOLA MUNICIPAL BRASIL,33069158,6.4,0,1,0,7961.48834477204,1120021 ESCOLA MUNICIPAL GURGEL DO AMARAL,33086060,4.7
0411007 ESCOLA MUNICIPAL ARIOSTO ESPINHEIRA,33070423,6.4,0,1,0,8244.373985776192,1120021 ESCOLA MUNICIPAL GURGEL DO AMARAL,33086060,4.7
0410009 ESCOLA MUNICIPAL DILERMANDO CRUZ,33069220,6.2,0,1,0,8263.547792365347,1120021 ESCOLA MUNICIPAL GURGEL DO AMARAL,33086060,4.7
0410202 CIEP YURI GAGARIN,33068755,6.3,1,0,1,8559.518859797798,1120021 ESCOLA MUNICIPAL GURGEL DO AMARAL,33086060,4.7
0411015 ESCOLA MUNICIPAL SUICA,33070881,6.7,1,0,1,8765.402145115528,1120021 ESCOLA MUNICIPAL GURGEL DO AMARAL,33086060,4.7
0410015 ESCOLA MUNICIPAL CLOVIS BEVILAQUA,33069190,6.6,0,1,1,8850.88269004763,1120021 ESCOLA MUNICIPAL GURGEL DO AMARAL,33086060,4.7
0410004 ESCOLA MUNICIPAL PEDRO LESSA,33069379,6.2,0,1,0,9021.83426868174,1120021 ESCOLA MUNICIPAL GURGEL DO AMARAL,33086060,4.7
0411023 ESCOLA MUNICIPAL MINISTRO PLINIO CASADO,33070717,6.1,0,1,0,10543.973896546908,1120021 ESCOLA MUNICIPAL GURGEL DO AMARAL,33086060,4.7
