nome_escola,cod_inep,ideb,pessimo_pra_bom_bin,ruim_pra_bom_bin,melhora_com_final_bom_bin,distancia,escola_risco,cod_inep_risco,ideb_2017_risco
1120017 ESCOLA MUNICIPAL CAPITAO DE FRAGATA DIDIER BARBOSA VIANNA,33086001,6.0,1,0,1,749.3978699288865,1120004 ESCOLA MUNICIPAL JORNALISTA ORLANDO DANTAS,33086087,5.3
1120008 ESCOLA MUNICIPAL ALVARO MOREIRA,33085935,6.2,0,1,0,2764.28695469861,1120004 ESCOLA MUNICIPAL JORNALISTA ORLANDO DANTAS,33086087,5.3
1120010 ESCOLA MUNICIPAL COSTA RICA,33086036,6.6,0,1,0,3463.7387697760632,1120004 ESCOLA MUNICIPAL JORNALISTA ORLANDO DANTAS,33086087,5.3
1120009 ESCOLA MUNICIPAL PADRE JOSE DE ANCHIETA,33086133,7.4,0,1,1,3485.7651537466127,1120004 ESCOLA MUNICIPAL JORNALISTA ORLANDO DANTAS,33086087,5.3
1120001 ESCOLA MUNICIPAL CUBA,33086044,6.0,0,1,0,3734.2865106988925,1120004 ESCOLA MUNICIPAL JORNALISTA ORLANDO DANTAS,33086087,5.3
1120028 ESCOLA MUNICIPAL COMANDANTE GUILHERME FISCHER PRESSER,33086010,6.3,0,1,0,4872.109364858607,1120004 ESCOLA MUNICIPAL JORNALISTA ORLANDO DANTAS,33086087,5.3
1120025 ESCOLA MUNICIPAL ALBERTO DE OLIVEIRA,33085919,6.3,1,0,1,6660.883587748291,1120004 ESCOLA MUNICIPAL JORNALISTA ORLANDO DANTAS,33086087,5.3
0410021 ESCOLA MUNICIPAL BRASIL,33069158,6.4,0,1,0,10734.499894862782,1120004 ESCOLA MUNICIPAL JORNALISTA ORLANDO DANTAS,33086087,5.3
0410009 ESCOLA MUNICIPAL DILERMANDO CRUZ,33069220,6.2,0,1,0,10842.681343056607,1120004 ESCOLA MUNICIPAL JORNALISTA ORLANDO DANTAS,33086087,5.3
0411007 ESCOLA MUNICIPAL ARIOSTO ESPINHEIRA,33070423,6.4,0,1,0,11133.139099149479,1120004 ESCOLA MUNICIPAL JORNALISTA ORLANDO DANTAS,33086087,5.3
0410202 CIEP YURI GAGARIN,33068755,6.3,1,0,1,11147.540060865447,1120004 ESCOLA MUNICIPAL JORNALISTA ORLANDO DANTAS,33086087,5.3
0410004 ESCOLA MUNICIPAL PEDRO LESSA,33069379,6.2,0,1,0,11548.177317711303,1120004 ESCOLA MUNICIPAL JORNALISTA ORLANDO DANTAS,33086087,5.3
0410015 ESCOLA MUNICIPAL CLOVIS BEVILAQUA,33069190,6.6,0,1,1,11599.64946626339,1120004 ESCOLA MUNICIPAL JORNALISTA ORLANDO DANTAS,33086087,5.3
0411015 ESCOLA MUNICIPAL SUICA,33070881,6.7,1,0,1,11685.820921548091,1120004 ESCOLA MUNICIPAL JORNALISTA ORLANDO DANTAS,33086087,5.3
0107005 ESCOLA MUNICIPAL JOAO DE CAMARGO,33066299,6.5,0,1,0,13037.73423951833,1120004 ESCOLA MUNICIPAL JORNALISTA ORLANDO DANTAS,33086087,5.3
