nome_escola,cod_inep,ideb,pessimo_pra_bom_bin,ruim_pra_bom_bin,melhora_com_final_bom_bin,distancia,escola_risco,cod_inep_risco,ideb_2017_risco
1120008 ESCOLA MUNICIPAL ALVARO MOREIRA,33085935,6.2,0,1,0,1840.1007105707924,1120503 CIEP DOUTOR JOAO RAMOS DE SOUZA,33085412,4.9
1120009 ESCOLA MUNICIPAL PADRE JOSE DE ANCHIETA,33086133,7.4,0,1,1,2256.094957293617,1120503 CIEP DOUTOR JOAO RAMOS DE SOUZA,33085412,4.9
1120017 ESCOLA MUNICIPAL CAPITAO DE FRAGATA DIDIER BARBOSA VIANNA,33086001,6.0,1,0,1,2378.292784327988,1120503 CIEP DOUTOR JOAO RAMOS DE SOUZA,33085412,4.9
1120010 ESCOLA MUNICIPAL COSTA RICA,33086036,6.6,0,1,0,2545.2715111900065,1120503 CIEP DOUTOR JOAO RAMOS DE SOUZA,33085412,4.9
1120028 ESCOLA MUNICIPAL COMANDANTE GUILHERME FISCHER PRESSER,33086010,6.3,0,1,0,2772.554814069393,1120503 CIEP DOUTOR JOAO RAMOS DE SOUZA,33085412,4.9
1120025 ESCOLA MUNICIPAL ALBERTO DE OLIVEIRA,33085919,6.3,1,0,1,4279.699494231674,1120503 CIEP DOUTOR JOAO RAMOS DE SOUZA,33085412,4.9
1120001 ESCOLA MUNICIPAL CUBA,33086044,6.0,0,1,0,4459.896689746574,1120503 CIEP DOUTOR JOAO RAMOS DE SOUZA,33085412,4.9
0410021 ESCOLA MUNICIPAL BRASIL,33069158,6.4,0,1,0,8527.226600638985,1120503 CIEP DOUTOR JOAO RAMOS DE SOUZA,33085412,4.9
0411007 ESCOLA MUNICIPAL ARIOSTO ESPINHEIRA,33070423,6.4,0,1,0,8797.074414609266,1120503 CIEP DOUTOR JOAO RAMOS DE SOUZA,33085412,4.9
0410009 ESCOLA MUNICIPAL DILERMANDO CRUZ,33069220,6.2,0,1,0,8822.808924549527,1120503 CIEP DOUTOR JOAO RAMOS DE SOUZA,33085412,4.9
0410202 CIEP YURI GAGARIN,33068755,6.3,1,0,1,9119.578132081038,1120503 CIEP DOUTOR JOAO RAMOS DE SOUZA,33085412,4.9
0411015 ESCOLA MUNICIPAL SUICA,33070881,6.7,1,0,1,9301.115687980215,1120503 CIEP DOUTOR JOAO RAMOS DE SOUZA,33085412,4.9
0410015 ESCOLA MUNICIPAL CLOVIS BEVILAQUA,33069190,6.6,0,1,1,9416.86256434669,1120503 CIEP DOUTOR JOAO RAMOS DE SOUZA,33085412,4.9
0410004 ESCOLA MUNICIPAL PEDRO LESSA,33069379,6.2,0,1,0,9577.694149510822,1120503 CIEP DOUTOR JOAO RAMOS DE SOUZA,33085412,4.9
0411023 ESCOLA MUNICIPAL MINISTRO PLINIO CASADO,33070717,6.1,0,1,0,11079.307259128338,1120503 CIEP DOUTOR JOAO RAMOS DE SOUZA,33085412,4.9
