nome_escola,cod_inep,ideb,pessimo_pra_bom_bin,ruim_pra_bom_bin,melhora_com_final_bom_bin,distancia,escola_risco,cod_inep_risco,ideb_2017_risco
1120017 ESCOLA MUNICIPAL CAPITAO DE FRAGATA DIDIER BARBOSA VIANNA,33086001,6.0,1,0,1,1058.5487773389802,1120007 ESCOLA MUNICIPAL ROTARY,33086176,5.4
1120008 ESCOLA MUNICIPAL ALVARO MOREIRA,33085935,6.2,0,1,0,3209.994318590017,1120007 ESCOLA MUNICIPAL ROTARY,33086176,5.4
1120001 ESCOLA MUNICIPAL CUBA,33086044,6.0,0,1,0,3218.8924927905114,1120007 ESCOLA MUNICIPAL ROTARY,33086176,5.4
1120010 ESCOLA MUNICIPAL COSTA RICA,33086036,6.6,0,1,0,3767.580092336871,1120007 ESCOLA MUNICIPAL ROTARY,33086176,5.4
1120009 ESCOLA MUNICIPAL PADRE JOSE DE ANCHIETA,33086133,7.4,0,1,1,3912.3513897809594,1120007 ESCOLA MUNICIPAL ROTARY,33086176,5.4
1120028 ESCOLA MUNICIPAL COMANDANTE GUILHERME FISCHER PRESSER,33086010,6.3,0,1,0,5948.69733151716,1120007 ESCOLA MUNICIPAL ROTARY,33086176,5.4
1120025 ESCOLA MUNICIPAL ALBERTO DE OLIVEIRA,33085919,6.3,1,0,1,7501.26913418426,1120007 ESCOLA MUNICIPAL ROTARY,33086176,5.4
0410009 ESCOLA MUNICIPAL DILERMANDO CRUZ,33069220,6.2,0,1,0,11352.928123227326,1120007 ESCOLA MUNICIPAL ROTARY,33086176,5.4
0410021 ESCOLA MUNICIPAL BRASIL,33069158,6.4,0,1,0,11378.087347113162,1120007 ESCOLA MUNICIPAL ROTARY,33086176,5.4
0410202 CIEP YURI GAGARIN,33068755,6.3,1,0,1,11660.154882431085,1120007 ESCOLA MUNICIPAL ROTARY,33086176,5.4
0411007 ESCOLA MUNICIPAL ARIOSTO ESPINHEIRA,33070423,6.4,0,1,0,11891.334992401924,1120007 ESCOLA MUNICIPAL ROTARY,33086176,5.4
0410004 ESCOLA MUNICIPAL PEDRO LESSA,33069379,6.2,0,1,0,12019.977331673494,1120007 ESCOLA MUNICIPAL ROTARY,33086176,5.4
0410015 ESCOLA MUNICIPAL CLOVIS BEVILAQUA,33069190,6.6,0,1,1,12218.043596971696,1120007 ESCOLA MUNICIPAL ROTARY,33086176,5.4
0411015 ESCOLA MUNICIPAL SUICA,33070881,6.7,1,0,1,12505.055623628568,1120007 ESCOLA MUNICIPAL ROTARY,33086176,5.4
0107005 ESCOLA MUNICIPAL JOAO DE CAMARGO,33066299,6.5,0,1,0,13142.939640497383,1120007 ESCOLA MUNICIPAL ROTARY,33086176,5.4
