nome_escola,cod_inep,ideb,pessimo_pra_bom_bin,ruim_pra_bom_bin,melhora_com_final_bom_bin,distancia,escola_risco,cod_inep_risco,ideb_2017_risco
1120017 ESCOLA MUNICIPAL CAPITAO DE FRAGATA DIDIER BARBOSA VIANNA,33086001,6.0,1,0,1,1134.5409715901185,1120502 CIEP JOAO MANGABEIRA,33085420,4.9
1120008 ESCOLA MUNICIPAL ALVARO MOREIRA,33085935,6.2,0,1,0,2971.159480099331,1120502 CIEP JOAO MANGABEIRA,33085420,4.9
1120009 ESCOLA MUNICIPAL PADRE JOSE DE ANCHIETA,33086133,7.4,0,1,1,3682.6671660341294,1120502 CIEP JOAO MANGABEIRA,33085420,4.9
1120010 ESCOLA MUNICIPAL COSTA RICA,33086036,6.6,0,1,0,3703.666468598213,1120502 CIEP JOAO MANGABEIRA,33085420,4.9
1120001 ESCOLA MUNICIPAL CUBA,33086044,6.0,0,1,0,4136.31638165227,1120502 CIEP JOAO MANGABEIRA,33085420,4.9
1120028 ESCOLA MUNICIPAL COMANDANTE GUILHERME FISCHER PRESSER,33086010,6.3,0,1,0,4639.991434385018,1120502 CIEP JOAO MANGABEIRA,33085420,4.9
1120025 ESCOLA MUNICIPAL ALBERTO DE OLIVEIRA,33085919,6.3,1,0,1,6626.237645848737,1120502 CIEP JOAO MANGABEIRA,33085420,4.9
0410021 ESCOLA MUNICIPAL BRASIL,33069158,6.4,0,1,0,10790.922563454867,1120502 CIEP JOAO MANGABEIRA,33085420,4.9
0410009 ESCOLA MUNICIPAL DILERMANDO CRUZ,33069220,6.2,0,1,0,10957.662441850764,1120502 CIEP JOAO MANGABEIRA,33085420,4.9
0411007 ESCOLA MUNICIPAL ARIOSTO ESPINHEIRA,33070423,6.4,0,1,0,11131.3280873458,1120502 CIEP JOAO MANGABEIRA,33085420,4.9
0410202 CIEP YURI GAGARIN,33068755,6.3,1,0,1,11260.866211931647,1120502 CIEP JOAO MANGABEIRA,33085420,4.9
0411015 ESCOLA MUNICIPAL SUICA,33070881,6.7,1,0,1,11649.067487765255,1120502 CIEP JOAO MANGABEIRA,33085420,4.9
0410015 ESCOLA MUNICIPAL CLOVIS BEVILAQUA,33069190,6.6,0,1,1,11665.9415313287,1120502 CIEP JOAO MANGABEIRA,33085420,4.9
0410004 ESCOLA MUNICIPAL PEDRO LESSA,33069379,6.2,0,1,0,11677.307717397473,1120502 CIEP JOAO MANGABEIRA,33085420,4.9
0107005 ESCOLA MUNICIPAL JOAO DE CAMARGO,33066299,6.5,0,1,0,13290.966817451083,1120502 CIEP JOAO MANGABEIRA,33085420,4.9
