,escola_risco,cod_inep_risco,ideb_2017_risco,nome_escola,cod_inep,ideb,pessimo_pra_bom_bin,ruim_pra_bom_bin,melhora_com_final_bom_bin,distancia
4560,1019064 ESCOLA MUNICIPAL ALVARO VALLE,33146110,5.3,1019043 ESCOLA MUNICIPAL PROFESSORA FLAVIA DOS SANTOS SOARES,33084971,6.7,0,1,0,1943.246358866103
4141,0622204 CIEP JOAO DO RIO,33086508,5.4,0622021 ESCOLA MUNICIPAL ISAIAS ALVES,33087121,6.3,0,1,0,80.1413610687075
4405,0625035 ESCOLA MUNICIPAL PREFEITO MARCOS TAMOYO,33139792,5.1,0625021 ESCOLA MUNICIPAL OCTAVIO TARQUINIO DE SOUZA,33087270,6.0,0,1,0,1044.0295633794804
4309,0430002 ESCOLA MUNICIPAL TEOTONIO VILELA,33069450,5.2,0410001 ESCOLA MUNICIPAL EMA NEGRAO DE LIMA,33069247,6.1,0,1,0,1651.5669074676596
4158,0430501 CIEP PRESIDENTE SAMORA MACHEL,33068801,4.3,0410009 ESCOLA MUNICIPAL DILERMANDO CRUZ,33069220,6.2,0,1,0,1335.0690980899174
4158,0430502 CIEP ELIS REGINA,33068739,5.1,0410009 ESCOLA MUNICIPAL DILERMANDO CRUZ,33069220,6.2,0,1,0,1417.8974488449219
4158,0430206 CIEP HELIO SMIDT,33068747,4.8,0410009 ESCOLA MUNICIPAL DILERMANDO CRUZ,33069220,6.2,0,1,0,1306.4942032688305
4355,0410023 ESCOLA MUNICIPAL LUIZ CESAR SAYAO GARCEZ,33069301,5.3,0410015 ESCOLA MUNICIPAL CLOVIS BEVILAQUA,33069190,6.6,0,1,1,913.1838730322534
4729,1026009 ESCOLA MUNICIPAL PADRE JOSE MAURICIO,33083169,5.3,1026017 ESCOLA MUNICIPAL GIUSEPPE MELCHIORI - PADRE JOSE,33140081,6.0,0,1,0,744.7091986879063
4177,1120004 ESCOLA MUNICIPAL JORNALISTA ORLANDO DANTAS,33086087,5.3,1120017 ESCOLA MUNICIPAL CAPITAO DE FRAGATA DIDIER BARBOSA VIANNA,33086001,6.0,1,0,1,749.3978699288865
4177,1120007 ESCOLA MUNICIPAL ROTARY,33086176,5.4,1120017 ESCOLA MUNICIPAL CAPITAO DE FRAGATA DIDIER BARBOSA VIANNA,33086001,6.0,1,0,1,1058.5487773389802
4172,1120021 ESCOLA MUNICIPAL GURGEL DO AMARAL,33086060,4.7,1120008 ESCOLA MUNICIPAL ALVARO MOREIRA,33085935,6.2,0,1,0,1744.343580598126
4177,1120502 CIEP JOAO MANGABEIRA,33085420,4.9,1120017 ESCOLA MUNICIPAL CAPITAO DE FRAGATA DIDIER BARBOSA VIANNA,33086001,6.0,1,0,1,1134.5409715901185
4172,1120503 CIEP DOUTOR JOAO RAMOS DE SOUZA,33085412,4.9,1120008 ESCOLA MUNICIPAL ALVARO MOREIRA,33085935,6.2,0,1,0,1840.1007105707924
4386,0209021 ESCOLA MUNICIPAL PRESIDENTE JOAO GOULART,33068372,4.2,0209023 ESCOLA MUNICIPAL PANAMA,33068364,6.7,1,0,1,425.54955812479443
4260,0312503 CIEP CORONEL SARMENTO,33088489,5.3,0312021 ESCOLA MUNICIPAL EURICO VILLELA,33072728,6.1,1,0,1,448.41590750556804
4479,0313044 ESCOLA MUNICIPAL JOAO KOPKE,33072850,5.3,0515044 ESCOLA MUNICIPAL ESPIRITO SANTO,33076081,6.5,0,1,0,1397.2017603294005
4309,0328501 CIEP VINICIUS DE MORAES,33071357,4.8,0410001 ESCOLA MUNICIPAL EMA NEGRAO DE LIMA,33069247,6.1,0,1,0,632.5686188882454
4355,0410502 CIEP MAESTRO FRANCISCO MIGNONE,33068763,5.3,0410015 ESCOLA MUNICIPAL CLOVIS BEVILAQUA,33069190,6.6,0,1,1,1428.1092432725886
4479,0514005 ESCOLA MUNICIPAL BOLIVIA,33074356,5.0,0515044 ESCOLA MUNICIPAL ESPIRITO SANTO,33076081,6.5,0,1,0,2104.2025217675723
4686,0625006 ESCOLA MUNICIPAL ERICO VERISSIMO,33088250,4.8,0625503 CIEP GLAUBER ROCHA,33086494,6.0,0,1,0,1751.009443873954
4141,0625204 CIEP RUBENS GOMES,33088080,4.5,0622021 ESCOLA MUNICIPAL ISAIAS ALVES,33087121,6.3,0,1,0,2215.517250244997
4331,0431501 CIEP MESTRE CARTOLA AGENOR DE OLIVEIRA,33069824,5.2,0431023 ESCOLA MUNICIPAL PRESIDENTE GRONCHI,33070776,6.2,0,1,0,2443.1691042507564
4355,0411502 CIEP DEPUTADO CARLOS BRANDAO MONTEIRO,33069816,3.9,0410015 ESCOLA MUNICIPAL CLOVIS BEVILAQUA,33069190,6.6,0,1,1,2028.8404296423553
4342,0625205 CIEP ANTONIO CANDEIA FILHO,33088071,4.5,0514026 ESCOLA MUNICIPAL FRANCISCO SERTORIO PORTINHO,33074429,6.0,0,1,0,1909.6888107852988
4191,0313003 ESCOLA MUNICIPAL PARETO,33073090,5.3,0107501 ESCOLA MUNICIPAL EDMUNDO BITTENCOURT,33066248,6.3,0,1,1,2196.7899499719056
4260,0312501 CIEP PATRICE LUMUMBA,33071330,5.1,0312021 ESCOLA MUNICIPAL EURICO VILLELA,33072728,6.1,1,0,1,587.4443012480707
4560,1019502 CIEP MAESTRO HEITOR VILLA LOBOS,33084106,5.2,1019043 ESCOLA MUNICIPAL PROFESSORA FLAVIA DOS SANTOS SOARES,33084971,6.7,0,1,0,906.7981939425389
4435,1019206 CIEP BARAO DE ITARARE,33084068,5.1,1019010 ESCOLA MUNICIPAL JOSE DE MELLO,33084785,6.3,0,1,0,738.5786269695136
4297,1019503 CIEP DOUTOR NELSON HUNGRIA,33084084,4.9,1019004 ESCOLA MUNICIPAL PROFESSOR JOAO GUALBERTO JORGE DO AMARAL,33084980,6.1,0,1,0,297.4791497743476
4560,1019210 CIEP ALBERTO PASQUALINI,33084041,5.4,1019043 ESCOLA MUNICIPAL PROFESSORA FLAVIA DOS SANTOS SOARES,33084971,6.7,0,1,0,351.4577525129663
4686,0625502 CIEP ZUMBI DOS PALMARES,33100365,5.3,0625503 CIEP GLAUBER ROCHA,33086494,6.0,0,1,0,1936.1504244799744
4386,0209501 CIEP PRESIDENTE SALVADOR ALLENDE,33067686,4.9,0209023 ESCOLA MUNICIPAL PANAMA,33068364,6.7,1,0,1,1180.346281835383
4381,0209009 ESCOLA MUNICIPAL REPUBLICA ARGENTINA,33068399,4.8,0208016 ESCOLA MUNICIPAL LEITAO DA CUNHA,33068321,6.6,0,1,0,975.4260335345441
4193,0101004 ESCOLA MUNICIPAL BENJAMIN CONSTANT,33062420,5.1,0208002 ESCOLA MUNICIPAL REVERENDO MARTIN LUTHER KING,33063192,6.2,0,1,1,1561.2358961822083
4309,0312001 ESCOLA MUNICIPAL OSWALDO CRUZ,33069352,5.3,0410001 ESCOLA MUNICIPAL EMA NEGRAO DE LIMA,33069247,6.1,0,1,0,472.68390511420074
4309,0312011 ESCOLA MUNICIPAL PERNAMBUCO,33073112,4.9,0410001 ESCOLA MUNICIPAL EMA NEGRAO DE LIMA,33069247,6.1,0,1,0,1175.3667087230833
4507,0313011 ESCOLA MUNICIPAL JOSE EDUARDO DE MACEDO SOARES,33072876,4.8,0313022 ESCOLA MUNICIPAL PROFESSOR AUGUSTO PAULINO FILHO,33073155,6.2,1,0,1,794.2367770462159
4507,0313013 ESCOLA MUNICIPAL MINISTRO GAMA FILHO,33073031,4.5,0313022 ESCOLA MUNICIPAL PROFESSOR AUGUSTO PAULINO FILHO,33073155,6.2,1,0,1,1542.089561396627
4273,0411004 ESCOLA MUNICIPAL LEONOR COELHO PEREIRA,33070660,5.4,0411023 ESCOLA MUNICIPAL MINISTRO PLINIO CASADO,33070717,6.1,0,1,0,1788.4028504351961
4425,0411006 ESCOLA MUNICIPAL CONDE DE AGROLONGO,33070512,5.1,0411015 ESCOLA MUNICIPAL SUICA,33070881,6.7,1,0,1,1059.0882903675554
4273,0411011 ESCOLA MUNICIPAL PROFESSOR AUGUSTO MOTTA,33070792,5.2,0411023 ESCOLA MUNICIPAL MINISTRO PLINIO CASADO,33070717,6.1,0,1,0,610.5566884013798
4273,0411012 ESCOLA MUNICIPAL JOAO MARQUES DOS REIS,33070636,5.3,0411023 ESCOLA MUNICIPAL MINISTRO PLINIO CASADO,33070717,6.1,0,1,0,782.0390987911798
4425,0411017 ESCOLA MUNICIPAL MINISTRO AFRANIO COSTA,33070709,5.3,0411015 ESCOLA MUNICIPAL SUICA,33070881,6.7,1,0,1,437.3858780710038
4273,0431011 ESCOLA MUNICIPAL RAUL PEDERNEIRAS,33070822,5.2,0411023 ESCOLA MUNICIPAL MINISTRO PLINIO CASADO,33070717,6.1,0,1,0,1874.908411239713
4331,0431019 ESCOLA MUNICIPAL JORGE DE GOUVEA,33070644,4.5,0431023 ESCOLA MUNICIPAL PRESIDENTE GRONCHI,33070776,6.2,0,1,0,2029.937808274128
4371,0514019 ESCOLA MUNICIPAL ROSA BETTIATO ZATTERA,33074720,5.0,0515061 ESCOLA MUNICIPAL ASPIRANTE CARLOS ALFREDO,33075999,6.5,0,1,1,1901.7041158840811
4435,1019001 ESCOLA MUNICIPAL PROFESSOR COQUEIRO,33084947,4.8,1019010 ESCOLA MUNICIPAL JOSE DE MELLO,33084785,6.3,0,1,0,935.1639657465538
4560,1019072 ESCOLA MUNICIPAL MARIA DE JESUS OLIVEIRA,33083991,5.1,1019043 ESCOLA MUNICIPAL PROFESSORA FLAVIA DOS SANTOS SOARES,33084971,6.7,0,1,0,2358.3408016565627
4309,0410026 ESCOLA MUNICIPAL PROFESSORA MARIA DE CERQUEIRA E SILVA,33069395,4.6,0410001 ESCOLA MUNICIPAL EMA NEGRAO DE LIMA,33069247,6.1,0,1,0,539.6652757641826
4193,0103502 ESCOLA MUNICIPAL CANADA,33063109,5.2,0208002 ESCOLA MUNICIPAL REVERENDO MARTIN LUTHER KING,33063192,6.2,0,1,1,935.9242669445402
4323,0103003 ESCOLA MUNICIPAL MEM DE SA,33063176,4.6,0103004 ESCOLA MUNICIPAL PEREIRA PASSOS,33063184,6.3,1,0,1,469.14222078678796
4273,0411001 ESCOLA MUNICIPAL MONSENHOR ROCHA,33070725,5.2,0411023 ESCOLA MUNICIPAL MINISTRO PLINIO CASADO,33070717,6.1,0,1,0,1837.3667840043743
4479,0514004 ESCOLA MUNICIPAL SERGIPE,33074747,5.3,0515044 ESCOLA MUNICIPAL ESPIRITO SANTO,33076081,6.5,0,1,0,2158.3125717503954
4435,1019044 ESCOLA MUNICIPAL SOCRATES GALVEAS,33085110,5.3,1019010 ESCOLA MUNICIPAL JOSE DE MELLO,33084785,6.3,0,1,0,750.1758276046799
4309,0410002 ESCOLA MUNICIPAL ALBINO SOUZA CRUZ,33069093,4.4,0410001 ESCOLA MUNICIPAL EMA NEGRAO DE LIMA,33069247,6.1,0,1,0,103.77146827891167
4355,0410020 ESCOLA MUNICIPAL JORACY CAMARGO,33069280,4.9,0410015 ESCOLA MUNICIPAL CLOVIS BEVILAQUA,33069190,6.6,0,1,1,1685.946784046424
4260,0312024 ESCOLA MUNICIPAL DOMINGOS BEBIANO,33072671,4.7,0312021 ESCOLA MUNICIPAL EURICO VILLELA,33072728,6.1,1,0,1,540.5283871895895
4360,0312022 ESCOLA MUNICIPAL RUBENS BERARDO,33073228,4.9,0312027 ESCOLA MUNICIPAL PROFESSOR AFONSO VARZEA,33073139,6.1,0,1,0,253.61632675544328
4371,0515058 ESCOLA MUNICIPAL ASTOLFO REZENDE,33076006,5.1,0515061 ESCOLA MUNICIPAL ASPIRANTE CARLOS ALFREDO,33075999,6.5,0,1,1,1272.714599014966
4371,0515060 ESCOLA MUNICIPAL IRMA ZELIA,33076189,5.4,0515061 ESCOLA MUNICIPAL ASPIRANTE CARLOS ALFREDO,33075999,6.5,0,1,1,1693.935808773508
4381,0209014 ESCOLA MUNICIPAL GENERAL DO EXERCITO HUMBERTO DE SOUZA MELLO,33068305,4.8,0208016 ESCOLA MUNICIPAL LEITAO DA CUNHA,33068321,6.6,0,1,0,1513.919765391172
4386,0209010 ESCOLA MUNICIPAL EQUADOR,33068267,5.0,0209023 ESCOLA MUNICIPAL PANAMA,33068364,6.7,1,0,1,1240.1435155723127
4386,0313008 ESCOLA MUNICIPAL DOUTOR MARIO AUGUSTO TEIXEIRA DE FREITAS,33072680,5.2,0209023 ESCOLA MUNICIPAL PANAMA,33068364,6.7,1,0,1,1605.607232540745
4489,0625034 ESCOLA MUNICIPAL MOTORISTA PASCHOAL ANDRE,33088284,4.6,0625016 ESCOLA MUNICIPAL MESTRE VALENTIM,33087229,6.2,0,1,0,1019.7173806667221
4433,1019002 ESCOLA MUNICIPAL GENERAL GOMES CARNEIRO,33084718,5.3,1019020 ESCOLA MUNICIPAL PROFESSORA MARIA SANTIAGO,33085013,6.9,0,1,1,896.7366345615444
4433,1019024 ESCOLA MUNICIPAL JULIO CESARIO DE MELO,33084793,4.8,1019020 ESCOLA MUNICIPAL PROFESSORA MARIA SANTIAGO,33085013,6.9,0,1,1,2944.1994516942773
4435,1019014 ESCOLA MUNICIPAL CORONEL BERTHIER,33084610,5.4,1019010 ESCOLA MUNICIPAL JOSE DE MELLO,33084785,6.3,0,1,0,1733.4766663473395
4425,0411049 ESCOLA MUNICIPAL CANTOR COMPOSITOR GONZAGUINHA,33070482,5.4,0411015 ESCOLA MUNICIPAL SUICA,33070881,6.7,1,0,1,1422.389644297302
4273,0431009 ESCOLA MUNICIPAL RORAIMA,33070849,5.2,0411023 ESCOLA MUNICIPAL MINISTRO PLINIO CASADO,33070717,6.1,0,1,0,1390.6476281681107
4435,1019011 ESCOLA MUNICIPAL RONALD DE CARVALHO,33085099,5.3,1019010 ESCOLA MUNICIPAL JOSE DE MELLO,33084785,6.3,0,1,0,2028.929514467759
4560,1019017 ESCOLA MUNICIPAL OTELO DE SOUZA REIS,33084890,4.8,1019043 ESCOLA MUNICIPAL PROFESSORA FLAVIA DOS SANTOS SOARES,33084971,6.7,0,1,0,1286.9606556502704
4386,0209012 ESCOLA MUNICIPAL MARIO DE ANDRADE,33068348,4.9,0209023 ESCOLA MUNICIPAL PANAMA,33068364,6.7,1,0,1,988.2266127980209
4191,0107013 ESCOLA MUNICIPAL ALICE DO AMARAL PEIXOTO,33066205,5.3,0107501 ESCOLA MUNICIPAL EDMUNDO BITTENCOURT,33066248,6.3,0,1,1,407.45603619626195
4546,1019030 ESCOLA MUNICIPAL PROFESSORA MARIA HELENA ALVES PORTILHO,33085005,5.3,1019046 ESCOLA MUNICIPAL PROFESSORA ZULMIRA TELLES DA COSTA,33085056,6.0,1,0,1,1181.4952736429977
4371,0515010 ESCOLA MUNICIPAL PROFESSOR ALFREDO RUSSELL,33074682,5.1,0515061 ESCOLA MUNICIPAL ASPIRANTE CARLOS ALFREDO,33075999,6.5,0,1,1,2123.973351496912
4141,0515012 ESCOLA MUNICIPAL MARIO PENNA DA ROCHA,33076243,4.9,0622021 ESCOLA MUNICIPAL ISAIAS ALVES,33087121,6.3,0,1,0,973.8685651752588
4479,0515040 ESCOLA MUNICIPAL PROFESSOR SOUZA DA SILVEIRA,33076359,5.1,0515044 ESCOLA MUNICIPAL ESPIRITO SANTO,33076081,6.5,0,1,0,764.3289258679838
4489,0622024 ESCOLA MUNICIPAL MARIO PIRAGIBE,33087199,4.8,0625016 ESCOLA MUNICIPAL MESTRE VALENTIM,33087229,6.2,0,1,0,1217.63922878358
4342,0625004 ESCOLA MUNICIPAL GENERAL OSORIO,33087075,5.3,0514026 ESCOLA MUNICIPAL FRANCISCO SERTORIO PORTINHO,33074429,6.0,0,1,0,2164.2653719053897
4489,0625032 ESCOLA MUNICIPAL ALZIRO ZARUR,33086869,5.3,0625016 ESCOLA MUNICIPAL MESTRE VALENTIM,33087229,6.2,0,1,0,795.3731276273129
4489,0625033 ESCOLA MUNICIPAL ZILDA NUNES DA COSTA,33087369,4.3,0625016 ESCOLA MUNICIPAL MESTRE VALENTIM,33087229,6.2,0,1,0,1481.4518834079736
4405,0625029 ESCOLA MUNICIPAL JOSE PEDRO VARELA,33087130,4.3,0625021 ESCOLA MUNICIPAL OCTAVIO TARQUINIO DE SOUZA,33087270,6.0,0,1,0,1076.7949813051816
4686,0625027 ESCOLA MUNICIPAL ANDREA FONTES PEIXOTO,33088225,5.2,0625503 CIEP GLAUBER ROCHA,33086494,6.0,0,1,0,1697.528572046608
4729,1026006 ESCOLA MUNICIPAL EUCLIDES DA CUNHA,33082863,4.5,1026017 ESCOLA MUNICIPAL GIUSEPPE MELCHIORI - PADRE JOSE,33140081,6.0,0,1,0,91.05838752952991
4191,0107012 ESCOLA MUNICIPAL GONZAGA DA GAMA FILHO,33066272,4.8,0107501 ESCOLA MUNICIPAL EDMUNDO BITTENCOURT,33066248,6.3,0,1,1,784.5310311082555
4512,0817029 ESCOLA MUNICIPAL ANTONIO BANDEIRA,33080097,5.4,0817030 ESCOLA MUNICIPAL DIAS MARTINS,33080330,6.8,0,1,1,353.4691757877021
4568,0817128 ESCOLA MUNICIPAL AUSTREGESILO DE ATAYDE,33146098,5.1,0817127 ESCOLA MUNICIPAL AYRTON SENNA DA SILVA,33100551,7.6,0,1,1,698.9275111033555
4528,0817059 ESCOLA MUNICIPAL JOANA ANGELICA,33080577,5.2,0817058 ESCOLA MUNICIPAL GUILHERME DA SILVEIRA,33080500,6.0,0,1,0,689.5521046433764
4528,0817060 ESCOLA MUNICIPAL JOAO DAUDT DE OLIVEIRA,33080585,5.4,0817058 ESCOLA MUNICIPAL GUILHERME DA SILVEIRA,33080500,6.0,0,1,0,1321.3603745589278
4528,0817061 ESCOLA MUNICIPAL JOAQUIM EDSON DE CAMARGO,33080607,5.4,0817058 ESCOLA MUNICIPAL GUILHERME DA SILVEIRA,33080500,6.0,0,1,0,1434.9227008654693
4512,0817039 ESCOLA MUNICIPAL SAMPAIO CORREA,33081140,5.1,0817030 ESCOLA MUNICIPAL DIAS MARTINS,33080330,6.8,0,1,1,1193.8455301218617
4516,0817044 ESCOLA MUNICIPAL FERNANDO MAXIMILIANO,33080445,4.9,0817036 ESCOLA MUNICIPAL OSCAR THOMPSON,33080879,6.2,0,1,0,967.9063814705769
4568,0817078 ESCOLA MUNICIPAL EDISON CARNEIRO,33080356,5.4,0817127 ESCOLA MUNICIPAL AYRTON SENNA DA SILVA,33100551,7.6,0,1,1,779.7655010999642
4331,0431018 ESCOLA MUNICIPAL REPUBLICA DO LIBANO,33070830,4.9,0431023 ESCOLA MUNICIPAL PRESIDENTE GRONCHI,33070776,6.2,0,1,0,1412.0145387161297
4331,0431022 ESCOLA MUNICIPAL ENEYDA RABELLO DE ANDRADE,33070563,5.2,0431023 ESCOLA MUNICIPAL PRESIDENTE GRONCHI,33070776,6.2,0,1,0,1007.9828383211898
4371,0515001 ESCOLA MUNICIPAL PARA,33074640,5.4,0515061 ESCOLA MUNICIPAL ASPIRANTE CARLOS ALFREDO,33075999,6.5,0,1,1,1200.416759197133
4371,0515007 ESCOLA MUNICIPAL FRANCISCO FRIAS DE MESQUITA,33074410,5.2,0515061 ESCOLA MUNICIPAL ASPIRANTE CARLOS ALFREDO,33075999,6.5,0,1,1,1713.9563098318965
4546,1019048 ESCOLA MUNICIPAL JAPAO,33084750,5.3,1019046 ESCOLA MUNICIPAL PROFESSORA ZULMIRA TELLES DA COSTA,33085056,6.0,1,0,1,671.9324786727045
4516,0817501 CIEP GILBERTO FREIRE,33079102,4.9,0817036 ESCOLA MUNICIPAL OSCAR THOMPSON,33080879,6.2,0,1,0,1697.7995914797038
4512,0817505 CIEP MAL JULIO CAETANO HORTA BARBOSA,33079137,4.9,0817030 ESCOLA MUNICIPAL DIAS MARTINS,33080330,6.8,0,1,1,638.332786691402
4568,0817506 CIEP OLOF PALME,33079153,5.2,0817127 ESCOLA MUNICIPAL AYRTON SENNA DA SILVA,33100551,7.6,0,1,1,420.7385786181362
4590,0817507 CIEP MESTRE ANDRE,33079145,4.8,0833023 ESCOLA MUNICIPAL PINTOR LAZAR SEGALL,33080925,6.0,0,1,0,982.9348596905553
4568,0817509 CIEP MAESTRINA CHIQUINHA GONZAGA,33079110,5.3,0817127 ESCOLA MUNICIPAL AYRTON SENNA DA SILVA,33100551,7.6,0,1,1,842.093741761074
4590,0833021 ESCOLA MUNICIPAL CORONEL CORSINO DO AMARANTE,33080224,4.9,0833023 ESCOLA MUNICIPAL PINTOR LAZAR SEGALL,33080925,6.0,0,1,0,489.36380688456586
4590,0833024 ESCOLA MUNICIPAL PRESIDENTE ROOSEVELT,33080984,5.1,0833023 ESCOLA MUNICIPAL PINTOR LAZAR SEGALL,33080925,6.0,0,1,0,871.1958298846015
4600,0833032 ESCOLA MUNICIPAL STELLA GUERRA DUVAL,33081174,5.4,0833037 ESCOLA MUNICIPAL CARLOS MAUL,33080208,6.1,0,1,0,203.77111798900123
4600,0833033 ESCOLA MUNICIPAL DALVA DE OLIVEIRA,33080321,5.3,0833037 ESCOLA MUNICIPAL CARLOS MAUL,33080208,6.1,0,1,0,1606.0068450130623
4600,0833504 CIEP FRANCISCO SOLANO TRINDADE,33079196,5.1,0833037 ESCOLA MUNICIPAL CARLOS MAUL,33080208,6.1,0,1,0,969.1720402161981
4528,0817207 CIEP VILA KENNEDY,33079218,5.2,0817058 ESCOLA MUNICIPAL GUILHERME DA SILVEIRA,33080500,6.0,0,1,0,773.8597619334754
4516,0817034 ESCOLA MUNICIPAL JORGE JABOUR,33080615,4.7,0817036 ESCOLA MUNICIPAL OSCAR THOMPSON,33080879,6.2,0,1,0,873.9216333342362
4516,0817046 ESCOLA MUNICIPAL RAUL FRANCISCO RYFF,33081085,4.8,0817036 ESCOLA MUNICIPAL OSCAR THOMPSON,33080879,6.2,0,1,0,1749.9130262669603
4297,0918205 CIEP CLAUDIO MANOEL DA COSTA,33081786,5.1,1019004 ESCOLA MUNICIPAL PROFESSOR JOAO GUALBERTO JORGE DO AMARAL,33084980,6.1,0,1,0,1088.616050069664
4342,0625501 CIEP DOUTOR ADAO PEREIRA NUNES,33088063,4.9,0514026 ESCOLA MUNICIPAL FRANCISCO SERTORIO PORTINHO,33074429,6.0,0,1,0,1253.6550976723977
4342,0514501 CIEP DOM OSCAR ROMERO,33073970,5.2,0514026 ESCOLA MUNICIPAL FRANCISCO SERTORIO PORTINHO,33074429,6.0,0,1,0,741.0790933444069
4323,0103006 ESCOLA MUNICIPAL JENNY GOMES,33063150,4.4,0103004 ESCOLA MUNICIPAL PEREIRA PASSOS,33063184,6.3,1,0,1,246.89568110308625
4360,0329001 ESCOLA MUNICIPAL PROFESSOR MOURAO FILHO,33069425,5.1,0312027 ESCOLA MUNICIPAL PROFESSOR AFONSO VARZEA,33073139,6.1,0,1,0,529.5289567901038
4507,0313503 ESCOLA MUNICIPAL LINS DE VASCONCELOS,33071179,5.4,0313022 ESCOLA MUNICIPAL PROFESSOR AUGUSTO PAULINO FILHO,33073155,6.2,1,0,1,833.0129373365793
4360,0312037 ESCOLA MUNICIPAL PROFESSORA VERA SABACK SAMPAIO,33071225,5.3,0312027 ESCOLA MUNICIPAL PROFESSOR AFONSO VARZEA,33073139,6.1,0,1,0,496.08301083384265
4546,1019209 CIEP PAPA JOAO XXIII,33084130,5.1,1019046 ESCOLA MUNICIPAL PROFESSORA ZULMIRA TELLES DA COSTA,33085056,6.0,1,0,1,1131.2594508803418
4342,0514030 ESCOLA MUNICIPAL OLIMPIA DO COUTO,33074623,4.8,0514026 ESCOLA MUNICIPAL FRANCISCO SERTORIO PORTINHO,33074429,6.0,0,1,0,1121.2051666144137
4729,1026002 ESCOLA MUNICIPAL MONTEIRO LOBATO,33083134,5.4,1026017 ESCOLA MUNICIPAL GIUSEPPE MELCHIORI - PADRE JOSE,33140081,6.0,0,1,0,3558.979092644444
